ReturnID,OrderID,IsValidOrder,ReturnDate,ReturnReason,RefundAmount
1,39560,Yes,2022-03-02,Damaged,670.55
2,34846,Yes,2025-07-03,"Changed Mind",1044.94
3,42787,Yes,2022-06-02,Damaged,852.24
4,38725,Yes,2023-12-10,"Wrong Item",119.63
5,23382,Yes,2025-08-27,"Wrong Item",1799.53
6,41626,Yes,2023-01-07,"Changed Mind",337.11
7,21083,Yes,2025-07-05,Damaged,1557.79
8,6380,Yes,2024-01-23,"Wrong Item",579.44
9,43945,Yes,2024-06-12,"Late Delivery",123.34
10,16481,Yes,2025-10-17,Damaged,426.25
11,12479,Yes,2023-12-28,"Changed Mind",678.38
12,39891,Yes,2022-09-16,"Late Delivery",91.13
13,48476,Yes,2025-12-23,"Changed Mind",605.93
14,34106,Yes,2022-03-01,"Faulty Product",833.15
15,13266,Yes,2025-04-27,"Changed Mind",69.59
16,3226,Yes,2025-06-29,"Late Delivery",250.33
17,12562,Yes,2023-12-17,"Wrong Item",117.66
18,15110,Yes,2024-03-22,"Wrong Item",1308.81
19,45466,Yes,2023-11-24,"Wrong Item",908.56
20,43593,Yes,2025-06-04,"Faulty Product",501.64
21,5807,Yes,2023-08-11,"Changed Mind",1616.85
22,9963,Yes,2022-04-01,"Changed Mind",188.45
23,36587,Yes,2023-08-20,"Late Delivery",76.38
24,4764,Yes,2024-02-08,"Faulty Product",696.04
25,20486,Yes,2024-07-12,"Changed Mind",175.46
26,36847,Yes,2024-04-20,"Changed Mind",713.62
27,21255,Yes,2025-06-08,Damaged,157.28
28,30990,Yes,2024-12-07,Damaged,623.07
29,46909,Yes,2023-07-29,"Changed Mind",1169.37
30,47821,Yes,2023-05-01,"Faulty Product",462.65
31,3123,Yes,2025-12-06,"Faulty Product",1590.72
32,39090,Yes,2022-12-03,"Wrong Item",600.89
33,12538,Yes,2023-12-11,"Changed Mind",326.51
34,14132,Yes,2023-06-10,"Late Delivery",1051.56
35,39241,Yes,2023-12-15,"Late Delivery",799.15
36,44293,Yes,2022-08-08,Damaged,1249.91
37,31683,Yes,2022-12-24,Damaged,243.03
38,394,Yes,2024-12-11,Damaged,201.90
39,29767,Yes,2025-08-30,"Late Delivery",154.88
40,7559,Yes,2023-11-08,"Faulty Product",963.16
41,13721,Yes,2022-11-26,"Late Delivery",1784.40
42,23458,Yes,2022-12-05,"Late Delivery",294.86
43,15993,Yes,2022-12-22,"Changed Mind",947.91
44,10004,Yes,2024-12-21,"Changed Mind",534.64
45,35535,Yes,2022-06-13,Damaged,655.15
46,24755,Yes,2023-05-22,Damaged,722.07
47,21946,Yes,2022-07-19,"Changed Mind",837.39
48,15358,Yes,2024-01-27,"Faulty Product",599.59
49,34327,Yes,2023-01-16,"Wrong Item",994.02
50,22254,Yes,2022-12-24,"Late Delivery",891.66
51,17005,Yes,2024-12-21,Damaged,740.85
52,13140,Yes,2023-07-07,"Changed Mind",480.77
53,12650,Yes,2025-10-21,"Wrong Item",1076.14
54,28567,Yes,2022-06-21,"Late Delivery",127.00
55,27640,Yes,2022-09-08,"Late Delivery",474.94
56,667,Yes,2024-06-15,"Late Delivery",1044.15
57,44335,Yes,2024-06-19,Damaged,73.19
58,18360,Yes,2023-06-19,"Late Delivery",922.36
59,22897,Yes,2022-07-11,"Late Delivery",1231.20
60,15804,Yes,2022-11-16,"Late Delivery",632.58
61,37725,Yes,2023-08-20,"Faulty Product",79.99
62,15151,Yes,2024-08-08,"Faulty Product",192.75
63,13998,Yes,2023-11-02,"Late Delivery",160.10
64,30023,Yes,2022-09-16,"Faulty Product",323.96
65,34532,Yes,2024-12-11,"Late Delivery",293.79
66,32458,Yes,2025-11-26,"Late Delivery",707.39
67,22503,Yes,2022-12-14,Damaged,1414.56
68,14419,Yes,2024-08-19,"Faulty Product",887.06
69,25728,Yes,2022-09-09,Damaged,806.67
70,33150,Yes,2026-01-16,"Faulty Product",506.86
71,3758,Yes,2025-05-26,Damaged,249.46
72,41671,Yes,2022-09-26,"Wrong Item",1118.77
73,43185,Yes,2025-05-11,"Faulty Product",276.72
74,39762,Yes,2023-12-06,"Wrong Item",664.47
75,11794,Yes,2023-06-21,"Wrong Item",733.02
76,42848,Yes,2025-09-01,Damaged,1181.73
77,48684,Yes,2022-10-31,"Late Delivery",1680.98
78,42646,Yes,2025-07-12,"Faulty Product",1057.02
79,22668,Yes,2022-05-28,Damaged,1790.41
80,32445,Yes,2024-07-21,"Late Delivery",680.54
81,23596,Yes,2022-06-26,"Late Delivery",1302.56
82,33125,Yes,2023-12-23,"Late Delivery",859.72
83,28934,Yes,2022-11-06,"Late Delivery",503.38
84,11497,Yes,2025-05-08,"Faulty Product",1571.89
85,6359,Yes,2024-04-30,"Faulty Product",501.58
86,6614,Yes,2023-10-13,"Wrong Item",254.13
87,18606,Yes,2024-05-13,"Changed Mind",1505.68
88,24647,Yes,2023-08-09,"Faulty Product",432.57
89,37661,Yes,2022-01-31,"Changed Mind",1083.44
90,31485,Yes,2024-05-06,"Wrong Item",1295.50
91,38839,Yes,2023-01-14,"Changed Mind",835.72
92,8117,Yes,2023-04-26,"Late Delivery",831.41
93,13990,Yes,2024-06-24,"Faulty Product",899.42
94,34606,Yes,2024-07-16,"Wrong Item",742.77
95,9160,Yes,2026-01-03,Damaged,394.43
96,3093,Yes,2022-07-03,"Wrong Item",215.22
97,15165,Yes,2023-07-06,"Wrong Item",764.15
98,25901,Yes,2024-06-23,"Faulty Product",78.11
99,37168,Yes,2025-12-19,"Changed Mind",913.46
100,11663,Yes,2024-01-19,"Changed Mind",775.26
101,26452,Yes,2022-05-10,"Late Delivery",454.82
102,36072,Yes,2022-04-12,"Faulty Product",775.33
103,26098,Yes,2023-05-23,"Faulty Product",187.53
104,15311,Yes,2025-08-26,"Faulty Product",1497.39
105,30852,Yes,2024-07-31,"Faulty Product",909.07
106,39261,Yes,2022-04-27,Damaged,369.17
107,6774,Yes,2022-05-12,Damaged,184.27
108,39146,Yes,2023-08-22,"Late Delivery",989.38
109,41677,Yes,2025-02-09,"Changed Mind",708.87
110,5999,Yes,2025-10-04,"Faulty Product",580.17
111,2711,Yes,2022-07-03,Damaged,286.06
112,9090,Yes,2024-03-12,"Wrong Item",368.30
113,13469,Yes,2023-05-22,"Wrong Item",1063.47
114,48008,Yes,2022-09-07,"Wrong Item",944.53
115,40349,Yes,2025-06-13,"Faulty Product",644.70
116,29496,Yes,2024-08-30,Damaged,1549.52
117,47671,Yes,2022-12-08,"Changed Mind",1004.83
118,6885,Yes,2025-08-24,"Changed Mind",998.33
119,37828,Yes,2024-08-26,"Changed Mind",1012.41
120,511,Yes,2022-04-19,"Wrong Item",610.96
121,36050,Yes,2024-10-17,"Wrong Item",692.48
122,10517,Yes,2023-07-15,Damaged,289.15
123,44916,Yes,2022-08-03,"Wrong Item",247.83
124,26052,Yes,2022-06-17,Damaged,1236.95
125,40603,Yes,2022-11-28,"Faulty Product",281.97
126,13972,Yes,2022-09-30,Damaged,294.98
127,36987,Yes,2023-08-18,"Faulty Product",336.32
128,48922,Yes,2025-06-17,"Changed Mind",933.03
129,12276,Yes,2022-02-02,"Late Delivery",1337.71
130,6123,Yes,2025-11-25,"Late Delivery",118.73
131,25085,Yes,2023-07-13,Damaged,703.54
132,45054,Yes,2024-12-24,Damaged,694.92
133,20015,Yes,2026-01-07,"Late Delivery",431.30
134,31658,Yes,2024-07-19,"Late Delivery",285.79
135,13687,Yes,2026-01-13,"Changed Mind",612.79
136,34033,Yes,2022-11-26,"Wrong Item",128.04
137,23130,Yes,2023-11-22,"Late Delivery",421.72
138,25136,Yes,2022-05-19,"Late Delivery",225.12
139,33484,Yes,2025-12-17,"Faulty Product",228.98
140,444444,NO,2023-09-16,"Faulty Product",1044.43
141,6750,Yes,2025-06-10,"Wrong Item",544.11
142,21089,Yes,2024-08-31,"Changed Mind",897.37
143,28130,Yes,2022-04-28,"Changed Mind",1191.38
144,42268,Yes,2023-01-29,Damaged,867.73
145,31200,Yes,2022-12-15,"Wrong Item",823.57
146,27417,Yes,2022-11-25,"Changed Mind",1013.11
147,43992,Yes,2024-05-21,"Wrong Item",173.29
148,17664,Yes,2024-12-09,"Wrong Item",779.27
149,7126,Yes,2022-12-17,"Late Delivery",712.42
150,24029,Yes,2022-08-10,"Late Delivery",551.73
151,38843,Yes,2023-05-31,"Late Delivery",676.93
152,38377,Yes,2022-12-06,Damaged,570.03
153,28082,Yes,2025-12-30,"Changed Mind",144.36
154,14792,Yes,2022-10-19,"Late Delivery",525.47
155,36011,Yes,2023-08-06,"Late Delivery",451.76
156,7814,Yes,2023-07-04,"Late Delivery",469.51
157,36590,Yes,2022-09-26,"Faulty Product",9.32
158,732,Yes,2026-01-21,"Changed Mind",1323.74
159,29570,Yes,2024-09-12,"Wrong Item",912.05
160,49275,Yes,2022-08-15,Damaged,217.55
161,13635,Yes,2023-08-23,Damaged,557.79
162,39919,Yes,2022-12-13,"Changed Mind",470.78
163,36895,Yes,2025-11-10,"Faulty Product",79.73
164,36996,Yes,2022-06-04,"Wrong Item",337.73
165,26475,Yes,2023-09-12,"Wrong Item",304.62
166,2600,Yes,2024-03-28,"Late Delivery",629.40
167,35782,Yes,2022-04-07,"Changed Mind",1306.45
168,27789,Yes,2024-10-27,Damaged,251.65
169,3268,Yes,2024-06-09,"Late Delivery",68.74
170,11355,Yes,2025-12-14,"Wrong Item",759.41
171,30471,Yes,2025-06-03,"Changed Mind",97.50
172,39225,Yes,2022-06-11,"Wrong Item",214.08
173,44588,Yes,2025-10-17,"Changed Mind",1733.19
174,27106,Yes,2022-06-12,Damaged,904.76
175,17727,Yes,2023-07-19,"Wrong Item",848.47
176,18957,Yes,2023-07-15,"Faulty Product",159.79
177,21215,Yes,2022-11-04,"Changed Mind",652.16
178,8355,Yes,2022-01-26,"Wrong Item",1159.69
179,21372,Yes,2025-12-21,"Changed Mind",1141.10
180,27174,Yes,2025-03-17,"Late Delivery",1226.54
181,2439,Yes,2023-09-17,"Late Delivery",772.51
182,46170,Yes,2026-01-03,Damaged,922.08
183,39954,Yes,2024-08-13,"Changed Mind",1226.58
184,49664,Yes,2024-08-31,"Wrong Item",106.99
185,4940,Yes,2023-04-03,"Changed Mind",197.15
186,21426,Yes,2022-04-17,"Faulty Product",962.55
187,4627,Yes,2023-04-07,Damaged,885.73
188,37522,Yes,2025-10-24,Damaged,79.42
189,40389,Yes,2022-02-22,"Late Delivery",874.29
190,38779,Yes,2022-08-19,Damaged,694.12
191,18064,Yes,2022-12-12,"Faulty Product",711.60
192,35650,Yes,2022-05-29,"Wrong Item",620.58
193,11596,Yes,2022-12-05,"Changed Mind",766.87
194,29104,Yes,2022-06-03,"Changed Mind",432.13
195,34764,Yes,2022-08-02,Damaged,566.56
196,38732,Yes,2023-06-25,"Faulty Product",895.52
197,26367,Yes,2023-04-02,"Changed Mind",709.93
198,24457,Yes,2023-08-30,Damaged,271.57
199,26042,Yes,2025-09-04,"Faulty Product",1532.63
200,10957,Yes,2024-05-29,Damaged,542.76
201,35539,Yes,2024-08-06,"Changed Mind",1100.81
202,10038,Yes,2024-08-18,"Faulty Product",689.41
203,33041,Yes,2024-03-22,"Late Delivery",649.93
204,3660,Yes,2025-11-19,"Faulty Product",847.29
205,41378,Yes,2023-12-07,Damaged,410.63
206,39816,Yes,2022-12-21,Damaged,418.06
207,4992,Yes,2025-01-31,"Changed Mind",1305.44
208,30763,Yes,2025-05-19,"Changed Mind",248.00
209,14209,Yes,2025-01-30,"Late Delivery",563.42
210,28442,Yes,2023-08-31,"Changed Mind",414.64
211,16900,Yes,2022-12-10,"Wrong Item",822.51
212,25268,Yes,2025-05-14,Damaged,324.24
213,41660,Yes,2025-05-25,"Late Delivery",210.09
214,20028,Yes,2024-11-09,Damaged,966.90
215,20610,Yes,2025-10-01,"Wrong Item",317.32
216,49640,Yes,2024-07-24,Damaged,695.25
217,41991,Yes,2024-09-21,"Changed Mind",378.38
218,40808,Yes,2024-12-02,"Late Delivery",32.66
219,15684,Yes,2023-12-16,"Changed Mind",1294.09
220,49470,Yes,2024-03-14,"Faulty Product",521.66
221,20916,Yes,2022-08-16,"Wrong Item",722.37
222,15497,Yes,2024-05-05,"Faulty Product",369.44
223,43425,Yes,2024-11-20,Damaged,294.79
224,41082,Yes,2023-11-26,Damaged,837.38
225,12821,Yes,2022-02-28,"Changed Mind",163.45
226,40964,Yes,2025-04-18,"Late Delivery",1024.01
227,11671,Yes,2024-10-26,Damaged,1075.20
228,21418,Yes,2025-04-25,"Wrong Item",554.27
229,16021,Yes,2025-07-25,"Late Delivery",443.64
230,45179,Yes,2025-06-05,"Changed Mind",379.34
231,23892,Yes,2022-05-08,"Changed Mind",837.23
232,11337,Yes,2022-03-17,"Changed Mind",641.91
233,29087,Yes,2022-07-30,"Wrong Item",1169.39
234,37707,Yes,2025-06-01,"Wrong Item",572.82
235,47768,Yes,2024-08-08,"Wrong Item",1252.53
236,17330,Yes,2022-08-18,"Changed Mind",238.49
237,39289,Yes,2024-01-28,"Wrong Item",417.86
238,43692,Yes,2025-04-17,"Late Delivery",538.89
239,37972,Yes,2025-11-30,"Faulty Product",605.41
240,32936,Yes,2025-12-09,"Late Delivery",1000.99
241,8897,Yes,2022-04-25,Damaged,282.11
242,49403,Yes,2022-11-13,Damaged,1326.16
243,10194,Yes,2025-06-26,Damaged,435.49
244,33100,Yes,2022-03-10,"Faulty Product",1211.14
245,41516,Yes,2022-04-28,"Changed Mind",569.86
246,42048,Yes,2023-07-02,"Faulty Product",68.39
247,14915,Yes,2022-07-02,Damaged,855.47
248,46830,Yes,2025-03-02,Damaged,271.49
249,23570,Yes,2024-12-15,"Late Delivery",924.59
250,36198,Yes,2022-08-20,"Wrong Item",680.03
251,15834,Yes,2022-06-01,"Late Delivery",377.39
252,22761,Yes,2022-12-30,"Late Delivery",1169.44
253,27175,Yes,2025-10-31,"Changed Mind",231.27
254,34400,Yes,2023-10-02,Damaged,356.29
255,33756,Yes,2023-09-17,"Changed Mind",560.18
256,38215,Yes,2023-09-28,Damaged,573.24
257,14877,Yes,2025-12-08,Damaged,216.03
258,28337,Yes,2025-09-10,"Faulty Product",634.37
259,32746,Yes,2023-01-23,"Wrong Item",802.34
260,32308,Yes,2023-07-09,"Wrong Item",997.77
261,24727,Yes,2025-06-17,"Late Delivery",988.65
262,24775,Yes,2022-03-27,"Faulty Product",446.28
263,7255,Yes,2023-02-20,"Changed Mind",1035.78
264,22608,Yes,2022-01-07,"Wrong Item",612.85
265,14857,Yes,2025-10-31,Damaged,939.10
266,38646,Yes,2025-11-30,"Wrong Item",651.69
267,2181,Yes,2022-07-30,"Faulty Product",276.16
268,16484,Yes,2023-02-19,"Changed Mind",935.32
269,9765,Yes,2024-07-24,"Faulty Product",955.68
270,21419,Yes,2024-04-21,"Late Delivery",729.35
271,7220,Yes,2024-06-22,Damaged,857.12
272,10048,Yes,2025-12-25,"Wrong Item",423.52
273,40028,Yes,2025-01-08,"Wrong Item",677.18
274,43074,Yes,2023-11-04,"Faulty Product",740.08
275,34911,Yes,2025-07-01,Damaged,421.70
276,374,Yes,2022-01-23,"Changed Mind",367.27
277,31838,Yes,2022-06-02,"Late Delivery",431.92
278,30878,Yes,2024-12-22,"Wrong Item",205.51
279,4966,Yes,2025-03-23,Damaged,1351.15
280,21416,Yes,2022-01-13,"Faulty Product",1179.30
281,29235,Yes,2022-07-21,"Changed Mind",443.55
282,6470,Yes,2023-07-07,"Late Delivery",1412.94
283,34250,Yes,2022-05-24,"Wrong Item",632.87
284,42850,Yes,2022-08-04,Damaged,1361.23
285,17473,Yes,2022-05-13,"Changed Mind",392.40
286,19644,Yes,2025-10-05,"Faulty Product",62.99
287,33203,Yes,2022-12-29,"Wrong Item",780.89
288,35696,Yes,2022-07-18,"Faulty Product",851.99
289,46080,Yes,2022-07-22,"Late Delivery",1207.50
290,29346,Yes,2024-12-09,"Faulty Product",751.50
291,444444,NO,2024-07-09,"Wrong Item",1510.02
292,8788,Yes,2024-12-11,"Faulty Product",838.98
293,24471,Yes,2024-08-16,"Late Delivery",761.85
294,1457,Yes,2024-10-22,"Wrong Item",196.03
295,31319,Yes,2022-12-28,Damaged,163.96
296,34789,Yes,2024-11-30,"Wrong Item",61.57
297,17290,Yes,2025-05-13,Damaged,1144.80
298,23454,Yes,2025-04-30,"Wrong Item",1396.89
299,29713,Yes,2024-04-11,"Changed Mind",117.23
300,5279,Yes,2022-02-17,Damaged,744.28
301,30268,Yes,2024-12-22,Damaged,557.71
302,38633,Yes,2024-02-26,"Late Delivery",460.65
303,7899,Yes,2025-11-07,"Wrong Item",1258.35
304,345,Yes,2022-07-28,Damaged,290.17
305,13962,Yes,2023-08-12,"Faulty Product",1107.13
306,39657,Yes,2024-06-18,"Late Delivery",188.32
307,23733,Yes,2023-01-20,"Wrong Item",334.11
308,24541,Yes,2023-03-04,Damaged,522.29
309,17942,Yes,2025-07-23,"Wrong Item",400.14
310,62,Yes,2024-11-04,"Late Delivery",167.41
311,9920,Yes,2023-05-02,"Faulty Product",633.75
312,29284,Yes,2022-09-12,Damaged,1294.82
313,32414,Yes,2022-11-14,"Faulty Product",1193.97
314,48179,Yes,2026-01-10,"Wrong Item",199.02
315,27781,Yes,2022-05-03,"Faulty Product",574.35
316,17116,Yes,2024-07-09,"Late Delivery",373.62
317,6659,Yes,2025-12-07,"Late Delivery",70.54
318,39189,Yes,2022-06-06,"Wrong Item",1168.84
319,4923,Yes,2022-12-21,"Wrong Item",219.01
320,11349,Yes,2025-06-11,Damaged,1707.22
321,18005,Yes,2022-10-29,Damaged,1277.97
322,43906,Yes,2024-03-27,"Wrong Item",400.01
323,34421,Yes,2025-06-28,"Late Delivery",32.20
324,14029,Yes,2022-08-25,"Faulty Product",1426.03
325,1857,Yes,2022-07-14,"Wrong Item",447.91
326,36086,Yes,2023-01-24,"Late Delivery",79.43
327,32803,Yes,2022-08-16,"Wrong Item",66.36
328,48635,Yes,2024-12-11,"Wrong Item",615.13
329,37742,Yes,2025-07-07,Damaged,217.95
330,1004,Yes,2025-06-09,Damaged,813.70
331,31653,Yes,2022-08-27,"Late Delivery",9.48
332,17572,Yes,2023-08-06,"Faulty Product",974.80
333,3357,Yes,2025-12-19,"Faulty Product",431.76
334,36874,Yes,2023-09-04,Damaged,229.96
335,17541,Yes,2022-05-05,"Faulty Product",1205.36
336,23668,Yes,2022-06-19,"Wrong Item",304.56
337,48337,Yes,2023-06-03,"Late Delivery",361.13
338,34827,Yes,2024-07-02,"Late Delivery",976.26
339,25388,Yes,2025-10-19,Damaged,929.10
340,4979,Yes,2023-01-19,"Wrong Item",90.47
341,13710,Yes,2023-04-03,"Late Delivery",684.44
342,44711,Yes,2022-08-12,"Wrong Item",920.31
343,29672,Yes,2023-07-27,"Wrong Item",181.05
344,48013,Yes,2024-11-07,"Changed Mind",822.15
345,22346,Yes,2023-07-21,"Late Delivery",663.27
346,39722,Yes,2024-10-31,Damaged,1375.60
347,9018,Yes,2025-03-05,Damaged,50.89
348,37992,Yes,2025-07-27,Damaged,251.56
349,12928,Yes,2024-09-20,Damaged,990.11
350,10843,Yes,2024-03-12,Damaged,115.64
351,23075,Yes,2024-12-24,"Late Delivery",553.29
352,44244,Yes,2022-11-15,"Changed Mind",645.73
353,47064,Yes,2025-08-30,"Wrong Item",1153.26
354,70,Yes,2023-12-15,"Wrong Item",719.20
355,41494,Yes,2025-03-30,"Faulty Product",201.76
356,4500,Yes,2025-09-14,"Late Delivery",1300.63
357,25313,Yes,2024-10-11,"Changed Mind",76.84
358,9038,Yes,2025-01-13,Damaged,46.74
359,45216,Yes,2022-09-26,"Changed Mind",1032.67
360,34949,Yes,2023-12-30,Damaged,199.95
361,3479,Yes,2025-10-04,"Late Delivery",137.57
362,32774,Yes,2025-11-09,"Faulty Product",426.59
363,44500,Yes,2023-12-06,"Wrong Item",560.57
364,42358,Yes,2022-11-29,Damaged,664.93
365,16424,Yes,2024-12-29,"Late Delivery",722.13
366,30413,Yes,2023-03-15,"Faulty Product",596.77
367,24440,Yes,2023-12-26,"Wrong Item",211.16
368,16571,Yes,2023-07-21,"Faulty Product",216.56
369,17953,Yes,2026-01-06,"Changed Mind",764.40
370,39239,Yes,2022-06-29,"Changed Mind",627.19
371,38273,Yes,2023-07-05,"Wrong Item",1275.35
372,7884,Yes,2025-07-27,Damaged,743.17
373,42563,Yes,2022-08-22,"Changed Mind",35.00
374,48760,Yes,2023-10-07,"Changed Mind",559.76
375,26886,Yes,2023-08-18,"Wrong Item",1178.39
376,6660,Yes,2024-12-14,"Faulty Product",379.75
377,35302,Yes,2022-03-31,"Wrong Item",725.69
378,32913,Yes,2024-05-24,"Changed Mind",261.61
379,23994,Yes,2024-06-23,"Wrong Item",571.99
380,44808,Yes,2024-11-12,"Wrong Item",340.67
381,36298,Yes,2022-07-11,"Faulty Product",1246.54
382,45899,Yes,2024-10-16,"Faulty Product",560.45
383,15238,Yes,2024-12-10,"Late Delivery",456.38
384,28129,Yes,2022-07-21,Damaged,411.46
385,39648,Yes,2024-12-10,"Late Delivery",476.01
386,27241,Yes,2025-12-19,"Changed Mind",436.76
387,39622,Yes,2025-03-30,"Late Delivery",231.06
388,12680,Yes,2024-09-05,"Changed Mind",97.75
389,37459,Yes,2023-02-27,Damaged,1541.24
390,10462,Yes,2025-05-19,"Late Delivery",780.10
391,38267,Yes,2023-07-04,"Faulty Product",1436.72
392,40308,Yes,2025-11-29,"Late Delivery",784.57
393,31793,Yes,2025-10-03,"Late Delivery",619.80
394,16203,Yes,2023-03-06,"Late Delivery",68.91
395,7196,Yes,2023-11-16,"Faulty Product",656.91
396,25519,Yes,2024-08-17,Damaged,1276.24
397,444444,NO,2025-11-18,"Faulty Product",782.56
398,27803,Yes,2025-09-10,Damaged,171.68
399,2900,Yes,2023-12-09,Damaged,1088.98
400,115,Yes,2025-06-25,"Changed Mind",1057.67
401,4694,Yes,2024-09-23,Damaged,864.44
402,43413,Yes,2022-07-24,"Changed Mind",1293.05
403,2403,Yes,2024-03-11,"Faulty Product",38.05
404,39396,Yes,2022-12-16,"Faulty Product",1347.43
405,48080,Yes,2022-08-02,"Late Delivery",1182.00
406,25088,Yes,2025-10-27,"Wrong Item",939.43
407,44668,Yes,2024-01-10,"Faulty Product",394.19
408,11993,Yes,2024-10-18,"Faulty Product",481.01
409,15838,Yes,2023-07-06,"Changed Mind",1112.24
410,30047,Yes,2025-08-02,"Late Delivery",1468.59
411,46775,Yes,2023-03-18,"Faulty Product",759.38
412,17240,Yes,2022-01-27,"Late Delivery",1402.96
413,40628,Yes,2023-11-12,"Changed Mind",24.34
414,37890,Yes,2022-09-20,"Wrong Item",1077.40
415,4960,Yes,2022-12-25,Damaged,123.35
416,44174,Yes,2023-09-11,"Wrong Item",354.00
417,27114,Yes,2024-03-19,Damaged,901.06
418,14220,Yes,2023-06-03,Damaged,1185.18
419,23525,Yes,2025-09-27,"Late Delivery",905.04
420,28912,Yes,2025-12-14,"Changed Mind",967.34
421,24598,Yes,2023-06-29,"Changed Mind",912.56
422,44719,Yes,2022-10-31,"Changed Mind",583.27
423,9157,Yes,2024-09-15,"Wrong Item",1784.78
424,13871,Yes,2023-04-24,"Changed Mind",414.83
425,33486,Yes,2025-06-07,"Faulty Product",1249.92
426,37766,Yes,2023-12-24,"Wrong Item",1316.18
427,38176,Yes,2025-08-20,"Faulty Product",1147.74
428,13846,Yes,2023-01-01,Damaged,366.64
429,19479,Yes,2025-05-06,"Faulty Product",874.99
430,6737,Yes,2023-07-06,Damaged,1020.91
431,23533,Yes,2025-02-26,"Changed Mind",236.88
432,49204,Yes,2024-01-26,Damaged,1220.03
433,36302,Yes,2024-03-25,"Wrong Item",252.94
434,22811,Yes,2022-09-20,"Changed Mind",103.58
435,27352,Yes,2023-03-20,Damaged,670.71
436,36556,Yes,2024-08-22,Damaged,885.19
437,19191,Yes,2022-11-29,"Late Delivery",458.59
438,27161,Yes,2025-03-22,"Late Delivery",436.55
439,7885,Yes,2023-04-05,"Wrong Item",315.77
440,42597,Yes,2022-04-06,"Changed Mind",844.61
441,6344,Yes,2024-06-13,"Late Delivery",758.09
442,16975,Yes,2023-10-20,"Wrong Item",637.38
443,13479,Yes,2025-06-22,"Late Delivery",168.16
444,16236,Yes,2025-08-03,"Wrong Item",950.48
445,29603,Yes,2025-09-12,"Changed Mind",1279.55
446,20993,Yes,2022-12-01,"Late Delivery",896.01
447,28169,Yes,2023-12-19,"Wrong Item",774.09
448,18726,Yes,2025-06-26,Damaged,76.58
449,34448,Yes,2024-12-27,"Wrong Item",560.12
450,4451,Yes,2022-05-01,"Changed Mind",1200.74
451,16477,Yes,2024-01-13,Damaged,129.12
452,25732,Yes,2024-01-11,"Changed Mind",1042.23
453,34192,Yes,2022-07-01,Damaged,878.24
454,43625,Yes,2023-11-14,"Late Delivery",1000.55
455,42450,Yes,2022-07-22,"Changed Mind",981.35
456,46990,Yes,2023-07-25,"Faulty Product",479.75
457,35371,Yes,2022-07-24,Damaged,514.38
458,15509,Yes,2022-11-16,"Faulty Product",779.79
459,33353,Yes,2024-02-01,"Wrong Item",66.71
460,41352,Yes,2023-05-15,"Wrong Item",387.78
461,12642,Yes,2023-11-12,"Late Delivery",969.88
462,14018,Yes,2024-12-26,"Wrong Item",1225.65
463,8830,Yes,2025-03-28,"Wrong Item",584.72
464,779,Yes,2022-11-05,"Changed Mind",658.70
465,42959,Yes,2025-12-03,"Faulty Product",759.16
466,17903,Yes,2024-04-09,"Changed Mind",298.95
467,45082,Yes,2024-10-06,"Wrong Item",1288.71
468,20344,Yes,2024-09-03,"Faulty Product",1229.67
469,33008,Yes,2023-07-22,"Late Delivery",604.50
470,21410,Yes,2025-06-26,"Faulty Product",438.65
471,43744,Yes,2022-07-23,"Changed Mind",867.47
472,22437,Yes,2025-06-22,"Changed Mind",783.69
473,33461,Yes,2024-01-08,"Late Delivery",598.85
474,30183,Yes,2022-11-13,"Changed Mind",1665.86
475,31471,Yes,2023-09-28,"Late Delivery",722.56
476,1742,Yes,2023-06-29,"Faulty Product",368.80
477,41903,Yes,2024-09-22,"Changed Mind",597.37
478,41300,Yes,2025-08-16,Damaged,883.10
479,11370,Yes,2024-12-13,"Wrong Item",603.04
480,16598,Yes,2022-01-28,"Faulty Product",805.36
481,10128,Yes,2022-10-17,"Changed Mind",79.73
482,1325,Yes,2022-12-18,Damaged,1550.82
483,4245,Yes,2025-09-12,Damaged,572.94
484,26831,Yes,2025-04-27,Damaged,385.16
485,21615,Yes,2022-07-27,Damaged,286.94
486,15662,Yes,2023-09-27,"Faulty Product",153.14
487,3930,Yes,2023-01-06,"Late Delivery",121.27
488,20383,Yes,2025-12-12,"Late Delivery",450.70
489,23325,Yes,2025-09-18,"Faulty Product",203.99
490,12175,Yes,2023-12-12,"Faulty Product",80.64
491,8694,Yes,2024-12-17,"Wrong Item",1116.74
492,49281,Yes,2024-10-21,"Late Delivery",1255.15
493,34237,Yes,2023-01-28,"Late Delivery",892.81
494,49174,Yes,2024-09-20,Damaged,203.16
495,35769,Yes,2023-09-06,"Wrong Item",862.39
496,28309,Yes,2024-09-28,"Late Delivery",1079.32
497,45248,Yes,2023-12-28,"Faulty Product",608.11
498,44673,Yes,2024-07-03,"Changed Mind",822.21
499,47934,Yes,2023-06-28,Damaged,1551.35
500,33532,Yes,2023-09-26,"Late Delivery",963.16
501,31327,Yes,2024-05-21,"Wrong Item",572.63
502,41419,Yes,2025-03-26,"Late Delivery",184.46
503,47802,Yes,2025-09-21,"Wrong Item",1405.93
504,31860,Yes,2023-04-12,Damaged,225.89
505,23756,Yes,2025-02-20,Damaged,916.20
506,14694,Yes,2022-04-30,"Wrong Item",1346.73
507,3607,Yes,2025-07-02,"Late Delivery",275.40
508,29517,Yes,2022-07-27,"Late Delivery",1025.47
509,4484,Yes,2024-06-23,"Changed Mind",1379.17
510,22962,Yes,2025-12-14,"Changed Mind",64.61
511,10751,Yes,2022-11-07,"Late Delivery",1414.72
512,16376,Yes,2024-07-20,Damaged,1081.66
513,27894,Yes,2022-09-28,"Late Delivery",924.38
514,43228,Yes,2024-08-06,"Wrong Item",1276.05
515,565,Yes,2022-07-22,Damaged,711.77
516,44111,Yes,2022-10-09,"Late Delivery",1129.16
517,41031,Yes,2024-08-28,"Wrong Item",414.14
518,46826,Yes,2023-06-21,Damaged,921.80
519,30808,Yes,2025-06-09,Damaged,520.16
520,32718,Yes,2025-11-24,"Faulty Product",442.62
521,14536,Yes,2024-08-14,Damaged,645.51
522,2286,Yes,2022-07-10,"Late Delivery",294.83
523,46394,Yes,2024-10-12,Damaged,1054.84
524,33427,Yes,2022-12-14,"Late Delivery",1427.40
525,48917,Yes,2025-10-20,"Late Delivery",1235.72
526,46947,Yes,2024-11-29,"Changed Mind",84.80
527,45933,Yes,2023-07-25,"Faulty Product",1536.20
528,13652,Yes,2024-11-15,Damaged,530.44
529,31113,Yes,2022-09-21,"Late Delivery",396.69
530,1855,Yes,2024-07-06,"Changed Mind",284.97
531,14107,Yes,2023-05-08,"Wrong Item",748.46
532,24491,Yes,2025-12-04,"Faulty Product",1377.85
533,26573,Yes,2022-05-29,"Faulty Product",1525.82
534,18267,Yes,2024-10-27,Damaged,470.61
535,13767,Yes,2022-06-09,"Wrong Item",394.97
536,34575,Yes,2023-07-10,"Late Delivery",374.28
537,33879,Yes,2023-03-10,"Faulty Product",9.33
538,17871,Yes,2025-04-29,"Changed Mind",612.36
539,4060,Yes,2025-07-09,"Late Delivery",612.29
540,49431,Yes,2023-07-22,"Faulty Product",345.72
541,44756,Yes,2024-07-15,Damaged,426.77
542,17549,Yes,2025-03-07,"Faulty Product",1207.44
543,24143,Yes,2024-07-18,"Faulty Product",500.14
544,11731,Yes,2024-10-10,"Faulty Product",937.08
545,29114,Yes,2023-08-15,"Changed Mind",1590.20
546,41914,Yes,2023-08-01,"Wrong Item",1216.19
547,7790,Yes,2024-11-27,Damaged,1233.92
548,39445,Yes,2023-09-08,"Wrong Item",104.50
549,18391,Yes,2023-11-24,"Late Delivery",161.18
550,18420,Yes,2025-07-06,"Faulty Product",724.55
551,25516,Yes,2023-07-27,"Wrong Item",341.16
552,42257,Yes,2025-05-22,Damaged,521.45
553,26469,Yes,2023-07-29,"Late Delivery",873.77
554,4772,Yes,2022-10-21,"Wrong Item",591.75
555,13898,Yes,2024-07-27,Damaged,1207.43
556,24047,Yes,2022-02-02,Damaged,1533.32
557,9505,Yes,2025-09-08,Damaged,1055.90
558,7069,Yes,2025-10-26,"Late Delivery",99.25
559,27946,Yes,2022-11-07,"Late Delivery",136.47
560,19194,Yes,2025-07-23,"Wrong Item",918.15
561,42064,Yes,2025-12-13,"Faulty Product",1168.05
562,27246,Yes,2025-12-19,"Changed Mind",938.73
563,39594,Yes,2025-11-04,"Changed Mind",417.82
564,28728,Yes,2024-08-14,"Changed Mind",893.56
565,18901,Yes,2024-07-24,Damaged,1141.00
566,1138,Yes,2023-08-28,"Wrong Item",263.53
567,40658,Yes,2024-05-05,"Changed Mind",221.31
568,21623,Yes,2023-12-14,"Wrong Item",783.91
569,20957,Yes,2022-06-05,"Late Delivery",917.06
570,2211,Yes,2025-06-15,"Wrong Item",1420.96
571,12430,Yes,2023-08-26,"Late Delivery",532.34
572,46488,Yes,2025-10-14,"Faulty Product",456.36
573,42497,Yes,2025-05-27,"Late Delivery",1667.32
574,4722,Yes,2024-08-11,"Wrong Item",1706.53
575,2247,Yes,2024-06-23,"Changed Mind",834.90
576,22748,Yes,2025-11-03,"Late Delivery",1331.96
577,30302,Yes,2024-09-13,"Faulty Product",396.68
578,4564,Yes,2024-10-30,"Wrong Item",1013.90
579,45217,Yes,2022-05-06,Damaged,1611.40
580,42199,Yes,2023-11-03,"Late Delivery",1179.53
581,10465,Yes,2023-12-07,"Late Delivery",663.85
582,44582,Yes,2023-08-17,"Wrong Item",1000.45
583,43166,Yes,2025-10-31,Damaged,935.71
584,11177,Yes,2024-04-24,Damaged,790.50
585,11462,Yes,2025-09-03,"Changed Mind",807.54
586,38174,Yes,2024-11-04,Damaged,1117.54
587,44182,Yes,2023-10-05,"Faulty Product",1218.11
588,40967,Yes,2025-07-13,Damaged,1754.87
589,45753,Yes,2025-12-04,"Faulty Product",702.90
590,28652,Yes,2024-10-11,Damaged,375.77
591,19113,Yes,2024-11-28,"Changed Mind",1445.93
592,15604,Yes,2022-07-19,"Faulty Product",1165.88
593,8824,Yes,2025-03-31,"Late Delivery",347.23
594,905,Yes,2025-05-01,"Wrong Item",9.15
595,20329,Yes,2022-12-07,"Wrong Item",236.33
596,16483,Yes,2023-07-05,Damaged,997.60
597,33701,Yes,2025-08-16,"Changed Mind",442.07
598,49980,Yes,2022-12-16,"Faulty Product",1244.80
599,36810,Yes,2024-04-22,"Faulty Product",281.00
600,46887,Yes,2023-06-06,"Wrong Item",978.90
601,20353,Yes,2025-04-18,"Wrong Item",364.38
602,12527,Yes,2023-06-16,"Changed Mind",644.06
603,1770,Yes,2025-08-31,"Changed Mind",679.76
604,26104,Yes,2024-08-04,Damaged,865.66
605,39977,Yes,2022-10-31,"Wrong Item",721.16
606,20235,Yes,2023-01-06,"Late Delivery",969.19
607,26795,Yes,2022-07-29,"Late Delivery",646.55
608,38393,Yes,2023-04-23,"Late Delivery",817.14
609,2649,Yes,2024-12-04,"Wrong Item",1172.86
610,44504,Yes,2024-07-25,"Changed Mind",105.80
611,31772,Yes,2024-09-21,"Faulty Product",400.78
612,10271,Yes,2022-10-21,"Faulty Product",302.43
613,27612,Yes,2023-11-29,"Changed Mind",469.60
614,46318,Yes,2022-12-22,"Wrong Item",1146.77
615,44199,Yes,2025-10-01,"Faulty Product",586.22
616,33809,Yes,2024-01-03,Damaged,383.19
617,20343,Yes,2025-01-09,Damaged,196.26
618,6354,Yes,2025-07-17,"Changed Mind",1719.17
619,17137,Yes,2024-03-10,"Late Delivery",720.78
620,31058,Yes,2022-11-06,Damaged,313.10
621,27379,Yes,2024-04-29,Damaged,857.36
622,38554,Yes,2022-06-10,"Faulty Product",50.50
623,12421,Yes,2025-05-01,Damaged,186.81
624,8903,Yes,2023-07-22,"Wrong Item",1574.61
625,4538,Yes,2022-08-05,"Late Delivery",891.12
626,35321,Yes,2022-05-23,"Changed Mind",338.71
627,48137,Yes,2023-08-02,"Late Delivery",1532.30
628,47390,Yes,2024-07-26,"Faulty Product",664.15
629,26861,Yes,2022-05-22,"Wrong Item",745.03
630,33444,Yes,2022-09-30,"Late Delivery",755.01
631,38816,Yes,2022-05-18,Damaged,1180.30
632,5123,Yes,2024-08-10,Damaged,1190.70
633,40996,Yes,2024-07-19,Damaged,716.44
634,13005,Yes,2026-01-11,"Faulty Product",948.37
635,29442,Yes,2025-07-11,"Faulty Product",602.78
636,35642,Yes,2023-05-28,"Wrong Item",510.21
637,13665,Yes,2022-07-14,"Late Delivery",773.41
638,1211,Yes,2025-05-03,"Changed Mind",1390.08
639,4397,Yes,2025-09-08,"Wrong Item",68.94
640,44957,Yes,2025-05-12,"Changed Mind",733.97
641,19687,Yes,2025-06-17,"Wrong Item",919.29
642,6895,Yes,2025-07-07,"Changed Mind",1468.29
643,31883,Yes,2023-03-09,"Late Delivery",1263.62
644,29282,Yes,2023-07-23,Damaged,1009.87
645,36268,Yes,2024-09-28,"Wrong Item",1441.31
646,31826,Yes,2023-08-10,"Wrong Item",784.52
647,36279,Yes,2026-01-01,"Wrong Item",731.46
648,15124,Yes,2025-12-12,"Faulty Product",566.44
649,23507,Yes,2022-08-02,Damaged,181.80
650,11303,Yes,2022-12-21,Damaged,86.55
651,49356,Yes,2023-01-19,"Faulty Product",189.09
652,47834,Yes,2025-10-16,"Late Delivery",219.13
653,5459,Yes,2024-06-26,"Faulty Product",1351.72
654,39718,Yes,2023-12-09,"Late Delivery",133.67
655,29379,Yes,2023-12-08,"Wrong Item",458.62
656,29859,Yes,2024-12-10,"Wrong Item",428.27
657,42434,Yes,2023-07-01,"Wrong Item",991.25
658,17097,Yes,2023-07-31,"Late Delivery",1464.29
659,32730,Yes,2024-12-24,"Wrong Item",1363.96
660,25456,Yes,2022-08-26,Damaged,323.55
661,23081,Yes,2022-06-11,"Faulty Product",574.03
662,18399,Yes,2025-06-04,"Late Delivery",1035.32
663,3613,Yes,2024-07-10,Damaged,1249.00
664,19946,Yes,2022-08-27,"Late Delivery",1360.24
665,37398,Yes,2024-10-09,"Changed Mind",1210.21
666,35283,Yes,2022-09-08,"Late Delivery",1169.90
667,40509,Yes,2023-08-20,"Wrong Item",822.34
668,49756,Yes,2025-03-17,"Wrong Item",692.86
669,3727,Yes,2025-09-15,"Faulty Product",157.60
670,20012,Yes,2023-11-10,"Wrong Item",939.16
671,13512,Yes,2024-04-14,Damaged,517.66
672,35758,Yes,2025-12-10,"Late Delivery",741.27
673,39671,Yes,2022-10-30,"Wrong Item",748.74
674,26415,Yes,2022-07-08,"Changed Mind",431.28
675,44347,Yes,2023-10-04,"Changed Mind",866.79
676,45645,Yes,2025-09-15,"Changed Mind",790.57
677,16196,Yes,2025-01-08,Damaged,972.68
678,15270,Yes,2024-07-31,"Changed Mind",676.54
679,36412,Yes,2023-08-01,Damaged,48.51
680,33780,Yes,2025-03-04,"Faulty Product",175.12
681,43438,Yes,2023-10-10,"Faulty Product",633.49
682,10214,Yes,2024-08-03,"Wrong Item",355.65
683,33586,Yes,2022-10-29,"Late Delivery",685.50
684,36106,Yes,2023-09-08,Damaged,703.21
685,10123,Yes,2024-12-29,Damaged,451.15
686,43207,Yes,2024-03-20,Damaged,1247.98
687,7298,Yes,2022-09-01,"Wrong Item",605.12
688,20457,Yes,2023-12-21,"Late Delivery",765.24
689,40110,Yes,2024-11-22,"Late Delivery",161.47
690,3453,Yes,2024-06-21,"Wrong Item",338.47
691,6889,Yes,2026-01-06,"Wrong Item",1080.19
692,2830,Yes,2023-06-27,"Faulty Product",849.17
693,42323,Yes,2022-06-26,"Changed Mind",531.34
694,32723,Yes,2025-11-21,"Late Delivery",153.49
695,35125,Yes,2022-07-26,"Wrong Item",831.89
696,38449,Yes,2025-08-22,"Late Delivery",403.46
697,48865,Yes,2025-11-26,Damaged,832.23
698,43200,Yes,2024-12-01,"Changed Mind",555.41
699,39503,Yes,2022-08-02,"Faulty Product",183.74
700,11950,Yes,2024-05-29,Damaged,870.18
701,22789,Yes,2025-10-27,"Changed Mind",1120.99
702,42476,Yes,2023-10-04,"Faulty Product",616.31
703,43918,Yes,2022-09-11,"Faulty Product",123.22
704,26580,Yes,2022-08-24,"Changed Mind",560.79
705,41595,Yes,2022-06-25,"Faulty Product",1133.10
706,48491,Yes,2025-06-26,"Faulty Product",204.29
707,12061,Yes,2024-04-19,"Faulty Product",239.34
708,10103,Yes,2022-05-16,"Faulty Product",646.46
709,10710,Yes,2024-10-29,"Late Delivery",746.09
710,29601,Yes,2025-04-09,"Faulty Product",1120.90
711,3668,Yes,2024-04-06,"Late Delivery",455.84
712,24711,Yes,2025-08-18,"Changed Mind",588.59
713,5741,Yes,2024-05-23,"Late Delivery",111.81
714,6646,Yes,2022-08-25,Damaged,292.81
715,36168,Yes,2022-08-12,"Changed Mind",945.76
716,27740,Yes,2022-11-23,Damaged,705.73
717,15652,Yes,2024-12-14,"Wrong Item",553.60
718,17282,Yes,2023-08-31,"Wrong Item",711.72
719,28990,Yes,2025-03-29,"Late Delivery",169.26
720,34241,Yes,2024-04-15,"Changed Mind",1709.38
721,23995,Yes,2022-08-11,"Wrong Item",626.86
722,29810,Yes,2025-08-13,"Wrong Item",589.93
723,2253,Yes,2022-08-12,Damaged,116.86
724,444444,NO,2023-12-12,"Wrong Item",608.73
725,43773,Yes,2024-06-17,"Late Delivery",382.31
726,15096,Yes,2024-12-26,Damaged,921.93
727,45829,Yes,2025-07-18,"Wrong Item",792.73
728,15703,Yes,2025-12-15,"Changed Mind",255.88
729,41442,Yes,2025-01-08,Damaged,553.92
730,43075,Yes,2023-08-24,"Wrong Item",106.03
731,46985,Yes,2025-08-10,Damaged,1389.89
732,26315,Yes,2023-02-19,Damaged,1548.88
733,7281,Yes,2025-02-16,"Wrong Item",957.76
734,33814,Yes,2022-08-07,"Changed Mind",394.25
735,6355,Yes,2025-01-28,"Faulty Product",676.09
736,11674,Yes,2024-08-07,"Faulty Product",624.29
737,4831,Yes,2024-04-19,"Faulty Product",899.81
738,26663,Yes,2023-07-05,"Wrong Item",290.55
739,21530,Yes,2024-02-19,"Wrong Item",684.12
740,7126,Yes,2022-12-19,Damaged,700.48
741,39592,Yes,2022-04-23,"Changed Mind",449.41
742,10858,Yes,2023-04-02,Damaged,768.18
743,15438,Yes,2022-12-25,"Faulty Product",1373.26
744,2943,Yes,2023-10-08,"Changed Mind",639.69
745,7183,Yes,2024-09-27,"Faulty Product",848.87
746,7083,Yes,2022-11-22,"Faulty Product",674.29
747,12918,Yes,2022-02-14,"Faulty Product",1115.92
748,19705,Yes,2024-01-16,"Late Delivery",951.43
749,44758,Yes,2024-10-26,Damaged,155.83
750,35529,Yes,2024-09-28,"Wrong Item",357.53
751,2300,Yes,2024-06-20,"Changed Mind",211.29
752,35540,Yes,2024-06-10,"Changed Mind",315.30
753,45987,Yes,2022-12-04,"Late Delivery",765.23
754,45490,Yes,2022-12-06,"Changed Mind",948.73
755,41638,Yes,2022-06-06,"Wrong Item",784.87
756,13004,Yes,2023-04-30,"Late Delivery",1406.54
757,25808,Yes,2024-02-10,"Faulty Product",872.48
758,7360,Yes,2024-01-30,"Changed Mind",1324.72
759,25523,Yes,2024-10-14,"Changed Mind",407.39
760,45413,Yes,2024-11-30,Damaged,192.05
761,26575,Yes,2024-06-16,Damaged,330.74
762,42263,Yes,2023-12-13,"Changed Mind",109.52
763,40760,Yes,2024-01-06,"Faulty Product",1300.08
764,45977,Yes,2022-09-30,"Changed Mind",1811.51
765,23718,Yes,2023-12-07,"Changed Mind",1019.93
766,34653,Yes,2024-05-09,"Changed Mind",972.40
767,15574,Yes,2024-07-23,"Wrong Item",842.01
768,16356,Yes,2024-05-28,"Changed Mind",951.34
769,27099,Yes,2023-08-04,"Faulty Product",1172.74
770,47246,Yes,2025-08-14,"Late Delivery",715.92
771,45971,Yes,2025-04-25,"Faulty Product",930.83
772,249,Yes,2024-05-01,"Late Delivery",109.54
773,33857,Yes,2025-02-12,"Wrong Item",840.35
774,34285,Yes,2025-12-30,"Wrong Item",76.95
775,21355,Yes,2022-11-11,"Changed Mind",1074.97
776,30455,Yes,2025-07-28,"Late Delivery",1122.46
777,17691,Yes,2025-09-01,Damaged,866.79
778,41378,Yes,2023-11-27,"Wrong Item",471.60
779,8232,Yes,2022-07-20,"Late Delivery",1216.35
780,4415,Yes,2025-10-11,"Wrong Item",401.74
781,34508,Yes,2025-08-25,"Wrong Item",866.05
782,25328,Yes,2023-04-05,"Faulty Product",466.07
783,5179,Yes,2025-01-16,"Changed Mind",1215.87
784,20678,Yes,2022-04-17,"Wrong Item",597.60
785,18604,Yes,2022-08-18,"Faulty Product",205.99
786,30634,Yes,2022-08-20,"Late Delivery",660.10
787,30266,Yes,2023-04-15,"Late Delivery",265.46
788,2597,Yes,2022-10-28,"Late Delivery",1189.78
789,33940,Yes,2024-12-23,"Wrong Item",230.49
790,15208,Yes,2025-09-09,"Late Delivery",970.51
791,32183,Yes,2022-12-03,"Changed Mind",747.58
792,11884,Yes,2022-05-20,"Faulty Product",551.79
793,36833,Yes,2023-12-22,Damaged,641.80
794,2979,Yes,2025-09-22,"Wrong Item",815.89
795,24329,Yes,2025-11-17,"Late Delivery",73.08
796,33646,Yes,2023-10-26,"Changed Mind",318.71
797,10475,Yes,2023-08-20,"Late Delivery",863.90
798,444444,NO,2023-07-21,"Wrong Item",709.05
799,24889,Yes,2025-07-30,"Late Delivery",1373.29
800,705,Yes,2024-02-01,"Changed Mind",822.80
801,39653,Yes,2025-12-27,Damaged,1043.49
802,19323,Yes,2022-06-15,"Changed Mind",1325.15
803,1774,Yes,2023-12-09,"Changed Mind",995.53
804,444444,NO,2025-08-25,"Changed Mind",410.78
805,22620,Yes,2024-01-07,"Wrong Item",431.82
806,36073,Yes,2025-04-01,"Late Delivery",636.50
807,45326,Yes,2025-01-04,"Faulty Product",210.87
808,1768,Yes,2025-04-10,"Faulty Product",1274.06
809,4094,Yes,2022-07-09,Damaged,831.74
810,8277,Yes,2022-06-09,"Wrong Item",446.01
811,36610,Yes,2024-11-10,"Wrong Item",1678.42
812,47312,Yes,2024-07-04,Damaged,280.55
813,3427,Yes,2024-07-13,"Faulty Product",608.76
814,2799,Yes,2022-10-13,"Late Delivery",1010.93
815,7752,Yes,2023-05-16,"Faulty Product",691.30
816,6815,Yes,2022-06-21,Damaged,688.94
817,7184,Yes,2023-08-22,Damaged,1017.99
818,47107,Yes,2024-09-08,Damaged,106.16
819,283,Yes,2024-03-22,Damaged,12.00
820,10012,Yes,2025-10-30,"Changed Mind",1171.35
821,18806,Yes,2024-04-07,Damaged,515.45
822,48782,Yes,2025-12-06,Damaged,888.90
823,27998,Yes,2024-03-26,"Faulty Product",806.46
824,9858,Yes,2023-07-05,Damaged,350.62
825,33376,Yes,2024-08-16,"Wrong Item",570.72
826,30072,Yes,2025-11-16,"Late Delivery",914.24
827,2956,Yes,2022-06-29,"Faulty Product",655.97
828,25966,Yes,2024-06-24,"Late Delivery",823.89
829,2229,Yes,2022-06-25,"Late Delivery",1010.41
830,32450,Yes,2022-05-02,"Late Delivery",697.19
831,2851,Yes,2022-09-24,"Changed Mind",549.80
832,3175,Yes,2025-01-25,"Late Delivery",586.88
833,1982,Yes,2024-11-25,"Changed Mind",298.45
834,32380,Yes,2024-12-11,"Faulty Product",591.98
835,31234,Yes,2025-09-05,"Late Delivery",1160.93
836,33515,Yes,2022-06-16,"Wrong Item",734.09
837,15281,Yes,2024-06-23,"Changed Mind",398.30
838,28308,Yes,2024-03-27,"Faulty Product",1229.51
839,27594,Yes,2023-11-14,"Wrong Item",12.00
840,42428,Yes,2024-08-30,"Changed Mind",259.92
841,25374,Yes,2022-12-29,"Wrong Item",1296.88
842,6702,Yes,2025-03-04,"Late Delivery",193.49
843,1998,Yes,2025-11-15,"Faulty Product",1002.02
844,38197,Yes,2023-04-23,Damaged,770.21
845,14028,Yes,2022-10-21,Damaged,864.98
846,47861,Yes,2024-04-08,"Late Delivery",666.72
847,24149,Yes,2023-03-16,"Wrong Item",122.94
848,19692,Yes,2024-07-15,"Late Delivery",696.90
849,26034,Yes,2024-08-27,"Late Delivery",552.67
850,5687,Yes,2024-01-02,"Wrong Item",815.77
851,20492,Yes,2024-09-19,"Changed Mind",214.94
852,28432,Yes,2022-05-16,"Wrong Item",268.76
853,20986,Yes,2023-08-01,"Late Delivery",578.58
854,38879,Yes,2022-01-22,"Changed Mind",1392.64
855,8928,Yes,2022-06-25,"Late Delivery",1216.31
856,9444,Yes,2023-08-20,"Late Delivery",220.21
857,14105,Yes,2023-05-20,"Changed Mind",268.05
858,39170,Yes,2026-01-10,Damaged,175.47
859,5316,Yes,2025-04-25,Damaged,937.70
860,26704,Yes,2024-07-11,"Late Delivery",812.03
861,25694,Yes,2025-01-09,"Wrong Item",856.78
862,42510,Yes,2025-05-10,"Wrong Item",563.86
863,12234,Yes,2023-08-21,"Faulty Product",905.25
864,6073,Yes,2025-12-04,"Changed Mind",417.11
865,16147,Yes,2025-10-18,"Faulty Product",1671.50
866,5524,Yes,2024-08-11,"Wrong Item",819.85
867,28556,Yes,2022-08-20,"Faulty Product",157.03
868,36527,Yes,2025-06-12,"Changed Mind",1102.61
869,9808,Yes,2023-11-09,"Late Delivery",741.48
870,19687,Yes,2025-06-12,"Wrong Item",894.35
871,9882,Yes,2024-08-31,"Wrong Item",606.14
872,8821,Yes,2024-03-24,"Wrong Item",1359.98
873,34580,Yes,2025-12-10,"Faulty Product",401.34
874,44197,Yes,2023-12-17,Damaged,112.73
875,46905,Yes,2023-05-24,"Faulty Product",672.90
876,9509,Yes,2025-10-04,"Late Delivery",443.54
877,11407,Yes,2023-10-12,"Changed Mind",1199.01
878,29939,Yes,2023-08-11,"Late Delivery",949.34
879,40238,Yes,2025-01-20,Damaged,841.13
880,6935,Yes,2022-06-22,"Wrong Item",678.36
881,25886,Yes,2024-06-12,"Changed Mind",1218.07
882,31285,Yes,2022-12-16,"Wrong Item",1004.13
883,14522,Yes,2025-04-21,"Changed Mind",598.85
884,12102,Yes,2024-04-29,"Late Delivery",773.50
885,9583,Yes,2024-07-15,Damaged,1699.93
886,14003,Yes,2023-11-30,Damaged,474.96
887,6752,Yes,2022-04-11,"Late Delivery",370.43
888,47935,Yes,2023-04-19,"Late Delivery",1523.28
889,15320,Yes,2024-07-09,"Late Delivery",132.15
890,21738,Yes,2024-08-13,"Changed Mind",762.08
891,13716,Yes,2022-06-04,"Late Delivery",238.09
892,47625,Yes,2024-08-14,"Late Delivery",749.46
893,4781,Yes,2025-03-14,"Changed Mind",677.09
894,39328,Yes,2024-11-24,"Late Delivery",1208.42
895,25109,Yes,2022-12-16,Damaged,171.55
896,11252,Yes,2025-03-18,"Faulty Product",1362.79
897,39877,Yes,2025-08-18,"Wrong Item",349.69
898,29414,Yes,2022-07-19,"Faulty Product",496.74
899,5296,Yes,2023-11-02,"Wrong Item",703.70
900,48362,Yes,2022-09-23,"Faulty Product",757.29
901,30181,Yes,2024-04-13,"Changed Mind",667.80
902,45152,Yes,2025-12-04,"Late Delivery",302.43
903,175,Yes,2024-10-04,"Faulty Product",456.10
904,44012,Yes,2024-09-20,"Wrong Item",1291.61
905,2313,Yes,2023-09-29,"Changed Mind",312.92
906,24374,Yes,2025-03-09,"Wrong Item",694.01
907,15670,Yes,2024-09-11,"Changed Mind",1194.09
908,27102,Yes,2022-09-26,"Faulty Product",645.20
909,25023,Yes,2023-03-18,"Faulty Product",450.84
910,9573,Yes,2025-05-28,"Changed Mind",109.67
911,47658,Yes,2025-06-10,"Wrong Item",1528.15
912,42459,Yes,2023-02-17,"Wrong Item",352.18
913,9059,Yes,2025-09-29,Damaged,929.36
914,44320,Yes,2022-12-10,"Wrong Item",1118.69
915,25284,Yes,2025-10-10,"Faulty Product",193.92
916,27663,Yes,2025-10-08,"Wrong Item",47.15
917,17249,Yes,2023-08-14,"Wrong Item",1302.89
918,30456,Yes,2025-05-30,Damaged,795.05
919,37298,Yes,2025-08-07,"Wrong Item",591.88
920,32300,Yes,2025-06-25,Damaged,260.89
921,3012,Yes,2024-04-17,Damaged,1196.41
922,23445,Yes,2024-12-30,Damaged,649.99
923,16957,Yes,2022-07-24,"Wrong Item",908.02
924,23072,Yes,2024-11-26,"Wrong Item",216.28
925,36090,Yes,2023-12-04,Damaged,641.21
926,46593,Yes,2026-01-04,"Wrong Item",1070.23
927,7474,Yes,2023-07-22,"Wrong Item",423.59
928,11302,Yes,2025-09-01,"Late Delivery",144.44
929,42800,Yes,2022-09-22,"Wrong Item",601.21
930,30529,Yes,2024-08-09,"Faulty Product",507.44
931,20913,Yes,2022-07-16,"Wrong Item",579.19
932,45375,Yes,2024-07-15,"Wrong Item",1819.48
933,18963,Yes,2024-01-26,"Wrong Item",108.70
934,25840,Yes,2024-04-16,Damaged,894.45
935,5535,Yes,2022-08-31,"Late Delivery",326.03
936,22029,Yes,2022-07-07,Damaged,571.17
937,37229,Yes,2024-08-31,"Changed Mind",572.59
938,35023,Yes,2025-04-18,"Faulty Product",316.95
939,28048,Yes,2024-12-06,"Late Delivery",791.30
940,43168,Yes,2024-06-20,"Late Delivery",171.92
941,32970,Yes,2025-12-05,Damaged,621.56
942,24683,Yes,2023-08-28,"Wrong Item",801.92
943,756,Yes,2024-09-13,"Late Delivery",219.07
944,21441,Yes,2023-08-02,"Faulty Product",914.79
945,21826,Yes,2025-07-21,"Wrong Item",228.11
946,47561,Yes,2024-07-01,"Late Delivery",991.36
947,22197,Yes,2024-01-13,Damaged,1752.94
948,8252,Yes,2025-08-31,Damaged,1065.33
949,21277,Yes,2022-05-18,"Faulty Product",593.65
950,31467,Yes,2024-03-14,"Wrong Item",1117.80
951,49586,Yes,2024-06-08,"Changed Mind",459.86
952,12907,Yes,2025-01-19,"Changed Mind",578.86
953,14547,Yes,2022-08-03,"Wrong Item",329.55
954,35946,Yes,2022-06-12,"Changed Mind",879.87
955,20633,Yes,2023-08-04,"Changed Mind",311.08
956,4141,Yes,2023-10-23,Damaged,192.16
957,2486,Yes,2023-10-23,Damaged,1064.69
958,16677,Yes,2025-12-28,"Faulty Product",191.75
959,22638,Yes,2023-07-09,Damaged,1660.55
960,35731,Yes,2024-04-02,Damaged,1381.05
961,1242,Yes,2022-05-16,"Changed Mind",588.51
962,37596,Yes,2025-07-20,"Wrong Item",684.15
963,24138,Yes,2022-05-29,"Faulty Product",265.60
964,14639,Yes,2023-05-24,"Wrong Item",87.78
965,45,Yes,2023-12-09,"Late Delivery",378.70
966,14384,Yes,2023-02-04,"Faulty Product",681.28
967,25381,Yes,2022-12-19,"Wrong Item",808.71
968,47221,Yes,2022-09-18,"Wrong Item",1102.17
969,27221,Yes,2022-04-30,"Faulty Product",829.77
970,47443,Yes,2023-12-30,"Wrong Item",143.64
971,38368,Yes,2024-11-15,Damaged,506.80
972,49811,Yes,2024-09-24,"Late Delivery",108.59
973,6096,Yes,2024-09-10,"Changed Mind",442.35
974,2382,Yes,2022-08-06,"Changed Mind",631.91
975,27025,Yes,2022-11-21,"Changed Mind",1129.09
976,30807,Yes,2025-09-23,"Late Delivery",1019.04
977,1010,Yes,2023-03-03,"Faulty Product",97.26
978,21647,Yes,2024-08-10,"Faulty Product",588.24
979,9856,Yes,2025-12-06,"Wrong Item",990.29
980,47459,Yes,2022-12-11,"Wrong Item",531.50
981,4119,Yes,2024-08-09,"Changed Mind",104.45
982,19975,Yes,2024-04-01,"Wrong Item",530.25
983,13251,Yes,2024-12-21,"Wrong Item",684.57
984,37486,Yes,2023-02-13,"Faulty Product",348.98
985,17876,Yes,2024-07-18,"Late Delivery",288.70
986,9386,Yes,2023-04-04,"Wrong Item",311.28
987,41966,Yes,2022-01-15,"Changed Mind",605.37
988,5311,Yes,2022-07-02,"Faulty Product",164.41
989,8900,Yes,2023-05-01,"Late Delivery",348.27
990,2836,Yes,2025-08-10,"Wrong Item",1478.48
991,444444,NO,2022-10-25,"Changed Mind",1536.15
992,15724,Yes,2024-05-15,"Late Delivery",416.10
993,15208,Yes,2025-09-12,"Faulty Product",721.96
994,21564,Yes,2025-11-30,Damaged,755.63
995,37314,Yes,2024-10-22,"Late Delivery",181.08
996,4943,Yes,2025-03-14,"Changed Mind",322.82
997,8293,Yes,2022-09-24,"Faulty Product",719.25
998,20320,Yes,2025-07-20,"Late Delivery",1042.71
999,16120,Yes,2022-06-30,"Faulty Product",292.53
1000,7204,Yes,2025-09-02,"Wrong Item",1126.75
1001,48276,Yes,2025-09-22,"Wrong Item",712.89
1002,29962,Yes,2022-12-13,Damaged,614.77
1003,38091,Yes,2025-10-06,"Faulty Product",519.36
1004,49035,Yes,2024-10-30,Damaged,437.35
1005,43968,Yes,2025-10-13,"Wrong Item",670.59
1006,40963,Yes,2024-09-22,"Changed Mind",1127.55
1007,43432,Yes,2025-08-27,"Changed Mind",785.75
1008,36947,Yes,2024-06-15,"Late Delivery",139.97
1009,28337,Yes,2025-09-13,"Late Delivery",697.61
1010,444444,NO,2024-04-25,"Changed Mind",505.98
1011,39980,Yes,2025-06-02,"Wrong Item",1252.41
1012,33492,Yes,2022-07-07,"Wrong Item",399.14
1013,2469,Yes,2023-06-03,"Late Delivery",251.98
1014,14090,Yes,2025-05-17,Damaged,322.99
1015,28519,Yes,2024-05-02,"Changed Mind",656.19
1016,16533,Yes,2023-05-14,"Changed Mind",474.53
1017,19532,Yes,2024-01-31,"Late Delivery",463.82
1018,28708,Yes,2022-06-22,"Faulty Product",637.21
1019,15648,Yes,2022-12-11,"Faulty Product",162.56
1020,6632,Yes,2023-09-07,"Faulty Product",346.59
1021,2995,Yes,2024-04-13,"Wrong Item",517.44
1022,444444,NO,2023-07-24,Damaged,901.00
1023,33506,Yes,2025-10-21,Damaged,36.66
1024,38945,Yes,2023-08-21,"Changed Mind",1208.75
1025,39923,Yes,2025-03-18,Damaged,855.67
1026,35108,Yes,2024-08-17,"Late Delivery",57.18
1027,22746,Yes,2023-09-24,"Changed Mind",209.10
1028,33283,Yes,2025-12-21,"Changed Mind",1053.88
1029,29353,Yes,2024-10-29,Damaged,884.38
1030,45969,Yes,2024-12-01,"Wrong Item",313.42
1031,43303,Yes,2022-12-16,"Wrong Item",1251.80
1032,819,Yes,2025-12-11,"Late Delivery",507.96
1033,23264,Yes,2025-09-25,"Late Delivery",757.77
1034,38768,Yes,2023-12-15,"Wrong Item",792.59
1035,46502,Yes,2022-04-05,"Wrong Item",841.43
1036,21915,Yes,2023-07-02,"Changed Mind",188.23
1037,26403,Yes,2022-03-16,"Changed Mind",714.76
1038,21883,Yes,2025-03-14,Damaged,1410.48
1039,3414,Yes,2022-12-14,Damaged,1558.34
1040,3053,Yes,2024-09-14,"Wrong Item",222.74
1041,12385,Yes,2022-09-18,"Wrong Item",212.20
1042,47038,Yes,2022-09-05,"Wrong Item",928.87
1043,35005,Yes,2024-06-24,"Late Delivery",37.42
1044,16368,Yes,2023-09-18,"Changed Mind",927.51
1045,46133,Yes,2025-06-13,"Late Delivery",499.87
1046,45865,Yes,2024-11-28,Damaged,820.56
1047,33441,Yes,2022-04-07,"Wrong Item",222.99
1048,32194,Yes,2022-10-16,"Late Delivery",1165.30
1049,46096,Yes,2025-07-09,"Wrong Item",125.03
1050,4691,Yes,2023-11-19,"Changed Mind",763.47
1051,40763,Yes,2023-01-27,"Changed Mind",1107.35
1052,46087,Yes,2024-09-29,"Late Delivery",948.88
1053,25460,Yes,2022-08-30,"Faulty Product",1005.13
1054,35145,Yes,2022-03-13,Damaged,669.27
1055,37790,Yes,2025-12-11,"Changed Mind",593.19
1056,4600,Yes,2024-08-30,"Late Delivery",1561.76
1057,43812,Yes,2022-07-20,Damaged,1466.29
1058,12383,Yes,2025-11-18,"Changed Mind",1187.82
1059,39782,Yes,2022-09-23,"Late Delivery",522.63
1060,17935,Yes,2024-06-28,"Faulty Product",1194.22
1061,4457,Yes,2025-03-12,"Late Delivery",256.27
1062,15363,Yes,2023-12-07,"Late Delivery",299.48
1063,38227,Yes,2024-06-18,"Changed Mind",45.15
1064,28026,Yes,2025-07-05,"Faulty Product",537.46
1065,36231,Yes,2025-04-22,"Faulty Product",832.43
1066,2538,Yes,2024-07-19,"Wrong Item",610.59
1067,22859,Yes,2025-01-23,Damaged,402.85
1068,36258,Yes,2023-10-20,Damaged,1497.48
1069,22792,Yes,2022-07-20,"Late Delivery",161.04
1070,10248,Yes,2025-11-23,"Faulty Product",1052.49
1071,39434,Yes,2023-04-09,"Faulty Product",637.80
1072,2282,Yes,2024-05-20,"Faulty Product",653.06
1073,12515,Yes,2024-09-14,"Faulty Product",1662.64
1074,47131,Yes,2024-11-10,"Late Delivery",400.85
1075,26377,Yes,2024-12-22,"Wrong Item",1003.04
1076,34141,Yes,2024-08-17,"Late Delivery",212.86
1077,21557,Yes,2022-12-01,"Wrong Item",820.75
1078,39757,Yes,2025-04-20,"Wrong Item",1163.19
1079,491,Yes,2024-12-08,"Faulty Product",409.80
1080,38585,Yes,2025-07-07,Damaged,562.31
1081,31903,Yes,2025-03-06,"Late Delivery",469.95
1082,27539,Yes,2023-06-14,Damaged,1654.77
1083,35561,Yes,2023-08-10,"Faulty Product",723.67
1084,49883,Yes,2022-06-13,"Late Delivery",687.86
1085,49801,Yes,2023-03-30,"Late Delivery",1079.65
1086,48358,Yes,2025-09-14,Damaged,278.29
1087,39614,Yes,2023-07-17,"Changed Mind",1571.87
1088,20323,Yes,2024-06-14,"Faulty Product",605.67
1089,4357,Yes,2022-10-25,"Changed Mind",983.84
1090,1905,Yes,2023-12-12,"Faulty Product",748.04
1091,38886,Yes,2023-02-12,"Changed Mind",840.88
1092,4421,Yes,2023-01-11,"Late Delivery",1447.17
1093,40865,Yes,2022-11-15,"Changed Mind",520.05
1094,45564,Yes,2024-07-06,Damaged,491.96
1095,20734,Yes,2022-11-28,"Changed Mind",77.84
1096,5374,Yes,2026-01-02,"Wrong Item",384.64
1097,602,Yes,2022-12-20,"Late Delivery",179.45
1098,17071,Yes,2023-04-01,"Changed Mind",354.24
1099,23505,Yes,2025-05-03,Damaged,541.32
1100,49073,Yes,2023-01-18,"Wrong Item",947.32
1101,267,Yes,2025-08-12,Damaged,961.32
1102,13594,Yes,2023-12-16,"Late Delivery",13.08
1103,31078,Yes,2022-05-03,"Late Delivery",820.40
1104,22062,Yes,2022-07-08,"Changed Mind",905.35
1105,44953,Yes,2024-12-20,"Wrong Item",911.42
1106,46858,Yes,2025-11-18,"Faulty Product",1240.29
1107,22355,Yes,2022-09-11,Damaged,258.64
1108,30022,Yes,2025-09-25,"Changed Mind",483.16
1109,32589,Yes,2022-01-30,Damaged,875.44
1110,46931,Yes,2024-09-20,"Late Delivery",875.01
1111,12410,Yes,2024-01-18,"Wrong Item",907.96
1112,6425,Yes,2022-09-09,"Faulty Product",1000.55
1113,1197,Yes,2024-09-29,"Wrong Item",104.11
1114,42154,Yes,2025-01-02,"Changed Mind",219.03
1115,43893,Yes,2024-05-07,"Changed Mind",1175.77
1116,26777,Yes,2024-06-22,"Wrong Item",261.19
1117,6769,Yes,2022-12-04,"Late Delivery",240.13
1118,444444,NO,2022-04-21,"Wrong Item",373.82
1119,20989,Yes,2022-03-25,"Changed Mind",526.73
1120,41768,Yes,2023-10-09,"Wrong Item",237.19
1121,24033,Yes,2022-08-06,"Changed Mind",558.52
1122,11735,Yes,2025-06-22,"Late Delivery",757.39
1123,6900,Yes,2025-01-08,Damaged,1036.34
1124,26817,Yes,2023-02-15,"Faulty Product",1188.41
1125,10405,Yes,2025-04-01,Damaged,859.55
1126,45134,Yes,2024-10-09,Damaged,883.91
1127,10098,Yes,2022-04-12,Damaged,1045.79
1128,1984,Yes,2023-08-25,"Changed Mind",676.80
1129,4976,Yes,2022-10-05,"Late Delivery",776.41
1130,13338,Yes,2023-08-07,Damaged,184.72
1131,26673,Yes,2025-06-18,"Changed Mind",1034.61
1132,3581,Yes,2025-01-04,Damaged,164.78
1133,49978,Yes,2025-12-16,"Changed Mind",633.25
1134,10836,Yes,2025-10-12,"Faulty Product",1344.97
1135,10684,Yes,2024-12-09,"Faulty Product",219.34
1136,13443,Yes,2025-02-04,"Late Delivery",916.24
1137,4310,Yes,2025-10-30,"Late Delivery",1712.94
1138,48528,Yes,2024-03-17,Damaged,611.78
1139,10062,Yes,2025-03-25,"Late Delivery",396.62
1140,13201,Yes,2024-04-15,"Changed Mind",610.29
1141,29844,Yes,2024-10-22,"Late Delivery",701.79
1142,34331,Yes,2025-01-10,"Faulty Product",962.65
1143,44043,Yes,2025-07-11,Damaged,488.15
1144,2725,Yes,2024-04-26,Damaged,116.85
1145,15663,Yes,2022-07-19,"Late Delivery",367.82
1146,38078,Yes,2024-09-18,"Changed Mind",928.42
1147,36546,Yes,2023-06-12,"Late Delivery",793.91
1148,16552,Yes,2023-01-14,Damaged,429.73
1149,40184,Yes,2024-05-24,"Changed Mind",452.01
1150,40322,Yes,2025-01-16,"Faulty Product",683.90
1151,14331,Yes,2023-12-28,Damaged,428.01
1152,19475,Yes,2025-12-10,"Late Delivery",434.70
1153,2093,Yes,2022-12-18,"Wrong Item",978.84
1154,37015,Yes,2025-01-25,"Changed Mind",129.02
1155,43173,Yes,2024-10-18,"Changed Mind",725.47
1156,41207,Yes,2026-01-01,Damaged,1317.72
1157,49423,Yes,2022-12-31,Damaged,430.65
1158,35771,Yes,2025-10-31,"Wrong Item",196.48
1159,10507,Yes,2025-06-14,"Changed Mind",313.55
1160,27011,Yes,2022-06-26,"Faulty Product",158.86
1161,33171,Yes,2023-01-14,"Late Delivery",797.52
1162,39501,Yes,2024-09-03,"Faulty Product",732.80
1163,31549,Yes,2022-03-08,"Late Delivery",411.14
1164,40828,Yes,2023-12-16,"Late Delivery",282.29
1165,35953,Yes,2023-11-13,"Faulty Product",767.96
1166,45402,Yes,2025-11-04,"Late Delivery",497.67
1167,32739,Yes,2024-07-09,"Wrong Item",1105.73
1168,39992,Yes,2022-09-16,"Wrong Item",1020.33
1169,39083,Yes,2026-01-11,"Wrong Item",464.45
1170,20877,Yes,2023-06-18,"Late Delivery",319.14
1171,14703,Yes,2024-09-23,"Changed Mind",792.57
1172,38210,Yes,2025-09-05,"Late Delivery",400.10
1173,7493,Yes,2024-11-18,"Wrong Item",473.90
1174,36384,Yes,2022-12-18,"Wrong Item",963.60
1175,15733,Yes,2025-12-06,Damaged,808.17
1176,31670,Yes,2022-12-09,"Wrong Item",751.29
1177,49595,Yes,2022-09-28,"Wrong Item",1228.65
1178,13047,Yes,2023-12-14,"Faulty Product",167.16
1179,15534,Yes,2025-09-27,"Wrong Item",412.35
1180,23530,Yes,2025-09-25,"Late Delivery",228.01
1181,45345,Yes,2025-02-26,Damaged,549.24
1182,3393,Yes,2025-07-29,"Faulty Product",1504.01
1183,38285,Yes,2022-08-24,"Changed Mind",1059.23
1184,28461,Yes,2024-12-08,"Faulty Product",108.23
1185,20290,Yes,2025-08-04,Damaged,361.14
1186,15620,Yes,2023-10-19,"Wrong Item",606.33
1187,7811,Yes,2025-12-19,"Late Delivery",1095.54
1188,26312,Yes,2022-09-03,Damaged,1341.78
1189,13112,Yes,2024-06-30,Damaged,70.57
1190,29994,Yes,2025-07-09,"Changed Mind",152.83
1191,47361,Yes,2022-02-22,"Faulty Product",184.26
1192,44677,Yes,2024-10-25,"Changed Mind",285.09
1193,19517,Yes,2022-06-23,"Wrong Item",649.42
1194,15298,Yes,2023-07-01,"Late Delivery",215.13
1195,37775,Yes,2024-08-08,"Late Delivery",617.76
1196,27710,Yes,2023-08-23,"Changed Mind",573.55
1197,5060,Yes,2024-02-04,"Changed Mind",76.77
1198,21980,Yes,2023-02-18,"Changed Mind",1257.45
1199,24958,Yes,2023-04-20,"Changed Mind",629.21
1200,26538,Yes,2024-07-26,"Faulty Product",181.62
1201,45572,Yes,2023-10-27,Damaged,1318.80
1202,15862,Yes,2022-07-31,"Wrong Item",216.13
1203,10073,Yes,2025-01-22,"Changed Mind",768.62
1204,28470,Yes,2024-07-16,Damaged,436.85
1205,36599,Yes,2022-10-15,"Wrong Item",1127.64
1206,22474,Yes,2024-09-30,"Late Delivery",671.98
1207,30965,Yes,2025-05-24,"Late Delivery",93.04
1208,43438,Yes,2023-10-08,"Changed Mind",587.69
1209,25292,Yes,2023-04-20,"Faulty Product",753.47
1210,743,Yes,2025-08-15,Damaged,487.78
1211,44039,Yes,2024-01-23,Damaged,541.34
1212,4169,Yes,2025-04-05,"Faulty Product",935.21
1213,16086,Yes,2024-11-16,Damaged,1340.31
1214,19823,Yes,2025-06-26,"Wrong Item",1266.82
1215,19607,Yes,2023-03-01,"Late Delivery",455.47
1216,24913,Yes,2025-05-18,"Changed Mind",1608.38
1217,35724,Yes,2023-12-07,"Wrong Item",956.88
1218,7842,Yes,2023-12-20,"Late Delivery",964.06
1219,19068,Yes,2022-12-20,"Wrong Item",812.99
1220,37940,Yes,2022-05-08,"Changed Mind",925.38
1221,2524,Yes,2023-06-28,"Wrong Item",307.02
1222,43897,Yes,2023-08-26,Damaged,493.36
1223,17736,Yes,2024-12-16,Damaged,91.12
1224,2022,Yes,2025-12-29,"Late Delivery",356.59
1225,41287,Yes,2022-06-24,"Wrong Item",545.90
1226,18252,Yes,2024-10-02,"Changed Mind",159.23
1227,49854,Yes,2024-05-19,"Late Delivery",219.46
1228,34257,Yes,2023-12-27,"Faulty Product",827.85
1229,24952,Yes,2025-06-20,Damaged,753.25
1230,22986,Yes,2025-11-12,"Wrong Item",84.76
1231,10560,Yes,2025-05-05,"Late Delivery",340.83
1232,25135,Yes,2025-01-01,Damaged,9.15
1233,24167,Yes,2025-04-11,"Faulty Product",254.31
1234,9991,Yes,2024-11-10,"Late Delivery",1274.76
1235,34765,Yes,2024-11-30,Damaged,621.05
1236,9009,Yes,2025-06-05,"Faulty Product",1270.75
1237,19088,Yes,2024-07-17,"Wrong Item",815.83
1238,40256,Yes,2024-09-13,"Changed Mind",138.48
1239,49069,Yes,2025-09-11,Damaged,910.92
1240,6383,Yes,2025-03-22,"Changed Mind",295.99
1241,40936,Yes,2025-04-03,"Changed Mind",862.71
1242,21276,Yes,2022-08-21,Damaged,609.94
1243,44152,Yes,2024-11-16,"Late Delivery",1127.44
1244,13537,Yes,2024-07-31,"Late Delivery",882.81
1245,19810,Yes,2022-09-12,"Late Delivery",652.94
1246,6886,Yes,2022-11-16,"Faulty Product",1464.24
1247,28716,Yes,2022-03-19,Damaged,843.96
1248,34968,Yes,2023-12-11,"Faulty Product",1201.23
1249,40297,Yes,2025-03-11,"Changed Mind",1256.00
1250,38512,Yes,2025-08-14,"Late Delivery",102.90
1251,31812,Yes,2025-05-02,Damaged,926.53
1252,34312,Yes,2025-11-25,Damaged,1231.98
1253,9564,Yes,2022-04-10,"Faulty Product",756.13
1254,27376,Yes,2022-09-24,"Changed Mind",1265.59
1255,4550,Yes,2022-08-11,"Late Delivery",700.25
1256,39605,Yes,2022-12-10,"Late Delivery",688.86
1257,2595,Yes,2024-12-07,"Faulty Product",538.36
1258,42588,Yes,2024-09-03,"Late Delivery",1085.33
1259,41458,Yes,2025-06-01,Damaged,664.23
1260,22231,Yes,2023-12-19,"Faulty Product",809.37
1261,32273,Yes,2022-09-09,"Wrong Item",999.24
1262,24013,Yes,2025-05-25,"Faulty Product",900.27
1263,2111,Yes,2022-06-27,"Late Delivery",1507.85
1264,33765,Yes,2024-11-02,"Faulty Product",868.50
1265,9524,Yes,2025-12-23,"Changed Mind",416.00
1266,27762,Yes,2024-02-17,"Late Delivery",743.03
1267,5480,Yes,2022-09-02,"Changed Mind",810.60
1268,29931,Yes,2025-04-13,"Late Delivery",635.05
1269,39220,Yes,2025-05-30,"Faulty Product",303.80
1270,18988,Yes,2024-08-10,"Wrong Item",520.44
1271,13399,Yes,2023-11-13,"Changed Mind",99.84
1272,40998,Yes,2022-06-20,"Faulty Product",430.69
1273,49777,Yes,2025-12-24,"Wrong Item",312.79
1274,20724,Yes,2022-09-26,"Faulty Product",1351.14
1275,41850,Yes,2022-09-22,"Late Delivery",461.56
1276,17825,Yes,2022-06-02,Damaged,1454.57
1277,20510,Yes,2023-01-03,Damaged,1060.26
1278,24894,Yes,2024-12-27,"Changed Mind",135.37
1279,2058,Yes,2022-06-28,"Wrong Item",108.73
1280,24748,Yes,2024-11-16,"Faulty Product",1225.49
1281,38965,Yes,2025-11-18,"Changed Mind",485.68
1282,3615,Yes,2025-12-22,Damaged,1093.75
1283,43768,Yes,2022-05-30,"Late Delivery",1720.87
1284,14538,Yes,2024-07-29,"Changed Mind",517.86
1285,23163,Yes,2023-08-18,"Changed Mind",299.20
1286,38378,Yes,2022-06-13,"Changed Mind",712.70
1287,5293,Yes,2024-06-24,"Changed Mind",735.73
1288,30606,Yes,2023-11-23,"Changed Mind",969.24
1289,14636,Yes,2025-08-29,"Faulty Product",216.86
1290,16919,Yes,2022-05-21,Damaged,764.83
1291,36332,Yes,2025-05-10,Damaged,1162.24
1292,27799,Yes,2023-06-20,"Changed Mind",857.94
1293,1872,Yes,2025-10-06,"Wrong Item",208.20
1294,43846,Yes,2022-11-08,"Wrong Item",225.60
1295,11505,Yes,2025-02-01,"Wrong Item",1255.85
1296,26842,Yes,2023-02-01,"Changed Mind",82.73
1297,21869,Yes,2022-09-18,"Faulty Product",77.92
1298,37365,Yes,2025-12-16,"Faulty Product",414.18
1299,14152,Yes,2022-06-06,"Wrong Item",888.98
1300,35852,Yes,2025-06-04,"Changed Mind",927.87
1301,25687,Yes,2025-08-10,"Wrong Item",279.13
1302,42067,Yes,2022-11-22,"Changed Mind",830.47
1303,32878,Yes,2025-06-29,"Faulty Product",1080.72
1304,45671,Yes,2023-08-03,"Late Delivery",861.38
1305,35842,Yes,2022-07-15,"Wrong Item",982.80
1306,32643,Yes,2023-08-03,"Wrong Item",25.06
1307,35098,Yes,2024-02-04,"Wrong Item",342.14
1308,40445,Yes,2024-12-06,"Wrong Item",1157.31
1309,24084,Yes,2024-07-07,"Faulty Product",1117.31
1310,4327,Yes,2025-04-28,Damaged,86.48
1311,30252,Yes,2024-09-20,Damaged,1332.23
1312,4057,Yes,2023-07-15,"Late Delivery",934.38
1313,41058,Yes,2023-08-21,"Wrong Item",622.44
1314,34016,Yes,2025-03-16,Damaged,651.24
1315,46923,Yes,2023-07-03,"Changed Mind",1256.07
1316,12196,Yes,2024-04-12,"Changed Mind",899.18
1317,15842,Yes,2022-05-24,Damaged,124.98
1318,2691,Yes,2025-11-25,"Changed Mind",408.08
1319,16103,Yes,2024-06-26,"Faulty Product",1194.06
1320,41963,Yes,2023-12-27,"Wrong Item",624.86
1321,15145,Yes,2022-12-30,"Late Delivery",1523.83
1322,10667,Yes,2022-07-08,"Late Delivery",305.16
1323,534,Yes,2024-03-13,"Late Delivery",888.46
1324,25908,Yes,2024-09-05,"Faulty Product",305.69
1325,27096,Yes,2025-08-09,"Changed Mind",267.23
1326,24773,Yes,2025-10-18,Damaged,815.81
1327,31326,Yes,2025-05-21,"Faulty Product",423.05
1328,33781,Yes,2025-06-04,Damaged,903.21
1329,11842,Yes,2022-06-26,"Late Delivery",461.76
1330,49550,Yes,2025-06-14,Damaged,837.59
1331,8182,Yes,2024-11-26,"Late Delivery",584.43
1332,14174,Yes,2023-07-28,"Late Delivery",435.62
1333,33490,Yes,2025-05-11,"Wrong Item",802.28
1334,38490,Yes,2022-10-26,"Faulty Product",827.67
1335,47153,Yes,2022-05-01,"Faulty Product",733.14
1336,3536,Yes,2024-12-16,"Wrong Item",779.71
1337,40054,Yes,2024-03-21,"Late Delivery",420.89
1338,41792,Yes,2025-12-24,"Changed Mind",1216.04
1339,7879,Yes,2024-12-12,"Faulty Product",769.72
1340,38859,Yes,2023-02-24,Damaged,314.29
1341,39665,Yes,2023-05-06,"Changed Mind",315.73
1342,21444,Yes,2022-12-11,"Wrong Item",416.76
1343,14406,Yes,2025-07-26,Damaged,1599.77
1344,48738,Yes,2022-08-15,"Faulty Product",519.22
1345,39529,Yes,2022-05-26,"Faulty Product",408.79
1346,30675,Yes,2022-12-21,"Wrong Item",968.20
1347,32290,Yes,2022-09-19,Damaged,982.85
1348,13472,Yes,2022-01-20,"Faulty Product",494.62
1349,46822,Yes,2024-06-09,"Changed Mind",539.27
1350,31845,Yes,2025-05-08,"Faulty Product",1453.70
1351,10404,Yes,2025-01-26,"Faulty Product",174.70
1352,32692,Yes,2022-10-23,"Wrong Item",1552.55
1353,44766,Yes,2025-09-28,"Faulty Product",736.41
1354,35579,Yes,2022-11-10,"Late Delivery",626.10
1355,19826,Yes,2025-11-12,Damaged,227.25
1356,41067,Yes,2025-02-08,"Faulty Product",524.98
1357,36346,Yes,2025-01-28,Damaged,219.34
1358,14067,Yes,2024-10-04,"Late Delivery",1034.96
1359,30475,Yes,2025-09-15,"Changed Mind",1215.28
1360,40992,Yes,2022-09-13,"Wrong Item",192.82
1361,27101,Yes,2024-07-25,"Late Delivery",651.44
1362,42756,Yes,2023-11-03,"Late Delivery",367.20
1363,20721,Yes,2025-02-01,"Changed Mind",637.04
1364,41269,Yes,2024-12-20,"Changed Mind",500.39
1365,3782,Yes,2024-11-25,Damaged,202.31
1366,46037,Yes,2022-04-26,"Changed Mind",370.47
1367,2082,Yes,2025-10-27,"Wrong Item",1531.31
1368,26787,Yes,2025-06-30,"Changed Mind",273.41
1369,14687,Yes,2024-06-23,"Late Delivery",146.54
1370,5739,Yes,2023-09-25,Damaged,934.51
1371,24401,Yes,2022-11-13,"Wrong Item",488.89
1372,49027,Yes,2023-06-08,"Late Delivery",850.83
1373,2299,Yes,2024-10-24,"Wrong Item",532.61
1374,15990,Yes,2024-12-22,Damaged,241.54
1375,26099,Yes,2022-12-11,"Faulty Product",771.28
1376,6014,Yes,2024-11-25,"Late Delivery",1058.98
1377,41156,Yes,2023-05-03,"Changed Mind",592.50
1378,39714,Yes,2025-05-02,"Changed Mind",143.68
1379,35054,Yes,2024-07-12,"Faulty Product",682.98
1380,29235,Yes,2022-07-13,"Wrong Item",624.05
1381,20696,Yes,2024-09-22,"Changed Mind",339.52
1382,25272,Yes,2025-02-11,"Changed Mind",1073.91
1383,31725,Yes,2022-09-20,"Wrong Item",882.86
1384,3501,Yes,2024-03-21,"Changed Mind",206.23
1385,32483,Yes,2025-10-02,Damaged,514.76
1386,46724,Yes,2024-08-04,Damaged,983.75
1387,18663,Yes,2023-10-25,"Wrong Item",624.43
1388,34412,Yes,2023-09-19,Damaged,1013.67
1389,43354,Yes,2022-07-20,"Wrong Item",941.11
1390,45067,Yes,2023-06-24,"Changed Mind",334.77
1391,44928,Yes,2023-12-22,Damaged,887.29
1392,33213,Yes,2023-11-27,"Wrong Item",1309.26
1393,31161,Yes,2023-12-22,"Wrong Item",458.54
1394,42793,Yes,2023-08-26,"Changed Mind",736.21
1395,17160,Yes,2022-07-28,"Late Delivery",816.09
1396,16667,Yes,2025-09-22,"Changed Mind",289.54
1397,20777,Yes,2023-03-20,Damaged,1399.31
1398,43416,Yes,2022-05-19,"Wrong Item",917.81
1399,12821,Yes,2022-02-28,"Faulty Product",194.71
1400,15520,Yes,2025-01-18,"Changed Mind",1180.80
1401,25872,Yes,2022-03-14,"Changed Mind",242.16
1402,49651,Yes,2025-07-13,"Changed Mind",472.17
1403,13133,Yes,2023-11-25,Damaged,821.63
1404,47842,Yes,2023-08-03,"Faulty Product",1835.49
1405,2319,Yes,2024-12-29,"Wrong Item",1391.98
1406,38709,Yes,2023-11-29,"Faulty Product",582.96
1407,24854,Yes,2022-06-12,Damaged,1302.47
1408,23671,Yes,2025-07-11,"Faulty Product",124.88
1409,40556,Yes,2024-03-30,"Changed Mind",517.23
1410,30512,Yes,2022-08-05,"Late Delivery",1056.65
1411,19715,Yes,2023-05-17,"Wrong Item",586.10
1412,17323,Yes,2025-08-17,"Late Delivery",93.48
1413,45927,Yes,2025-08-26,"Changed Mind",1005.51
1414,923,Yes,2024-02-06,"Wrong Item",1493.45
1415,12480,Yes,2024-10-12,"Changed Mind",120.78
1416,12394,Yes,2022-10-15,Damaged,243.96
1417,16079,Yes,2023-10-16,"Changed Mind",863.78
1418,33165,Yes,2024-02-21,"Faulty Product",1304.53
1419,5691,Yes,2023-02-26,"Wrong Item",70.87
1420,10040,Yes,2024-09-20,"Wrong Item",10.02
1421,41945,Yes,2022-11-04,"Faulty Product",911.68
1422,18906,Yes,2023-03-17,"Wrong Item",101.20
1423,14439,Yes,2025-03-10,Damaged,875.16
1424,5669,Yes,2024-12-09,Damaged,79.70
1425,19543,Yes,2023-04-11,"Wrong Item",723.92
1426,11807,Yes,2022-08-29,Damaged,1103.13
1427,4877,Yes,2025-04-09,"Wrong Item",306.26
1428,10749,Yes,2023-12-19,"Changed Mind",259.70
1429,8410,Yes,2022-08-09,"Changed Mind",327.75
1430,13164,Yes,2024-03-13,"Wrong Item",411.24
1431,18871,Yes,2023-08-13,"Late Delivery",465.81
1432,14236,Yes,2025-05-13,"Wrong Item",1074.06
1433,14852,Yes,2023-11-19,"Faulty Product",1032.85
1434,19429,Yes,2024-11-22,"Changed Mind",1070.01
1435,28959,Yes,2024-12-25,"Late Delivery",785.83
1436,30522,Yes,2022-10-14,"Faulty Product",285.16
1437,7253,Yes,2025-08-04,Damaged,750.28
1438,34825,Yes,2022-12-16,Damaged,1635.36
1439,3656,Yes,2022-08-08,"Wrong Item",347.95
1440,9488,Yes,2024-06-24,"Late Delivery",1323.62
1441,39230,Yes,2024-12-25,"Late Delivery",276.36
1442,46925,Yes,2024-07-10,Damaged,854.98
1443,1695,Yes,2023-10-03,"Faulty Product",838.97
1444,37698,Yes,2023-12-01,"Changed Mind",601.66
1445,4196,Yes,2023-10-13,"Wrong Item",980.54
1446,1025,Yes,2022-04-20,Damaged,359.25
1447,26667,Yes,2024-12-25,Damaged,198.51
1448,33204,Yes,2024-09-26,"Late Delivery",899.83
1449,22214,Yes,2024-06-07,"Faulty Product",852.01
1450,47980,Yes,2023-09-28,"Wrong Item",525.09
1451,15067,Yes,2022-06-19,"Faulty Product",998.88
1452,17251,Yes,2024-10-18,Damaged,1505.93
1453,16492,Yes,2024-03-31,"Faulty Product",646.28
1454,33772,Yes,2024-07-15,"Late Delivery",210.06
1455,16598,Yes,2022-01-24,"Changed Mind",696.45
1456,21602,Yes,2024-10-04,"Faulty Product",882.61
1457,14545,Yes,2023-12-09,"Late Delivery",1397.91
1458,3971,Yes,2025-12-17,"Wrong Item",506.30
1459,30518,Yes,2022-05-22,"Changed Mind",1763.50
1460,48375,Yes,2025-01-18,"Changed Mind",800.02
1461,23579,Yes,2022-04-27,"Changed Mind",206.27
1462,15551,Yes,2022-12-19,"Wrong Item",804.58
1463,46158,Yes,2025-06-26,"Faulty Product",139.89
1464,22480,Yes,2022-01-24,Damaged,98.80
1465,38349,Yes,2022-05-22,"Late Delivery",282.77
1466,348,Yes,2022-09-12,Damaged,27.84
1467,30438,Yes,2024-05-21,"Faulty Product",240.67
1468,2503,Yes,2025-07-13,"Wrong Item",1493.47
1469,31899,Yes,2024-07-23,"Late Delivery",409.49
1470,7090,Yes,2023-05-01,"Faulty Product",643.46
1471,12540,Yes,2025-12-09,"Faulty Product",658.98
1472,3220,Yes,2023-07-25,"Late Delivery",588.60
1473,25073,Yes,2025-09-22,"Wrong Item",671.24
1474,3722,Yes,2023-12-29,"Changed Mind",305.34
1475,28786,Yes,2023-11-30,"Changed Mind",286.65
1476,7880,Yes,2025-06-08,"Faulty Product",616.60
1477,42628,Yes,2024-05-08,"Changed Mind",250.62
1478,25819,Yes,2024-06-25,"Late Delivery",1142.40
1479,21261,Yes,2025-12-16,"Faulty Product",853.76
1480,3678,Yes,2024-05-31,"Faulty Product",611.40
1481,16068,Yes,2023-10-11,Damaged,792.08
1482,22535,Yes,2022-05-08,"Changed Mind",364.42
1483,39909,Yes,2024-07-08,Damaged,815.15
1484,10009,Yes,2025-10-12,"Late Delivery",749.54
1485,8143,Yes,2023-11-06,Damaged,290.23
1486,37375,Yes,2022-05-28,"Late Delivery",465.89
1487,22470,Yes,2023-04-01,"Wrong Item",883.61
1488,18287,Yes,2024-04-08,"Faulty Product",1057.58
1489,17165,Yes,2024-05-01,Damaged,687.48
1490,45914,Yes,2022-12-03,"Late Delivery",66.88
1491,21267,Yes,2024-11-11,"Late Delivery",413.96
1492,27585,Yes,2023-08-30,"Wrong Item",580.31
1493,5706,Yes,2022-08-23,"Changed Mind",964.62
1494,44529,Yes,2023-07-05,"Faulty Product",455.72
1495,20523,Yes,2024-09-30,"Late Delivery",1148.75
1496,30148,Yes,2022-11-28,"Late Delivery",340.52
1497,23200,Yes,2024-08-16,"Wrong Item",1027.49
1498,39317,Yes,2024-09-28,"Late Delivery",208.19
1499,4951,Yes,2022-05-21,"Faulty Product",501.97
1500,7501,Yes,2024-11-17,"Changed Mind",373.26
1501,244,Yes,2025-06-24,Damaged,886.57
1502,32247,Yes,2024-08-20,Damaged,213.19
1503,11859,Yes,2022-09-13,Damaged,1216.10
1504,2707,Yes,2025-01-09,Damaged,333.81
1505,43427,Yes,2022-12-30,"Faulty Product",999.22
1506,35959,Yes,2024-09-14,"Changed Mind",663.83
1507,1207,Yes,2026-01-04,"Late Delivery",1088.31
1508,36801,Yes,2023-03-07,"Wrong Item",206.23
1509,28427,Yes,2022-04-08,"Faulty Product",685.11
1510,19097,Yes,2024-07-18,"Changed Mind",476.56
1511,22586,Yes,2024-08-11,"Late Delivery",1046.33
1512,24129,Yes,2025-08-09,"Late Delivery",223.42
1513,20753,Yes,2024-07-11,"Late Delivery",219.08
1514,12138,Yes,2022-12-15,"Faulty Product",211.51
1515,36035,Yes,2025-06-11,"Faulty Product",357.02
1516,19353,Yes,2023-12-12,"Late Delivery",853.04
1517,63,Yes,2022-05-15,Damaged,1609.03
1518,41482,Yes,2025-08-29,"Changed Mind",912.14
1519,13408,Yes,2023-08-05,Damaged,843.87
1520,32630,Yes,2023-01-28,"Changed Mind",1288.44
1521,5061,Yes,2022-02-07,"Faulty Product",880.59
1522,40657,Yes,2023-01-07,"Faulty Product",764.94
1523,41161,Yes,2023-03-27,"Changed Mind",1095.16
1524,8121,Yes,2023-10-22,"Late Delivery",1263.57
1525,39055,Yes,2023-12-22,"Late Delivery",1640.47
1526,21219,Yes,2026-01-14,"Late Delivery",1165.49
1527,10654,Yes,2023-06-06,"Faulty Product",171.25
1528,48642,Yes,2022-10-08,"Changed Mind",86.16
1529,3135,Yes,2023-03-08,"Late Delivery",36.75
1530,13748,Yes,2022-06-05,Damaged,1159.95
1531,31766,Yes,2025-05-30,"Wrong Item",636.16
1532,17088,Yes,2024-07-25,"Wrong Item",301.19
1533,15750,Yes,2023-12-13,"Faulty Product",49.58
1534,21739,Yes,2025-10-24,"Changed Mind",151.60
1535,3571,Yes,2023-08-06,"Late Delivery",10.50
1536,8653,Yes,2023-08-11,"Late Delivery",168.62
1537,12734,Yes,2024-08-28,"Faulty Product",612.59
1538,21824,Yes,2022-12-28,"Changed Mind",138.33
1539,6558,Yes,2025-12-25,"Late Delivery",444.50
1540,44992,Yes,2025-06-21,Damaged,1143.67
1541,3310,Yes,2025-01-15,"Faulty Product",1135.51
1542,14873,Yes,2022-02-10,"Changed Mind",736.87
1543,36487,Yes,2023-10-09,"Faulty Product",109.65
1544,39077,Yes,2022-05-13,"Late Delivery",338.73
1545,39131,Yes,2024-10-03,"Late Delivery",1236.60
1546,11586,Yes,2025-07-02,"Late Delivery",906.31
1547,6040,Yes,2023-06-01,"Late Delivery",1418.82
1548,24949,Yes,2023-04-21,"Changed Mind",758.31
1549,5513,Yes,2024-05-06,Damaged,97.81
1550,12487,Yes,2024-09-29,"Changed Mind",671.94
1551,28939,Yes,2025-03-23,"Changed Mind",462.53
1552,77,Yes,2022-08-21,"Changed Mind",1369.76
1553,5229,Yes,2024-03-11,"Changed Mind",1288.96
1554,7714,Yes,2023-06-12,"Late Delivery",454.29
1555,14982,Yes,2024-12-14,"Faulty Product",536.28
1556,3889,Yes,2025-04-14,"Changed Mind",1009.28
1557,36164,Yes,2024-05-13,"Wrong Item",70.68
1558,8628,Yes,2022-03-06,"Changed Mind",526.96
1559,22313,Yes,2022-11-19,"Changed Mind",1192.39
1560,19673,Yes,2023-12-22,"Late Delivery",1311.79
1561,34660,Yes,2025-12-16,"Changed Mind",570.18
1562,14448,Yes,2025-09-17,"Wrong Item",842.92
1563,5416,Yes,2023-07-12,Damaged,142.12
1564,36443,Yes,2024-11-19,Damaged,481.06
1565,49969,Yes,2025-06-08,Damaged,1359.08
1566,30246,Yes,2023-03-20,"Wrong Item",982.36
1567,11516,Yes,2022-06-09,"Changed Mind",809.96
1568,45113,Yes,2024-09-26,"Late Delivery",206.66
1569,42177,Yes,2024-06-06,Damaged,1228.21
1570,3531,Yes,2025-03-09,Damaged,337.63
1571,22767,Yes,2022-03-24,"Changed Mind",399.38
1572,6736,Yes,2022-03-25,"Late Delivery",445.29
1573,12829,Yes,2025-08-22,"Late Delivery",683.63
1574,34686,Yes,2025-12-11,Damaged,689.52
1575,32062,Yes,2025-12-30,Damaged,328.88
1576,29336,Yes,2023-03-09,"Changed Mind",249.82
1577,49466,Yes,2025-12-19,"Late Delivery",856.61
1578,11719,Yes,2023-07-06,"Changed Mind",220.54
1579,15841,Yes,2024-05-31,Damaged,1535.33
1580,22344,Yes,2025-04-30,"Faulty Product",133.25
1581,35171,Yes,2022-10-12,"Late Delivery",1114.89
1582,10267,Yes,2023-05-08,"Faulty Product",1062.46
1583,6222,Yes,2025-12-20,"Late Delivery",505.20
1584,20044,Yes,2024-04-23,Damaged,393.34
1585,16253,Yes,2025-11-22,"Changed Mind",416.05
1586,39831,Yes,2025-06-28,"Faulty Product",424.39
1587,31082,Yes,2025-12-02,"Changed Mind",459.03
1588,9139,Yes,2022-10-16,"Late Delivery",362.70
1589,5722,Yes,2025-03-13,Damaged,1141.88
1590,5998,Yes,2023-11-30,"Late Delivery",610.27
1591,9675,Yes,2022-08-01,"Changed Mind",391.34
1592,18253,Yes,2024-07-25,"Faulty Product",236.38
1593,29857,Yes,2023-07-21,"Late Delivery",577.36
1594,16540,Yes,2025-05-09,"Wrong Item",1227.36
1595,9758,Yes,2022-09-24,"Faulty Product",1101.86
1596,12353,Yes,2023-01-01,"Late Delivery",483.05
1597,444444,NO,2025-08-01,"Faulty Product",775.84
1598,27326,Yes,2024-07-14,"Faulty Product",949.46
1599,29069,Yes,2023-02-06,"Faulty Product",1397.34
1600,35089,Yes,2023-05-28,"Faulty Product",276.57
1601,43771,Yes,2024-06-27,"Late Delivery",297.14
1602,28795,Yes,2025-03-10,"Late Delivery",448.42
1603,26050,Yes,2022-04-11,"Changed Mind",176.73
1604,47560,Yes,2025-05-28,"Late Delivery",1169.01
1605,23652,Yes,2023-04-02,"Late Delivery",436.16
1606,34872,Yes,2022-12-15,"Changed Mind",581.40
1607,33714,Yes,2022-09-11,"Wrong Item",59.91
1608,39497,Yes,2022-10-03,"Changed Mind",1335.90
1609,35919,Yes,2025-05-13,"Changed Mind",176.73
1610,46536,Yes,2023-09-21,"Changed Mind",1316.52
1611,10408,Yes,2024-07-22,"Changed Mind",426.87
1612,14964,Yes,2024-08-05,"Late Delivery",968.10
1613,21187,Yes,2022-03-13,"Changed Mind",199.08
1614,23486,Yes,2024-10-10,"Changed Mind",121.89
1615,11834,Yes,2024-05-18,Damaged,1028.49
1616,3839,Yes,2023-10-01,"Late Delivery",1075.19
1617,3821,Yes,2024-07-09,"Late Delivery",637.30
1618,17557,Yes,2024-06-30,"Wrong Item",213.87
1619,44425,Yes,2024-08-22,"Changed Mind",139.27
1620,32968,Yes,2025-07-13,"Faulty Product",1010.06
1621,9489,Yes,2023-10-15,"Late Delivery",749.68
1622,14188,Yes,2024-07-21,"Wrong Item",1418.30
1623,32961,Yes,2025-12-29,"Wrong Item",266.97
1624,7762,Yes,2025-06-21,"Wrong Item",437.03
1625,8134,Yes,2022-12-11,"Changed Mind",1263.12
1626,10902,Yes,2022-08-19,"Faulty Product",1426.61
1627,49696,Yes,2023-06-29,"Wrong Item",181.94
1628,19205,Yes,2025-11-29,"Wrong Item",450.92
1629,34211,Yes,2023-02-24,"Wrong Item",517.54
1630,4824,Yes,2022-06-23,Damaged,1191.92
1631,1901,Yes,2025-03-05,"Changed Mind",1069.17
1632,14081,Yes,2024-02-04,Damaged,194.57
1633,26340,Yes,2025-05-15,"Changed Mind",1199.89
1634,26441,Yes,2024-12-04,"Faulty Product",405.73
1635,41851,Yes,2022-08-25,Damaged,1010.94
1636,34407,Yes,2023-07-03,"Faulty Product",77.61
1637,15780,Yes,2025-05-22,"Wrong Item",497.91
1638,44590,Yes,2023-03-09,"Changed Mind",218.46
1639,46516,Yes,2024-10-11,"Changed Mind",1131.16
1640,40810,Yes,2025-11-19,"Changed Mind",536.65
1641,28382,Yes,2024-09-16,"Late Delivery",239.30
1642,8115,Yes,2023-05-07,"Wrong Item",578.91
1643,22506,Yes,2024-12-06,"Changed Mind",882.61
1644,32850,Yes,2022-07-03,"Late Delivery",942.33
1645,10859,Yes,2024-02-27,"Wrong Item",69.69
1646,43054,Yes,2024-10-25,"Late Delivery",669.11
1647,22084,Yes,2022-02-12,"Late Delivery",361.47
1648,7174,Yes,2023-06-03,"Changed Mind",74.77
1649,46422,Yes,2022-12-22,"Faulty Product",822.63
1650,44665,Yes,2024-03-22,"Wrong Item",114.29
1651,44094,Yes,2025-10-24,"Late Delivery",877.96
1652,4445,Yes,2024-12-17,"Changed Mind",1205.88
1653,6118,Yes,2023-12-29,"Faulty Product",98.15
1654,22947,Yes,2025-06-11,"Late Delivery",1310.86
1655,43425,Yes,2024-11-13,Damaged,309.25
1656,31880,Yes,2024-11-27,"Wrong Item",658.13
1657,35051,Yes,2023-08-05,"Faulty Product",1189.13
1658,4019,Yes,2025-07-09,"Late Delivery",1023.20
1659,37897,Yes,2025-09-05,"Changed Mind",1047.25
1660,27422,Yes,2022-10-13,"Faulty Product",703.96
1661,46711,Yes,2025-01-09,"Late Delivery",935.05
1662,44684,Yes,2022-11-19,"Changed Mind",36.27
1663,29218,Yes,2025-06-14,"Changed Mind",1642.06
1664,45678,Yes,2024-08-28,"Late Delivery",830.70
1665,40789,Yes,2023-04-27,"Late Delivery",729.32
1666,26662,Yes,2022-11-28,"Late Delivery",149.92
1667,48918,Yes,2025-09-10,"Wrong Item",84.22
1668,8191,Yes,2024-12-17,"Faulty Product",302.90
1669,18072,Yes,2025-09-17,"Wrong Item",608.02
1670,18120,Yes,2025-03-24,"Wrong Item",560.01
1671,36559,Yes,2025-08-07,Damaged,457.05
1672,27314,Yes,2023-11-11,"Late Delivery",977.61
1673,32609,Yes,2025-01-16,"Faulty Product",692.41
1674,6718,Yes,2025-12-04,"Late Delivery",132.79
1675,49905,Yes,2024-09-12,Damaged,287.46
1676,45071,Yes,2024-03-07,Damaged,963.49
1677,36693,Yes,2022-11-20,"Wrong Item",551.90
1678,27366,Yes,2022-02-27,"Late Delivery",728.28
1679,49418,Yes,2025-05-24,Damaged,197.68
1680,41715,Yes,2024-04-20,"Wrong Item",679.36
1681,32124,Yes,2025-02-16,"Wrong Item",312.28
1682,2289,Yes,2024-12-03,"Faulty Product",625.32
1683,21069,Yes,2023-04-12,"Wrong Item",868.78
1684,18701,Yes,2023-06-27,"Wrong Item",1183.30
1685,16217,Yes,2025-09-29,"Late Delivery",562.89
1686,6920,Yes,2022-12-02,Damaged,777.87
1687,29832,Yes,2023-12-30,"Late Delivery",1490.47
1688,22101,Yes,2024-06-20,"Wrong Item",267.54
1689,7390,Yes,2025-04-14,"Wrong Item",282.32
1690,8227,Yes,2022-06-26,"Faulty Product",216.32
1691,16599,Yes,2024-12-03,"Late Delivery",402.19
1692,45246,Yes,2024-11-05,"Wrong Item",72.24
1693,47561,Yes,2024-06-22,"Faulty Product",199.05
1694,10172,Yes,2025-02-10,"Changed Mind",32.34
1695,26263,Yes,2023-05-30,"Late Delivery",939.97
1696,32792,Yes,2022-01-15,"Wrong Item",496.01
1697,36082,Yes,2023-03-12,Damaged,185.53
1698,19896,Yes,2025-08-16,"Wrong Item",95.71
1699,15229,Yes,2023-06-22,Damaged,117.39
1700,22105,Yes,2023-04-13,"Wrong Item",1157.00
1701,42763,Yes,2024-01-08,"Wrong Item",875.17
1702,33955,Yes,2024-09-04,Damaged,754.66
1703,13333,Yes,2023-04-07,Damaged,765.14
1704,39158,Yes,2022-05-22,"Wrong Item",1655.94
1705,33501,Yes,2023-11-14,"Faulty Product",396.91
1706,23467,Yes,2022-12-26,"Changed Mind",1399.53
1707,45198,Yes,2023-08-16,"Faulty Product",1264.45
1708,13720,Yes,2025-09-03,"Late Delivery",1155.47
1709,24298,Yes,2023-06-14,"Wrong Item",914.67
1710,12411,Yes,2022-04-20,"Late Delivery",302.89
1711,7730,Yes,2022-06-14,"Wrong Item",512.85
1712,28368,Yes,2023-06-17,"Late Delivery",828.93
1713,34039,Yes,2022-10-09,"Changed Mind",1171.06
1714,19803,Yes,2024-04-07,"Faulty Product",1253.12
1715,753,Yes,2022-04-19,"Faulty Product",1093.03
1716,34573,Yes,2024-03-07,Damaged,35.81
1717,30190,Yes,2024-12-04,"Late Delivery",698.95
1718,4408,Yes,2025-11-30,"Changed Mind",603.69
1719,34633,Yes,2023-12-14,"Wrong Item",913.74
1720,26753,Yes,2024-01-12,Damaged,1155.93
1721,38081,Yes,2023-08-28,"Late Delivery",900.44
1722,36800,Yes,2023-12-04,"Late Delivery",699.50
1723,14190,Yes,2025-05-24,"Late Delivery",653.32
1724,22979,Yes,2023-12-24,"Faulty Product",1173.82
1725,20303,Yes,2023-10-20,Damaged,682.48
1726,16528,Yes,2023-06-29,"Wrong Item",597.30
1727,15424,Yes,2025-12-10,"Late Delivery",195.37
1728,2605,Yes,2023-07-27,"Changed Mind",1248.57
1729,32324,Yes,2025-12-14,Damaged,825.04
1730,39763,Yes,2024-12-04,"Wrong Item",371.21
1731,18888,Yes,2025-05-19,Damaged,1574.41
1732,18562,Yes,2022-04-30,"Wrong Item",1005.11
1733,27533,Yes,2022-03-04,"Changed Mind",231.38
1734,11025,Yes,2022-12-15,"Faulty Product",657.39
1735,24260,Yes,2025-09-07,"Faulty Product",473.10
1736,45923,Yes,2024-07-18,"Faulty Product",875.43
1737,22785,Yes,2023-10-29,"Late Delivery",264.45
1738,22198,Yes,2025-11-21,"Changed Mind",847.74
1739,10392,Yes,2024-01-07,"Faulty Product",731.99
1740,25229,Yes,2024-08-23,"Faulty Product",738.35
1741,30089,Yes,2024-01-21,"Changed Mind",417.85
1742,3904,Yes,2023-06-06,"Faulty Product",205.67
1743,8926,Yes,2024-04-30,"Late Delivery",1698.16
1744,40269,Yes,2023-12-08,"Changed Mind",716.51
1745,8028,Yes,2023-09-17,"Faulty Product",641.97
1746,24637,Yes,2022-06-30,"Wrong Item",406.71
1747,26579,Yes,2024-12-27,"Late Delivery",767.99
1748,12500,Yes,2023-04-11,"Wrong Item",582.08
1749,22903,Yes,2025-07-02,"Changed Mind",276.47
1750,9916,Yes,2022-09-19,"Faulty Product",770.59
1751,18030,Yes,2025-07-11,"Faulty Product",767.33
1752,46253,Yes,2024-12-26,"Faulty Product",1326.60
1753,2200,Yes,2025-11-30,"Wrong Item",91.74
1754,4454,Yes,2022-10-05,"Faulty Product",933.79
1755,31418,Yes,2022-03-10,"Wrong Item",416.33
1756,36514,Yes,2022-05-29,"Faulty Product",836.58
1757,37051,Yes,2024-11-23,"Faulty Product",337.45
1758,3119,Yes,2024-09-27,"Faulty Product",1209.45
1759,30637,Yes,2023-09-17,"Changed Mind",854.19
1760,31513,Yes,2024-04-24,"Faulty Product",392.52
1761,11913,Yes,2023-02-17,"Late Delivery",1236.05
1762,15266,Yes,2023-04-22,Damaged,254.20
1763,24798,Yes,2024-11-18,"Wrong Item",299.41
1764,8162,Yes,2025-10-16,Damaged,832.21
1765,17043,Yes,2024-04-21,"Wrong Item",457.27
1766,29994,Yes,2025-07-06,"Changed Mind",132.29
1767,39857,Yes,2023-07-14,"Wrong Item",634.29
1768,27042,Yes,2022-05-22,Damaged,670.42
1769,6036,Yes,2025-09-09,"Faulty Product",1152.75
1770,28441,Yes,2023-06-22,Damaged,702.44
1771,5566,Yes,2023-06-20,"Wrong Item",777.27
1772,22893,Yes,2023-07-18,"Changed Mind",576.28
1773,45291,Yes,2024-09-20,"Wrong Item",101.49
1774,37521,Yes,2023-12-12,"Late Delivery",691.17
1775,13965,Yes,2023-08-05,"Faulty Product",1007.26
1776,27785,Yes,2025-12-20,"Faulty Product",705.29
1777,9382,Yes,2024-01-27,"Faulty Product",939.71
1778,24328,Yes,2024-12-12,"Late Delivery",332.63
1779,36176,Yes,2024-08-25,"Faulty Product",1244.00
1780,13503,Yes,2025-10-06,"Faulty Product",666.61
1781,23889,Yes,2023-10-21,"Faulty Product",912.16
1782,8718,Yes,2025-04-16,"Changed Mind",931.27
1783,3402,Yes,2024-04-12,"Wrong Item",700.64
1784,4275,Yes,2024-07-11,"Faulty Product",842.99
1785,15427,Yes,2024-05-21,"Late Delivery",762.69
1786,44977,Yes,2022-05-06,"Late Delivery",686.13
1787,29971,Yes,2023-09-22,Damaged,785.58
1788,28225,Yes,2025-01-14,Damaged,751.59
1789,12362,Yes,2023-06-08,"Changed Mind",87.03
1790,18800,Yes,2025-07-18,"Wrong Item",619.27
1791,26019,Yes,2023-12-11,"Wrong Item",9.03
1792,15668,Yes,2023-01-06,"Wrong Item",1170.54
1793,11965,Yes,2025-07-18,"Faulty Product",806.52
1794,10286,Yes,2025-01-13,"Wrong Item",301.42
1795,24163,Yes,2022-04-11,"Faulty Product",1679.86
1796,44401,Yes,2025-12-12,"Late Delivery",669.45
1797,35425,Yes,2023-07-02,"Wrong Item",543.97
1798,42823,Yes,2023-12-20,Damaged,645.39
1799,2896,Yes,2026-01-01,"Wrong Item",85.36
1800,47632,Yes,2023-02-26,"Wrong Item",1268.86
1801,8193,Yes,2025-04-15,Damaged,1195.58
1802,20851,Yes,2024-12-27,"Late Delivery",404.61
1803,28198,Yes,2025-12-04,"Wrong Item",929.31
1804,43539,Yes,2023-01-01,"Changed Mind",578.11
1805,42792,Yes,2025-07-25,Damaged,112.84
1806,1890,Yes,2025-02-28,"Late Delivery",1101.47
1807,37590,Yes,2024-10-02,"Changed Mind",13.05
1808,43450,Yes,2024-12-23,Damaged,240.17
1809,9285,Yes,2023-07-11,Damaged,661.08
1810,48016,Yes,2023-12-31,Damaged,1047.08
1811,46013,Yes,2022-11-23,"Faulty Product",215.56
1812,11150,Yes,2025-06-26,Damaged,112.43
1813,35522,Yes,2022-04-03,"Faulty Product",867.05
1814,38781,Yes,2022-12-29,"Wrong Item",610.56
1815,27360,Yes,2022-02-23,"Changed Mind",1128.17
1816,6958,Yes,2023-06-18,"Late Delivery",719.08
1817,40633,Yes,2024-12-21,"Late Delivery",999.10
1818,33080,Yes,2024-04-09,"Changed Mind",405.27
1819,36705,Yes,2024-09-30,"Changed Mind",686.76
1820,4592,Yes,2024-12-15,"Changed Mind",300.54
1821,44303,Yes,2022-08-09,Damaged,985.13
1822,16278,Yes,2023-06-15,"Changed Mind",278.58
1823,37495,Yes,2024-07-13,"Faulty Product",1346.74
1824,450,Yes,2024-09-15,"Faulty Product",568.03
1825,47973,Yes,2022-06-12,"Late Delivery",289.40
1826,38541,Yes,2022-06-29,Damaged,1052.01
1827,40883,Yes,2024-12-13,"Faulty Product",1238.13
1828,28085,Yes,2022-05-04,Damaged,1132.15
1829,15395,Yes,2023-09-10,"Faulty Product",211.69
1830,11901,Yes,2022-11-30,Damaged,854.67
1831,16976,Yes,2022-07-21,"Late Delivery",230.16
1832,167,Yes,2024-07-22,Damaged,599.08
1833,35261,Yes,2022-02-14,"Changed Mind",272.42
1834,34514,Yes,2024-07-01,"Wrong Item",502.76
1835,28132,Yes,2022-07-17,"Late Delivery",294.83
1836,8622,Yes,2022-06-27,"Late Delivery",531.46
1837,12990,Yes,2022-09-28,"Faulty Product",187.01
1838,17155,Yes,2022-12-15,"Wrong Item",85.40
1839,39601,Yes,2024-12-23,"Faulty Product",1176.68
1840,11782,Yes,2025-09-18,"Faulty Product",792.32
1841,21713,Yes,2023-01-26,Damaged,1115.48
1842,18934,Yes,2024-09-01,"Changed Mind",355.32
1843,4801,Yes,2024-09-20,Damaged,280.48
1844,34086,Yes,2025-11-29,Damaged,603.55
1845,8327,Yes,2022-08-12,"Faulty Product",754.99
1846,37747,Yes,2023-07-14,"Late Delivery",423.52
1847,26339,Yes,2024-02-28,"Changed Mind",250.28
1848,37609,Yes,2023-01-29,"Changed Mind",831.09
1849,1223,Yes,2024-05-06,"Wrong Item",387.31
1850,25139,Yes,2024-06-05,"Late Delivery",486.08
1851,3734,Yes,2023-12-17,Damaged,461.63
1852,38682,Yes,2025-10-15,"Late Delivery",1480.37
1853,1528,Yes,2022-12-01,"Changed Mind",425.25
1854,33081,Yes,2022-09-23,"Faulty Product",304.92
1855,38406,Yes,2024-10-16,"Late Delivery",739.89
1856,7087,Yes,2023-12-02,"Late Delivery",583.69
1857,13498,Yes,2024-11-18,"Faulty Product",204.04
1858,1036,Yes,2022-10-17,"Wrong Item",747.30
1859,15295,Yes,2024-11-27,Damaged,1034.32
1860,10396,Yes,2024-11-03,"Wrong Item",823.68
1861,8868,Yes,2025-06-02,"Changed Mind",1013.49
1862,20119,Yes,2024-05-14,"Faulty Product",584.50
1863,25927,Yes,2022-05-18,"Wrong Item",195.54
1864,10761,Yes,2022-08-30,"Late Delivery",543.08
1865,16559,Yes,2022-08-10,"Changed Mind",1158.86
1866,3204,Yes,2024-12-09,"Changed Mind",202.81
1867,2185,Yes,2022-06-14,Damaged,980.46
1868,34544,Yes,2023-06-13,"Changed Mind",772.40
1869,444444,NO,2024-07-21,"Wrong Item",465.90
1870,47919,Yes,2023-09-01,"Wrong Item",129.50
1871,33569,Yes,2025-11-11,Damaged,551.00
1872,30649,Yes,2023-08-23,"Late Delivery",160.33
1873,11033,Yes,2025-06-23,"Faulty Product",110.74
1874,17153,Yes,2024-11-30,"Faulty Product",552.83
1875,23932,Yes,2023-09-22,"Wrong Item",852.72
1876,11091,Yes,2025-07-02,"Changed Mind",277.96
1877,42760,Yes,2024-12-12,Damaged,1670.80
1878,542,Yes,2024-09-16,"Changed Mind",1035.30
1879,15645,Yes,2022-08-31,"Faulty Product",74.36
1880,16686,Yes,2024-05-17,"Faulty Product",340.53
1881,18714,Yes,2025-02-28,"Faulty Product",540.87
1882,36358,Yes,2025-10-13,"Faulty Product",1108.97
1883,19656,Yes,2025-05-19,"Changed Mind",798.12
1884,19094,Yes,2025-09-30,Damaged,9.35
1885,38903,Yes,2024-06-01,"Late Delivery",621.75
1886,47144,Yes,2022-06-20,"Late Delivery",1218.52
1887,49035,Yes,2024-10-21,"Wrong Item",486.73
1888,30098,Yes,2022-10-11,"Late Delivery",1404.26
1889,26251,Yes,2022-07-04,"Changed Mind",676.06
1890,42264,Yes,2023-08-10,Damaged,1304.87
1891,41976,Yes,2024-12-31,Damaged,960.63
1892,4047,Yes,2022-11-26,"Changed Mind",1290.15
1893,33557,Yes,2022-12-03,"Faulty Product",410.16
1894,31671,Yes,2023-12-09,Damaged,333.62
1895,39371,Yes,2022-05-28,"Wrong Item",455.81
1896,4697,Yes,2024-08-07,"Changed Mind",802.47
1897,49604,Yes,2023-11-23,Damaged,248.03
1898,21218,Yes,2025-08-03,"Wrong Item",755.21
1899,18907,Yes,2022-12-16,"Changed Mind",211.43
1900,19691,Yes,2022-07-23,"Late Delivery",682.70
1901,24877,Yes,2023-05-17,"Wrong Item",288.83
1902,41058,Yes,2023-08-19,Damaged,531.51
1903,1704,Yes,2025-01-09,"Changed Mind",1292.24
1904,5328,Yes,2024-09-25,Damaged,1089.57
1905,29415,Yes,2024-10-25,Damaged,1325.65
1906,39035,Yes,2025-12-09,"Wrong Item",1370.85
1907,23391,Yes,2022-11-26,Damaged,702.71
1908,19371,Yes,2023-11-29,"Late Delivery",617.50
1909,43039,Yes,2022-09-25,"Faulty Product",788.99
1910,34261,Yes,2024-09-03,Damaged,77.67
1911,2560,Yes,2023-08-21,"Wrong Item",539.34
1912,29801,Yes,2022-05-03,"Changed Mind",740.73
1913,22970,Yes,2025-04-26,"Late Delivery",139.20
1914,38131,Yes,2025-04-03,Damaged,869.85
1915,24932,Yes,2025-08-10,"Faulty Product",922.63
1916,34923,Yes,2022-09-19,Damaged,355.32
1917,43801,Yes,2025-03-05,"Faulty Product",622.99
1918,2904,Yes,2024-10-15,Damaged,418.81
1919,17263,Yes,2022-10-14,"Wrong Item",789.26
1920,21917,Yes,2022-12-14,"Changed Mind",9.53
1921,38670,Yes,2025-10-06,"Wrong Item",797.17
1922,31991,Yes,2023-07-19,"Wrong Item",581.32
1923,15021,Yes,2023-05-11,"Changed Mind",218.28
1924,2825,Yes,2024-06-27,"Faulty Product",1209.44
1925,22743,Yes,2022-05-24,"Wrong Item",358.57
1926,37062,Yes,2025-05-17,"Changed Mind",1315.08
1927,10337,Yes,2024-07-16,"Changed Mind",1011.32
1928,32866,Yes,2022-09-16,"Changed Mind",901.76
1929,13172,Yes,2025-01-02,Damaged,136.09
1930,16547,Yes,2022-11-04,"Wrong Item",230.15
1931,28587,Yes,2025-05-25,"Changed Mind",754.79
1932,28685,Yes,2023-01-01,"Faulty Product",571.59
1933,9401,Yes,2024-10-04,Damaged,1388.15
1934,46695,Yes,2022-08-19,"Wrong Item",844.76
1935,15190,Yes,2023-08-13,"Changed Mind",969.57
1936,49360,Yes,2023-02-21,"Wrong Item",941.65
1937,17273,Yes,2022-08-26,"Faulty Product",396.83
1938,7361,Yes,2024-06-07,Damaged,836.54
1939,40151,Yes,2022-12-10,"Late Delivery",771.03
1940,5700,Yes,2024-06-14,"Changed Mind",128.06
1941,28726,Yes,2024-11-28,"Late Delivery",184.10
1942,31028,Yes,2025-08-27,"Changed Mind",705.83
1943,48317,Yes,2024-04-15,"Faulty Product",1235.60
1944,20658,Yes,2022-09-28,Damaged,1066.31
1945,16826,Yes,2023-09-10,"Late Delivery",658.87
1946,23317,Yes,2025-05-14,"Changed Mind",996.14
1947,23308,Yes,2025-01-10,"Changed Mind",1039.93
1948,1980,Yes,2024-02-16,"Changed Mind",208.60
1949,35731,Yes,2024-03-19,"Changed Mind",981.17
1950,13190,Yes,2023-10-27,"Faulty Product",1224.29
1951,40387,Yes,2024-04-29,Damaged,662.85
1952,49394,Yes,2023-07-19,"Wrong Item",683.99
1953,16481,Yes,2025-10-13,"Wrong Item",409.18
1954,4995,Yes,2022-10-30,"Faulty Product",879.04
1955,12432,Yes,2025-12-30,"Changed Mind",1283.67
1956,38704,Yes,2022-12-07,"Faulty Product",292.48
1957,38294,Yes,2022-07-27,"Changed Mind",852.12
1958,31678,Yes,2023-06-09,"Faulty Product",322.08
1959,49206,Yes,2024-11-26,"Changed Mind",791.84
1960,15347,Yes,2022-10-17,"Changed Mind",646.31
1961,12022,Yes,2022-08-14,"Faulty Product",1728.28
1962,8466,Yes,2024-08-16,Damaged,625.65
1963,12307,Yes,2023-04-16,"Wrong Item",894.23
1964,36568,Yes,2022-07-02,"Late Delivery",427.50
1965,14618,Yes,2022-08-05,Damaged,727.64
1966,7368,Yes,2025-12-06,"Changed Mind",121.32
1967,12693,Yes,2022-06-27,"Wrong Item",641.49
1968,37954,Yes,2023-02-03,"Late Delivery",777.64
1969,14919,Yes,2024-11-22,"Wrong Item",37.73
1970,15906,Yes,2025-12-05,"Changed Mind",1152.48
1971,32742,Yes,2023-05-28,"Late Delivery",311.92
1972,1183,Yes,2025-09-14,"Late Delivery",1290.15
1973,48235,Yes,2023-12-25,"Late Delivery",288.97
1974,17744,Yes,2023-08-16,"Changed Mind",1385.75
1975,28170,Yes,2022-10-05,"Changed Mind",232.36
1976,12677,Yes,2025-03-24,Damaged,426.19
1977,12699,Yes,2025-05-10,"Faulty Product",534.54
1978,17162,Yes,2023-12-02,Damaged,425.76
1979,17129,Yes,2023-04-21,"Changed Mind",844.36
1980,17381,Yes,2022-08-09,"Changed Mind",886.92
1981,19010,Yes,2023-09-10,"Wrong Item",910.21
1982,38559,Yes,2025-09-08,"Wrong Item",900.89
1983,31067,Yes,2024-08-26,Damaged,591.00
1984,43642,Yes,2024-02-17,"Late Delivery",522.56
1985,33176,Yes,2025-12-13,"Faulty Product",157.09
1986,10992,Yes,2025-06-10,Damaged,480.42
1987,26983,Yes,2025-02-11,"Faulty Product",1093.45
1988,3059,Yes,2024-10-27,"Wrong Item",402.52
1989,2233,Yes,2022-07-20,"Wrong Item",339.14
1990,11367,Yes,2024-08-19,"Changed Mind",207.69
1991,31092,Yes,2025-03-02,"Late Delivery",430.79
1992,1400,Yes,2022-09-01,"Wrong Item",643.25
1993,24383,Yes,2023-06-28,Damaged,864.62
1994,44554,Yes,2025-11-03,"Wrong Item",111.36
1995,14217,Yes,2023-03-24,"Wrong Item",828.64
1996,5139,Yes,2024-04-09,"Changed Mind",183.43
1997,11249,Yes,2023-09-24,"Faulty Product",82.59
1998,38711,Yes,2025-09-07,"Wrong Item",191.57
1999,23692,Yes,2022-04-04,"Changed Mind",1116.30
2000,4468,Yes,2024-05-19,"Wrong Item",1028.75
2001,31256,Yes,2022-05-02,"Late Delivery",352.47
2002,4471,Yes,2022-03-22,"Late Delivery",948.37
2003,8813,Yes,2024-03-25,Damaged,924.54
2004,24026,Yes,2022-12-28,"Faulty Product",853.98
2005,3063,Yes,2022-03-04,"Wrong Item",647.35
2006,43885,Yes,2022-12-25,"Late Delivery",420.45
2007,39356,Yes,2025-07-21,"Changed Mind",314.70
2008,48155,Yes,2024-09-14,"Changed Mind",693.55
2009,32915,Yes,2022-12-11,"Wrong Item",429.11
2010,24954,Yes,2023-02-18,Damaged,116.06
2011,10917,Yes,2024-07-02,Damaged,196.08
2012,44564,Yes,2024-12-03,"Changed Mind",601.58
2013,13663,Yes,2022-10-14,"Changed Mind",197.52
2014,36870,Yes,2024-08-20,"Late Delivery",638.49
2015,18548,Yes,2025-08-30,"Changed Mind",278.30
2016,444444,NO,2022-10-24,Damaged,640.63
2017,45744,Yes,2022-05-07,Damaged,245.22
2018,31339,Yes,2023-09-19,Damaged,600.58
2019,19112,Yes,2025-01-11,"Faulty Product",1428.18
2020,24571,Yes,2023-04-01,"Late Delivery",960.36
2021,36264,Yes,2023-02-17,Damaged,467.96
2022,22871,Yes,2025-08-12,"Wrong Item",320.66
2023,49128,Yes,2023-08-27,"Faulty Product",973.98
2024,41326,Yes,2024-06-25,"Late Delivery",1066.26
2025,17553,Yes,2024-06-20,Damaged,901.08
2026,29527,Yes,2022-10-21,"Changed Mind",234.10
2027,45419,Yes,2023-04-10,"Faulty Product",932.39
2028,15513,Yes,2022-01-28,"Wrong Item",416.04
2029,21208,Yes,2023-11-26,"Faulty Product",928.10
2030,2239,Yes,2022-08-17,"Wrong Item",69.91
2031,47900,Yes,2022-11-30,Damaged,1012.65
2032,35934,Yes,2024-10-01,Damaged,694.07
2033,14995,Yes,2024-03-03,"Changed Mind",377.02
2034,5579,Yes,2022-05-25,"Faulty Product",251.45
2035,25877,Yes,2025-08-13,Damaged,555.07
2036,8453,Yes,2024-07-18,"Faulty Product",535.20
2037,36218,Yes,2023-08-31,"Late Delivery",507.59
2038,13054,Yes,2023-11-30,"Late Delivery",1776.38
2039,27253,Yes,2024-11-08,"Wrong Item",233.91
2040,38114,Yes,2023-10-25,"Changed Mind",1029.72
2041,41366,Yes,2022-09-10,"Faulty Product",493.47
2042,22022,Yes,2023-12-11,"Late Delivery",843.25
2043,23867,Yes,2025-09-16,Damaged,849.71
2044,16035,Yes,2025-06-01,Damaged,662.02
2045,5484,Yes,2025-11-29,"Late Delivery",829.64
2046,44535,Yes,2023-01-17,Damaged,223.89
2047,49471,Yes,2023-06-09,"Late Delivery",638.89
2048,40875,Yes,2024-08-31,"Faulty Product",611.07
2049,35119,Yes,2022-08-24,"Late Delivery",1106.90
2050,33332,Yes,2022-08-29,Damaged,380.36
2051,20985,Yes,2022-06-17,"Changed Mind",1228.49
2052,41343,Yes,2024-07-19,"Faulty Product",682.79
2053,2298,Yes,2024-09-22,"Faulty Product",1062.20
2054,21337,Yes,2024-10-22,"Changed Mind",636.73
2055,33931,Yes,2024-05-03,"Faulty Product",105.72
2056,12277,Yes,2025-05-03,"Changed Mind",453.61
2057,24905,Yes,2024-09-14,"Late Delivery",294.45
2058,1969,Yes,2025-04-27,"Faulty Product",191.50
2059,34229,Yes,2022-09-18,Damaged,1035.67
2060,47630,Yes,2022-04-14,"Late Delivery",397.32
2061,33345,Yes,2025-01-12,Damaged,868.90
2062,4743,Yes,2025-05-27,"Late Delivery",957.00
2063,33997,Yes,2024-03-22,Damaged,1010.31
2064,24664,Yes,2025-01-12,"Faulty Product",1127.75
2065,3538,Yes,2025-05-20,Damaged,150.14
2066,20523,Yes,2024-09-24,"Late Delivery",1147.40
2067,1881,Yes,2025-12-07,Damaged,934.39
2068,25247,Yes,2024-04-30,"Faulty Product",73.97
2069,44219,Yes,2025-02-18,"Faulty Product",1002.36
2070,15667,Yes,2025-12-13,"Faulty Product",206.49
2071,45323,Yes,2025-07-18,"Changed Mind",1254.58
2072,11480,Yes,2024-12-26,Damaged,1096.95
2073,24395,Yes,2023-06-25,"Wrong Item",316.22
2074,32987,Yes,2024-12-06,Damaged,199.33
2075,32220,Yes,2022-12-10,"Late Delivery",454.67
2076,34247,Yes,2025-07-05,"Faulty Product",1536.68
2077,5804,Yes,2025-07-29,"Wrong Item",392.75
2078,21625,Yes,2023-08-08,"Wrong Item",253.49
2079,22920,Yes,2024-12-17,"Late Delivery",600.47
2080,30971,Yes,2025-12-19,"Wrong Item",837.76
2081,29435,Yes,2025-04-22,"Wrong Item",718.97
2082,38284,Yes,2023-08-13,"Wrong Item",226.02
2083,15192,Yes,2024-09-14,"Faulty Product",207.80
2084,10326,Yes,2023-08-07,"Faulty Product",242.02
2085,9288,Yes,2022-07-23,Damaged,270.70
2086,15720,Yes,2023-11-22,"Wrong Item",946.93
2087,1385,Yes,2023-06-28,"Wrong Item",967.11
2088,22300,Yes,2025-01-19,"Changed Mind",1111.36
2089,25644,Yes,2022-10-07,"Late Delivery",884.90
2090,44400,Yes,2022-01-18,"Changed Mind",666.70
2091,6504,Yes,2024-08-22,"Wrong Item",1172.38
2092,38454,Yes,2024-12-09,"Faulty Product",560.19
2093,22738,Yes,2024-12-01,Damaged,442.40
2094,10190,Yes,2022-09-11,"Wrong Item",1646.73
2095,36404,Yes,2023-07-17,Damaged,931.03
2096,43249,Yes,2023-01-03,"Wrong Item",419.68
2097,25329,Yes,2024-01-15,Damaged,900.97
2098,24572,Yes,2024-03-20,Damaged,574.42
2099,34478,Yes,2023-06-01,"Wrong Item",68.99
2100,47745,Yes,2024-06-25,"Faulty Product",1327.97
2101,10510,Yes,2022-12-01,"Faulty Product",1013.60
2102,2117,Yes,2024-12-02,"Changed Mind",571.16
2103,17371,Yes,2025-06-09,"Wrong Item",78.67
2104,11055,Yes,2022-11-11,"Changed Mind",849.63
2105,34360,Yes,2025-12-17,"Wrong Item",687.79
2106,20402,Yes,2023-04-09,"Wrong Item",429.08
2107,29276,Yes,2022-09-15,"Wrong Item",1542.76
2108,12149,Yes,2022-03-03,"Wrong Item",770.27
2109,41538,Yes,2023-12-23,"Wrong Item",989.63
2110,9571,Yes,2023-06-10,"Changed Mind",682.40
2111,39899,Yes,2022-12-12,"Faulty Product",768.50
2112,43570,Yes,2025-11-15,"Wrong Item",397.56
2113,444444,NO,2022-06-23,"Late Delivery",1337.36
2114,40571,Yes,2025-06-07,"Changed Mind",163.17
2115,49840,Yes,2024-04-23,"Changed Mind",756.62
2116,39799,Yes,2022-07-22,"Faulty Product",1649.08
2117,17559,Yes,2022-10-29,"Changed Mind",570.76
2118,6795,Yes,2024-01-01,"Late Delivery",1230.94
2119,11768,Yes,2022-03-26,Damaged,332.96
2120,200,Yes,2024-07-14,"Late Delivery",718.69
2121,31944,Yes,2025-07-01,"Faulty Product",67.91
2122,20932,Yes,2024-06-11,"Late Delivery",1567.88
2123,7243,Yes,2025-11-08,"Changed Mind",1266.89
2124,45367,Yes,2024-07-20,"Changed Mind",576.55
2125,43079,Yes,2022-09-28,"Faulty Product",214.84
2126,38139,Yes,2022-11-23,"Faulty Product",288.34
2127,374,Yes,2022-01-17,"Late Delivery",423.98
2128,8124,Yes,2025-10-26,"Faulty Product",882.72
2129,39684,Yes,2025-09-21,Damaged,159.83
2130,49518,Yes,2025-12-19,"Changed Mind",1543.31
2131,23847,Yes,2022-10-21,Damaged,512.02
2132,20807,Yes,2025-07-26,"Changed Mind",421.50
2133,40677,Yes,2022-01-22,Damaged,428.67
2134,16104,Yes,2024-12-07,"Changed Mind",384.67
2135,37208,Yes,2023-11-06,"Late Delivery",1264.38
2136,41278,Yes,2025-06-21,"Wrong Item",718.34
2137,15622,Yes,2022-03-19,"Changed Mind",264.78
2138,47119,Yes,2022-11-30,Damaged,974.66
2139,37881,Yes,2025-05-02,"Late Delivery",437.88
2140,25397,Yes,2025-01-04,"Faulty Product",671.61
2141,1417,Yes,2022-04-02,"Wrong Item",62.91
2142,12168,Yes,2024-05-16,"Faulty Product",626.21
2143,4153,Yes,2025-09-08,"Wrong Item",798.49
2144,39201,Yes,2025-08-26,"Faulty Product",1066.54
2145,41655,Yes,2023-02-16,"Wrong Item",309.16
2146,17409,Yes,2024-10-14,"Wrong Item",1099.72
2147,34462,Yes,2023-07-02,"Late Delivery",251.36
2148,5780,Yes,2022-05-09,"Late Delivery",763.99
2149,41467,Yes,2025-09-28,Damaged,676.07
2150,32782,Yes,2022-04-10,"Faulty Product",1111.54
2151,27885,Yes,2024-01-02,"Faulty Product",1496.69
2152,26900,Yes,2025-04-28,"Wrong Item",1008.52
2153,25439,Yes,2025-04-05,"Late Delivery",885.43
2154,16992,Yes,2024-05-02,Damaged,1479.08
2155,9031,Yes,2023-03-24,"Changed Mind",732.38
2156,38637,Yes,2022-06-06,"Faulty Product",385.62
2157,33122,Yes,2023-08-02,"Late Delivery",1132.63
2158,11898,Yes,2024-12-16,"Changed Mind",842.56
2159,23074,Yes,2022-09-05,"Changed Mind",473.52
2160,17348,Yes,2024-01-01,"Late Delivery",1334.58
2161,38395,Yes,2025-12-05,"Changed Mind",551.51
2162,27901,Yes,2022-09-22,"Late Delivery",141.21
2163,16334,Yes,2025-08-29,Damaged,274.89
2164,4510,Yes,2023-11-23,"Wrong Item",114.18
2165,14752,Yes,2024-04-05,"Wrong Item",253.80
2166,20963,Yes,2022-12-25,"Changed Mind",276.82
2167,13832,Yes,2025-06-02,"Late Delivery",764.78
2168,23945,Yes,2023-04-06,"Late Delivery",517.59
2169,37383,Yes,2024-05-08,"Wrong Item",801.80
2170,42155,Yes,2025-07-31,"Changed Mind",988.11
2171,2050,Yes,2025-01-04,Damaged,668.02
2172,5573,Yes,2025-12-07,"Wrong Item",101.68
2173,15656,Yes,2024-05-25,"Wrong Item",787.54
2174,19557,Yes,2022-12-08,Damaged,137.25
2175,29284,Yes,2022-09-05,"Changed Mind",1327.21
2176,444444,NO,2024-12-07,Damaged,137.59
2177,11577,Yes,2023-11-28,"Changed Mind",1009.11
2178,25995,Yes,2025-08-15,"Late Delivery",339.42
2179,43160,Yes,2022-12-22,"Changed Mind",905.90
2180,8296,Yes,2023-11-18,"Late Delivery",83.43
2181,33738,Yes,2025-12-01,"Late Delivery",284.71
2182,46772,Yes,2022-09-13,"Wrong Item",903.50
2183,49154,Yes,2025-08-21,"Faulty Product",717.44
2184,33316,Yes,2024-12-31,"Faulty Product",715.44
2185,1753,Yes,2022-08-02,"Changed Mind",437.05
2186,39140,Yes,2026-01-05,"Late Delivery",655.05
2187,40691,Yes,2023-03-11,"Faulty Product",1058.08
2188,28245,Yes,2022-07-18,"Late Delivery",991.89
2189,14466,Yes,2023-12-14,"Wrong Item",127.33
2190,28011,Yes,2023-07-22,"Late Delivery",866.59
2191,18188,Yes,2025-02-23,"Changed Mind",65.98
2192,35335,Yes,2024-05-13,"Late Delivery",232.79
2193,44960,Yes,2022-04-20,"Late Delivery",961.01
2194,12426,Yes,2022-03-05,"Changed Mind",710.19
2195,46339,Yes,2025-11-06,Damaged,651.32
2196,17998,Yes,2024-12-29,"Changed Mind",734.64
2197,23880,Yes,2023-11-16,"Wrong Item",1615.31
2198,29915,Yes,2023-04-11,"Faulty Product",783.24
2199,22690,Yes,2022-08-30,"Faulty Product",597.47
2200,696,Yes,2025-10-17,"Wrong Item",1083.85
2201,45995,Yes,2025-12-08,"Late Delivery",490.21
2202,4981,Yes,2023-06-29,Damaged,820.66
2203,2650,Yes,2024-04-05,"Wrong Item",1183.46
2204,33004,Yes,2023-07-10,"Changed Mind",1559.45
2205,32368,Yes,2025-09-25,"Wrong Item",145.97
2206,46138,Yes,2022-11-24,Damaged,155.10
2207,39861,Yes,2022-07-08,"Faulty Product",451.82
2208,37512,Yes,2025-08-18,"Changed Mind",816.76
2209,40711,Yes,2023-07-17,"Wrong Item",1514.37
2210,38155,Yes,2023-08-02,Damaged,1142.32
2211,13567,Yes,2022-10-04,Damaged,857.01
2212,444444,NO,2025-02-09,"Late Delivery",485.46
2213,2549,Yes,2022-11-17,"Late Delivery",417.05
2214,16875,Yes,2024-09-01,"Late Delivery",892.69
2215,19801,Yes,2023-02-05,"Wrong Item",1364.41
2216,10392,Yes,2023-12-24,"Late Delivery",817.92
2217,28533,Yes,2024-12-21,"Wrong Item",519.35
2218,3745,Yes,2024-10-22,"Changed Mind",1031.58
2219,20025,Yes,2025-04-15,"Faulty Product",294.16
2220,5674,Yes,2024-12-14,Damaged,550.65
2221,49600,Yes,2025-01-05,"Late Delivery",881.09
2222,33642,Yes,2024-03-27,"Changed Mind",838.57
2223,40660,Yes,2025-01-10,"Faulty Product",371.51
2224,1226,Yes,2024-10-05,"Wrong Item",1442.72
2225,27921,Yes,2024-07-19,"Late Delivery",845.61
2226,36334,Yes,2024-12-11,"Late Delivery",68.66
2227,40087,Yes,2023-08-21,"Wrong Item",782.48
2228,46637,Yes,2023-12-16,Damaged,854.40
2229,40065,Yes,2022-12-28,"Faulty Product",1649.90
2230,29079,Yes,2022-11-27,"Wrong Item",199.04
2231,31596,Yes,2022-05-14,"Wrong Item",1050.71
2232,2911,Yes,2024-09-30,"Faulty Product",1076.47
2233,47306,Yes,2023-08-03,"Late Delivery",134.39
2234,33834,Yes,2025-08-24,"Wrong Item",626.08
2235,32494,Yes,2024-12-10,"Changed Mind",274.75
2236,19985,Yes,2025-12-26,"Wrong Item",537.22
2237,14039,Yes,2025-08-20,"Changed Mind",1114.74
2238,31658,Yes,2024-08-01,"Faulty Product",281.84
2239,21229,Yes,2024-07-31,"Wrong Item",545.90
2240,164,Yes,2023-12-15,Damaged,1098.21
2241,24739,Yes,2024-03-13,"Faulty Product",452.21
2242,24299,Yes,2022-07-19,Damaged,441.37
2243,9519,Yes,2023-10-20,"Changed Mind",1296.07
2244,29538,Yes,2025-08-09,"Faulty Product",911.22
2245,21422,Yes,2023-11-01,Damaged,770.53
2246,43336,Yes,2022-01-31,"Wrong Item",1103.60
2247,30371,Yes,2022-12-30,"Changed Mind",1254.13
2248,4010,Yes,2025-09-11,Damaged,867.75
2249,32393,Yes,2023-12-21,"Faulty Product",1329.10
2250,7025,Yes,2025-12-14,"Faulty Product",676.28
2251,22312,Yes,2022-06-21,"Late Delivery",882.86
2252,3609,Yes,2023-04-13,Damaged,442.20
2253,20165,Yes,2023-12-24,"Wrong Item",839.57
2254,10155,Yes,2024-07-19,Damaged,174.17
2255,43579,Yes,2025-10-20,"Faulty Product",216.56
2256,6929,Yes,2025-09-07,Damaged,823.84
2257,36880,Yes,2022-01-25,"Wrong Item",225.07
2258,44294,Yes,2023-10-04,"Late Delivery",320.42
2259,7017,Yes,2025-12-18,"Wrong Item",769.36
2260,8770,Yes,2025-08-09,"Changed Mind",812.01
2261,27929,Yes,2024-03-31,"Late Delivery",857.65
2262,21594,Yes,2023-12-24,"Late Delivery",60.66
2263,2179,Yes,2022-10-14,"Changed Mind",570.23
2264,7429,Yes,2025-11-20,"Faulty Product",1391.60
2265,47995,Yes,2022-12-27,"Wrong Item",227.64
2266,22452,Yes,2025-12-13,Damaged,410.60
2267,26315,Yes,2023-02-28,Damaged,1663.47
2268,28717,Yes,2024-11-12,"Faulty Product",439.19
2269,49951,Yes,2025-12-18,"Faulty Product",1045.73
2270,42296,Yes,2023-12-04,"Late Delivery",969.18
2271,10658,Yes,2022-09-03,"Wrong Item",357.41
2272,36448,Yes,2024-06-04,"Faulty Product",1246.42
2273,21250,Yes,2025-09-26,Damaged,741.66
2274,20578,Yes,2025-08-20,"Faulty Product",451.24
2275,7099,Yes,2024-09-16,"Changed Mind",1304.91
2276,11377,Yes,2022-03-23,"Late Delivery",1468.55
2277,4138,Yes,2025-12-11,"Late Delivery",857.22
2278,39478,Yes,2024-11-08,"Wrong Item",260.49
2279,15242,Yes,2025-09-28,"Faulty Product",974.29
2280,19238,Yes,2024-12-26,"Faulty Product",518.16
2281,7359,Yes,2022-08-21,Damaged,1010.44
2282,39310,Yes,2024-02-26,Damaged,1017.59
2283,37102,Yes,2022-09-28,"Wrong Item",350.69
2284,32603,Yes,2022-12-24,"Faulty Product",432.81
2285,14889,Yes,2025-07-29,"Wrong Item",1308.34
2286,4041,Yes,2023-06-29,Damaged,1021.63
2287,35357,Yes,2024-08-22,"Faulty Product",1167.11
2288,35790,Yes,2022-07-09,"Faulty Product",974.98
2289,23993,Yes,2025-09-10,"Wrong Item",221.09
2290,16242,Yes,2023-07-09,"Wrong Item",728.82
2291,39407,Yes,2023-01-20,"Late Delivery",819.84
2292,24963,Yes,2024-07-18,"Late Delivery",1518.06
2293,9553,Yes,2025-05-23,"Faulty Product",1290.81
2294,3111,Yes,2025-06-22,Damaged,958.38
2295,38208,Yes,2024-11-03,"Wrong Item",352.48
2296,53,Yes,2024-08-27,"Faulty Product",1604.02
2297,43855,Yes,2025-10-18,Damaged,810.47
2298,35708,Yes,2023-12-02,"Late Delivery",362.44
2299,11968,Yes,2022-06-04,Damaged,1508.56
2300,5510,Yes,2023-10-05,"Changed Mind",635.62
2301,13059,Yes,2024-12-03,"Changed Mind",1017.17
2302,24179,Yes,2024-03-31,"Wrong Item",1238.86
2303,8335,Yes,2022-05-25,"Faulty Product",554.02
2304,44274,Yes,2025-12-14,"Late Delivery",388.14
2305,34774,Yes,2024-08-14,"Faulty Product",254.48
2306,444444,NO,2022-07-31,"Faulty Product",1509.09
2307,29624,Yes,2022-04-21,"Faulty Product",382.15
2308,29554,Yes,2023-03-27,"Changed Mind",302.83
2309,43,Yes,2024-09-19,"Wrong Item",702.77
2310,32805,Yes,2025-04-17,"Changed Mind",1324.47
2311,48835,Yes,2022-08-08,Damaged,756.51
2312,32026,Yes,2023-12-05,"Late Delivery",249.33
2313,47939,Yes,2025-12-15,Damaged,264.77
2314,4864,Yes,2022-07-03,"Late Delivery",366.59
2315,426,Yes,2025-12-02,"Wrong Item",416.60
2316,10428,Yes,2025-10-23,"Changed Mind",1416.28
2317,49548,Yes,2024-03-11,"Changed Mind",838.80
2318,10988,Yes,2025-10-11,Damaged,1653.48
2319,13171,Yes,2025-06-25,"Late Delivery",1369.72
2320,44764,Yes,2022-09-18,"Late Delivery",522.53
2321,29868,Yes,2025-12-19,"Faulty Product",1065.94
2322,47720,Yes,2024-10-01,"Changed Mind",1577.27
2323,12909,Yes,2022-01-27,"Changed Mind",744.05
2324,10235,Yes,2023-08-22,"Late Delivery",374.90
2325,22406,Yes,2025-07-03,"Faulty Product",872.09
2326,49257,Yes,2023-11-17,"Changed Mind",500.11
2327,45946,Yes,2024-07-12,"Late Delivery",1215.26
2328,40376,Yes,2024-12-23,"Changed Mind",364.75
2329,19319,Yes,2023-04-05,"Changed Mind",1431.75
2330,27387,Yes,2022-12-06,"Wrong Item",206.07
2331,13179,Yes,2023-07-04,"Changed Mind",935.85
2332,42946,Yes,2024-01-02,Damaged,1256.27
2333,22930,Yes,2025-03-26,Damaged,216.53
2334,21381,Yes,2022-09-26,Damaged,788.06
2335,48982,Yes,2023-09-01,"Late Delivery",419.93
2336,21718,Yes,2025-10-30,"Wrong Item",729.41
2337,45311,Yes,2025-08-15,"Faulty Product",27.87
2338,5224,Yes,2022-03-25,"Changed Mind",874.62
2339,4742,Yes,2024-06-18,"Changed Mind",450.80
2340,40370,Yes,2023-01-08,"Wrong Item",932.42
2341,2964,Yes,2025-01-24,"Changed Mind",992.61
2342,33326,Yes,2024-07-20,Damaged,461.16
2343,24588,Yes,2022-08-14,Damaged,515.38
2344,15353,Yes,2025-12-02,Damaged,517.58
2345,34351,Yes,2025-09-22,"Faulty Product",688.92
2346,489,Yes,2023-03-26,"Faulty Product",606.69
2347,40666,Yes,2022-08-05,"Wrong Item",507.69
2348,16282,Yes,2023-10-04,"Changed Mind",76.10
2349,43453,Yes,2023-08-23,"Changed Mind",193.99
2350,28576,Yes,2023-08-27,"Late Delivery",816.99
2351,28235,Yes,2025-01-20,"Late Delivery",321.03
2352,427,Yes,2022-05-02,"Late Delivery",1764.87
2353,19464,Yes,2025-10-19,Damaged,826.86
2354,49762,Yes,2022-07-23,"Faulty Product",926.22
2355,5817,Yes,2024-10-30,"Changed Mind",456.46
2356,3133,Yes,2022-09-25,"Wrong Item",375.31
2357,39031,Yes,2023-11-28,"Wrong Item",1054.89
2358,38465,Yes,2024-12-03,"Faulty Product",760.08
2359,38177,Yes,2022-08-15,"Faulty Product",892.99
2360,39487,Yes,2025-12-18,"Faulty Product",329.42
2361,47325,Yes,2024-11-09,"Faulty Product",317.70
2362,37634,Yes,2025-10-26,"Faulty Product",465.39
2363,9843,Yes,2024-12-06,"Changed Mind",636.27
2364,48539,Yes,2024-07-16,"Faulty Product",408.26
2365,26170,Yes,2024-03-21,"Faulty Product",1527.90
2366,22705,Yes,2025-05-30,"Late Delivery",58.60
2367,14121,Yes,2022-08-21,"Changed Mind",1264.73
2368,46349,Yes,2024-08-24,Damaged,1602.00
2369,44494,Yes,2022-03-22,"Faulty Product",215.07
2370,43501,Yes,2024-10-04,Damaged,796.65
2371,30287,Yes,2024-12-12,"Late Delivery",572.34
2372,48976,Yes,2025-02-08,"Late Delivery",1089.28
2373,1372,Yes,2025-01-28,"Late Delivery",299.26
2374,8177,Yes,2025-06-16,"Wrong Item",516.59
2375,26947,Yes,2024-04-22,"Wrong Item",254.69
2376,28030,Yes,2025-04-09,"Changed Mind",897.57
2377,33579,Yes,2024-11-14,Damaged,1102.80
2378,42483,Yes,2025-01-07,"Wrong Item",995.90
2379,32644,Yes,2023-03-27,"Late Delivery",757.79
2380,17291,Yes,2023-09-24,"Changed Mind",692.59
2381,785,Yes,2025-07-16,"Wrong Item",596.54
2382,7797,Yes,2024-09-16,Damaged,562.10
2383,47031,Yes,2022-06-14,"Wrong Item",167.31
2384,16689,Yes,2025-03-08,"Wrong Item",1037.31
2385,36522,Yes,2023-05-01,"Wrong Item",592.87
2386,31496,Yes,2025-09-15,Damaged,913.27
2387,18792,Yes,2023-12-08,"Faulty Product",1555.99
2388,30791,Yes,2024-04-09,"Wrong Item",434.03
2389,638,Yes,2023-02-07,"Faulty Product",311.13
2390,12207,Yes,2023-12-17,"Wrong Item",46.47
2391,13855,Yes,2025-11-13,"Late Delivery",857.21
2392,13236,Yes,2025-12-18,"Late Delivery",394.00
2393,6042,Yes,2024-11-26,"Changed Mind",919.08
2394,39193,Yes,2023-08-20,"Wrong Item",191.05
2395,46494,Yes,2023-11-10,"Wrong Item",370.38
2396,16860,Yes,2022-12-21,"Faulty Product",1275.14
2397,42588,Yes,2024-09-07,"Faulty Product",832.50
2398,44128,Yes,2023-12-04,"Late Delivery",692.32
2399,21047,Yes,2025-06-20,"Changed Mind",266.25
2400,10224,Yes,2023-11-25,"Changed Mind",1165.29
2401,45322,Yes,2024-09-10,"Wrong Item",803.90
2402,31408,Yes,2023-01-07,"Changed Mind",202.38
2403,46628,Yes,2022-03-16,Damaged,1037.37
2404,35352,Yes,2023-09-02,Damaged,986.95
2405,7388,Yes,2023-01-30,"Faulty Product",730.20
2406,36804,Yes,2025-12-09,Damaged,375.96
2407,28794,Yes,2024-08-03,"Changed Mind",1231.95
2408,11635,Yes,2024-06-04,"Wrong Item",800.91
2409,39134,Yes,2025-12-02,Damaged,737.91
2410,15839,Yes,2025-12-17,"Wrong Item",806.16
2411,10617,Yes,2024-11-27,"Wrong Item",1153.92
2412,27593,Yes,2023-03-13,"Wrong Item",372.40
2413,11030,Yes,2022-12-07,"Changed Mind",798.06
2414,1645,Yes,2025-12-18,Damaged,642.66
2415,34656,Yes,2024-08-08,"Late Delivery",115.33
2416,21342,Yes,2022-09-23,"Late Delivery",1442.21
2417,35868,Yes,2022-11-26,Damaged,604.76
2418,33140,Yes,2022-09-07,"Changed Mind",990.19
2419,2464,Yes,2023-01-06,"Wrong Item",1109.28
2420,22369,Yes,2025-09-24,"Late Delivery",472.95
2421,4837,Yes,2022-03-19,"Wrong Item",965.45
2422,40165,Yes,2023-10-08,Damaged,727.70
2423,6166,Yes,2025-04-06,"Changed Mind",205.99
2424,38244,Yes,2022-08-27,"Wrong Item",177.54
2425,48326,Yes,2023-04-02,"Faulty Product",1135.28
2426,18866,Yes,2024-05-21,"Changed Mind",309.46
2427,13632,Yes,2023-08-11,"Late Delivery",562.14
2428,44894,Yes,2022-07-19,"Wrong Item",276.76
2429,7754,Yes,2022-11-21,"Late Delivery",623.83
2430,15195,Yes,2022-07-18,"Wrong Item",109.94
2431,32843,Yes,2025-09-16,"Changed Mind",348.96
2432,17610,Yes,2024-05-20,"Faulty Product",700.56
2433,79,Yes,2023-06-25,"Wrong Item",1418.34
2434,2737,Yes,2025-03-17,"Wrong Item",564.85
2435,35397,Yes,2022-12-14,"Late Delivery",306.63
2436,47064,Yes,2025-09-13,"Faulty Product",703.17
2437,38755,Yes,2025-09-28,Damaged,729.76
2438,29090,Yes,2025-02-19,Damaged,324.27
2439,8157,Yes,2025-12-09,"Wrong Item",1272.76
2440,31166,Yes,2025-10-29,"Wrong Item",255.89
2441,21651,Yes,2025-07-25,"Changed Mind",930.35
2442,30333,Yes,2025-06-28,"Faulty Product",220.97
2443,37695,Yes,2023-04-02,"Late Delivery",1724.79
2444,44278,Yes,2023-12-16,"Late Delivery",798.66
2445,8686,Yes,2022-12-10,"Changed Mind",195.85
2446,1751,Yes,2022-06-09,"Faulty Product",420.22
2447,14676,Yes,2025-03-07,"Wrong Item",891.92
2448,46281,Yes,2025-05-11,"Changed Mind",703.91
2449,30776,Yes,2023-09-17,"Changed Mind",676.21
2450,38990,Yes,2023-12-12,Damaged,771.18
2451,11907,Yes,2025-12-20,"Wrong Item",542.47
2452,26325,Yes,2024-11-29,"Wrong Item",518.31
2453,47664,Yes,2022-12-27,"Late Delivery",414.05
2454,15238,Yes,2024-11-23,"Faulty Product",424.53
2455,13253,Yes,2024-09-23,"Wrong Item",951.32
2456,25958,Yes,2025-09-20,"Changed Mind",860.18
2457,15344,Yes,2024-08-21,"Changed Mind",364.49
2458,41106,Yes,2022-03-05,"Changed Mind",792.72
2459,11443,Yes,2022-09-27,Damaged,694.04
2460,36029,Yes,2023-09-02,"Wrong Item",346.57
2461,7230,Yes,2022-07-18,"Wrong Item",594.95
2462,11572,Yes,2024-08-19,"Wrong Item",195.66
2463,26860,Yes,2025-09-22,"Wrong Item",1076.95
2464,11910,Yes,2025-05-24,"Late Delivery",10.80
2465,14554,Yes,2022-12-14,"Wrong Item",551.66
2466,16482,Yes,2025-09-27,"Changed Mind",1563.97
2467,19606,Yes,2023-12-13,"Changed Mind",740.65
2468,13051,Yes,2024-04-15,"Late Delivery",954.42
2469,24425,Yes,2022-12-25,"Wrong Item",182.46
2470,14675,Yes,2025-11-20,"Late Delivery",256.19
2471,29438,Yes,2023-05-26,"Changed Mind",214.31
2472,29099,Yes,2022-03-19,"Faulty Product",172.24
2473,25639,Yes,2022-08-05,"Late Delivery",421.29
2474,4045,Yes,2022-06-14,"Changed Mind",477.97
2475,33778,Yes,2022-12-02,Damaged,468.13
2476,42140,Yes,2023-08-08,Damaged,777.15
2477,46123,Yes,2022-04-17,Damaged,713.03
2478,48339,Yes,2023-05-12,"Late Delivery",188.51
2479,37239,Yes,2023-03-26,"Late Delivery",989.56
2480,24408,Yes,2024-09-02,"Late Delivery",578.59
2481,16131,Yes,2023-03-23,"Faulty Product",827.02
2482,25724,Yes,2025-03-15,Damaged,391.35
2483,6109,Yes,2024-12-04,Damaged,1253.11
2484,29990,Yes,2022-10-27,"Late Delivery",234.96
2485,33040,Yes,2023-06-28,"Faulty Product",1076.58
2486,33460,Yes,2024-12-28,"Late Delivery",530.96
2487,16794,Yes,2022-09-21,"Wrong Item",573.66
2488,11339,Yes,2023-09-25,"Wrong Item",493.08
2489,29583,Yes,2022-05-28,"Faulty Product",900.53
2490,22041,Yes,2023-10-25,"Wrong Item",1797.81
2491,18861,Yes,2022-10-06,"Wrong Item",531.69
2492,19709,Yes,2022-11-11,"Wrong Item",714.18
2493,39966,Yes,2025-12-11,"Wrong Item",795.54
2494,22714,Yes,2024-09-21,"Wrong Item",1489.16
2495,11064,Yes,2024-01-28,Damaged,633.47
2496,24095,Yes,2024-06-30,"Faulty Product",445.11
2497,42536,Yes,2023-09-21,Damaged,1000.47
2498,11086,Yes,2023-09-26,"Faulty Product",434.63
2499,40540,Yes,2023-08-19,"Changed Mind",1158.89
2500,22578,Yes,2025-07-20,Damaged,860.17
2501,24826,Yes,2024-07-22,"Wrong Item",61.35
2502,43678,Yes,2022-08-05,"Late Delivery",1183.76
2503,31238,Yes,2025-02-13,Damaged,687.27
2504,30142,Yes,2025-11-08,"Wrong Item",773.15
2505,323,Yes,2023-08-10,"Wrong Item",1201.15
2506,16157,Yes,2025-10-01,Damaged,671.73
2507,6238,Yes,2024-06-27,"Late Delivery",1159.76
2508,4335,Yes,2024-07-16,"Wrong Item",821.39
2509,25471,Yes,2025-12-03,"Changed Mind",1308.35
2510,4971,Yes,2022-06-29,"Faulty Product",193.03
2511,40701,Yes,2022-08-24,"Wrong Item",1746.22
2512,25172,Yes,2023-11-29,Damaged,190.55
2513,39965,Yes,2023-07-26,"Changed Mind",175.75
2514,2665,Yes,2024-06-26,"Wrong Item",1184.94
2515,16815,Yes,2023-04-27,"Changed Mind",1490.66
2516,22264,Yes,2022-12-11,"Faulty Product",240.41
2517,44705,Yes,2024-07-04,Damaged,722.83
2518,47650,Yes,2023-12-05,"Late Delivery",229.73
2519,47011,Yes,2024-12-08,"Faulty Product",422.85
2520,31348,Yes,2023-07-06,"Changed Mind",1247.75
2521,48153,Yes,2024-08-29,"Late Delivery",267.12
2522,35603,Yes,2024-08-03,"Wrong Item",176.33
2523,30870,Yes,2023-03-31,"Wrong Item",583.66
2524,3011,Yes,2025-02-21,"Wrong Item",1292.83
2525,18463,Yes,2023-01-15,Damaged,819.49
2526,34378,Yes,2023-12-17,Damaged,696.20
2527,30104,Yes,2025-12-11,"Changed Mind",692.08
2528,7405,Yes,2024-09-26,Damaged,1194.74
2529,8269,Yes,2025-09-26,Damaged,536.52
2530,10741,Yes,2022-01-19,"Changed Mind",778.36
2531,21507,Yes,2023-07-22,"Late Delivery",575.49
2532,43320,Yes,2025-09-17,"Changed Mind",1143.20
2533,34034,Yes,2023-07-13,"Changed Mind",107.51
2534,31799,Yes,2025-03-28,Damaged,755.86
2535,19869,Yes,2025-06-13,"Changed Mind",196.34
2536,9986,Yes,2022-03-12,"Faulty Product",486.70
2537,19273,Yes,2025-09-08,Damaged,551.64
2538,14314,Yes,2024-08-24,Damaged,1140.99
2539,4751,Yes,2023-03-11,"Changed Mind",288.76
2540,19798,Yes,2023-02-23,"Late Delivery",309.74
2541,12002,Yes,2024-02-08,"Changed Mind",833.84
2542,26838,Yes,2022-07-17,"Wrong Item",223.18
2543,38221,Yes,2022-10-25,"Faulty Product",39.99
2544,15360,Yes,2023-07-21,Damaged,453.03
2545,36843,Yes,2024-07-21,"Changed Mind",868.57
2546,44099,Yes,2023-02-14,"Late Delivery",251.42
2547,41867,Yes,2025-07-18,Damaged,1519.21
2548,29508,Yes,2025-08-30,"Wrong Item",806.67
2549,21017,Yes,2022-08-02,"Wrong Item",764.95
2550,48308,Yes,2024-08-28,Damaged,1574.03
2551,39659,Yes,2024-11-22,"Late Delivery",614.34
2552,25533,Yes,2025-12-07,"Wrong Item",292.94
2553,43811,Yes,2025-01-21,"Wrong Item",1052.33
2554,4668,Yes,2024-05-30,"Changed Mind",332.57
2555,13197,Yes,2025-08-20,Damaged,1351.98
2556,3186,Yes,2022-06-04,"Changed Mind",1292.85
2557,8941,Yes,2025-07-28,"Wrong Item",1173.01
2558,41308,Yes,2025-02-17,"Faulty Product",720.45
2559,39827,Yes,2023-04-24,Damaged,965.71
2560,38938,Yes,2022-03-24,"Late Delivery",419.76
2561,25656,Yes,2023-12-28,"Faulty Product",319.15
2562,37859,Yes,2022-07-04,"Late Delivery",1045.07
2563,32628,Yes,2025-07-31,"Late Delivery",1093.11
2564,6879,Yes,2023-06-30,"Wrong Item",348.50
2565,49953,Yes,2024-12-11,"Changed Mind",158.17
2566,10941,Yes,2023-07-22,"Wrong Item",659.25
2567,41739,Yes,2025-05-31,"Wrong Item",571.59
2568,29163,Yes,2025-07-05,"Wrong Item",457.96
2569,6055,Yes,2023-04-14,"Changed Mind",830.02
2570,46006,Yes,2022-05-10,"Changed Mind",1467.88
2571,2136,Yes,2024-12-10,"Wrong Item",1519.39
2572,28868,Yes,2022-08-10,"Changed Mind",1134.99
2573,19046,Yes,2023-03-23,"Wrong Item",764.43
2574,29154,Yes,2024-03-01,"Late Delivery",267.98
2575,12403,Yes,2024-07-26,"Late Delivery",984.87
2576,6530,Yes,2022-06-20,"Faulty Product",726.98
2577,26854,Yes,2025-09-26,Damaged,435.60
2578,23662,Yes,2023-10-03,"Wrong Item",99.55
2579,49905,Yes,2024-09-28,"Faulty Product",306.26
2580,5664,Yes,2023-09-11,"Changed Mind",238.25
2581,30211,Yes,2024-11-04,Damaged,1372.17
2582,2373,Yes,2023-05-12,Damaged,797.33
2583,3719,Yes,2023-08-18,"Wrong Item",639.45
2584,49305,Yes,2023-09-29,Damaged,711.57
2585,9538,Yes,2022-08-18,"Late Delivery",528.36
2586,7445,Yes,2024-05-08,Damaged,679.56
2587,11741,Yes,2023-04-07,Damaged,269.35
2588,2383,Yes,2023-12-05,Damaged,340.59
2589,13147,Yes,2022-11-26,"Changed Mind",818.99
2590,41756,Yes,2023-03-27,"Faulty Product",496.14
2591,46825,Yes,2024-02-05,"Changed Mind",883.62
2592,2575,Yes,2026-01-08,"Late Delivery",544.54
2593,25404,Yes,2022-07-29,"Faulty Product",918.81
2594,44354,Yes,2023-06-28,"Late Delivery",238.41
2595,17069,Yes,2025-06-21,"Changed Mind",641.15
2596,43504,Yes,2024-09-23,Damaged,636.59
2597,6703,Yes,2025-07-19,"Changed Mind",948.74
2598,775,Yes,2022-08-21,Damaged,1125.79
2599,33936,Yes,2023-06-28,"Changed Mind",9.03
2600,44015,Yes,2024-12-30,"Changed Mind",679.62
2601,14382,Yes,2023-03-23,"Wrong Item",864.06
2602,5539,Yes,2025-07-30,"Changed Mind",1503.93
2603,27741,Yes,2022-05-12,"Faulty Product",532.53
2604,47933,Yes,2025-06-26,"Faulty Product",125.52
2605,28730,Yes,2023-12-02,"Wrong Item",35.38
2606,44666,Yes,2022-06-12,Damaged,1415.54
2607,1764,Yes,2025-11-11,"Changed Mind",427.57
2608,11861,Yes,2023-08-31,Damaged,186.08
2609,37672,Yes,2025-07-04,"Wrong Item",643.45
2610,42873,Yes,2022-10-22,Damaged,1171.13
2611,30642,Yes,2025-06-06,"Changed Mind",706.52
2612,11301,Yes,2022-10-31,Damaged,1563.16
2613,25474,Yes,2024-12-30,"Faulty Product",387.52
2614,40681,Yes,2025-03-09,"Late Delivery",883.89
2615,38754,Yes,2022-09-16,Damaged,887.92
2616,13644,Yes,2023-05-07,"Faulty Product",469.78
2617,33988,Yes,2024-06-20,"Late Delivery",99.86
2618,43925,Yes,2023-06-04,"Late Delivery",545.00
2619,27971,Yes,2022-05-10,"Faulty Product",352.43
2620,13201,Yes,2024-04-09,"Faulty Product",595.74
2621,7694,Yes,2024-06-29,Damaged,186.28
2622,10778,Yes,2024-05-04,"Late Delivery",537.84
2623,14972,Yes,2024-04-07,"Changed Mind",767.90
2624,3630,Yes,2025-07-13,"Changed Mind",641.52
2625,19977,Yes,2022-12-30,"Late Delivery",56.36
2626,30647,Yes,2024-10-05,"Faulty Product",1486.08
2627,23496,Yes,2024-12-24,Damaged,1086.99
2628,27018,Yes,2024-12-02,"Changed Mind",37.75
2629,48879,Yes,2023-08-22,"Changed Mind",1340.26
2630,8133,Yes,2022-04-26,"Faulty Product",381.78
2631,14062,Yes,2024-07-15,"Wrong Item",1328.01
2632,37927,Yes,2023-06-17,"Faulty Product",696.55
2633,26792,Yes,2023-05-30,"Faulty Product",96.99
2634,18331,Yes,2024-01-01,Damaged,1440.60
2635,10716,Yes,2022-06-30,"Faulty Product",1072.42
2636,15636,Yes,2024-06-02,"Late Delivery",779.44
2637,49774,Yes,2024-10-31,Damaged,731.64
2638,38397,Yes,2023-11-28,"Changed Mind",104.22
2639,8423,Yes,2023-11-19,"Wrong Item",741.32
2640,3720,Yes,2022-12-14,"Faulty Product",788.95
2641,45919,Yes,2024-05-26,"Changed Mind",342.27
2642,36524,Yes,2023-11-03,"Wrong Item",986.84
2643,30043,Yes,2022-11-25,"Late Delivery",1264.54
2644,40517,Yes,2025-12-13,"Wrong Item",1003.02
2645,19529,Yes,2025-06-20,"Changed Mind",401.69
2646,23779,Yes,2024-12-24,Damaged,694.50
2647,46843,Yes,2024-06-14,"Wrong Item",861.63
2648,30569,Yes,2024-03-27,"Changed Mind",484.99
2649,30870,Yes,2023-04-04,"Late Delivery",580.32
2650,27928,Yes,2024-07-06,Damaged,932.19
2651,46736,Yes,2022-03-03,"Wrong Item",978.94
2652,39912,Yes,2023-08-18,"Wrong Item",772.83
2653,18432,Yes,2025-10-28,"Wrong Item",572.36
2654,35722,Yes,2023-06-09,"Wrong Item",1193.70
2655,30748,Yes,2022-05-09,"Changed Mind",260.10
2656,20379,Yes,2022-04-30,"Wrong Item",534.25
2657,17404,Yes,2024-09-01,"Changed Mind",111.28
2658,39850,Yes,2024-06-19,"Wrong Item",1434.26
2659,42717,Yes,2025-01-07,"Late Delivery",216.06
2660,6012,Yes,2024-05-08,Damaged,1145.37
2661,23739,Yes,2022-09-04,"Faulty Product",292.45
2662,32524,Yes,2022-07-12,"Changed Mind",1178.82
2663,3415,Yes,2025-06-03,Damaged,401.06
2664,6163,Yes,2025-08-05,Damaged,622.21
2665,42495,Yes,2022-04-16,"Changed Mind",1349.42
2666,30631,Yes,2022-02-28,"Changed Mind",860.47
2667,628,Yes,2022-04-07,Damaged,366.19
2668,33121,Yes,2023-06-17,"Late Delivery",71.80
2669,26618,Yes,2024-09-19,Damaged,327.31
2670,35262,Yes,2023-01-16,Damaged,512.69
2671,13308,Yes,2025-12-16,"Wrong Item",555.15
2672,13564,Yes,2023-07-13,"Wrong Item",951.35
2673,21141,Yes,2025-12-21,"Late Delivery",715.53
2674,11481,Yes,2025-07-03,"Late Delivery",868.11
2675,33747,Yes,2022-09-08,"Wrong Item",326.00
2676,45322,Yes,2024-09-02,"Changed Mind",358.55
2677,21661,Yes,2022-03-28,"Late Delivery",147.75
2678,5130,Yes,2025-10-04,"Wrong Item",1161.11
2679,18160,Yes,2023-01-07,Damaged,760.07
2680,33500,Yes,2022-01-24,"Faulty Product",391.39
2681,46232,Yes,2023-06-27,Damaged,708.79
2682,35417,Yes,2022-11-17,"Changed Mind",676.99
2683,4217,Yes,2025-07-23,"Faulty Product",1363.24
2684,40717,Yes,2022-07-22,"Late Delivery",459.93
2685,11680,Yes,2022-07-27,"Changed Mind",673.95
2686,48694,Yes,2024-01-28,"Faulty Product",863.22
2687,31843,Yes,2022-07-31,Damaged,303.39
2688,40753,Yes,2022-06-09,Damaged,1531.60
2689,26215,Yes,2022-10-05,"Late Delivery",171.81
2690,24574,Yes,2024-01-08,"Wrong Item",860.22
2691,39631,Yes,2025-08-18,"Changed Mind",219.97
2692,29430,Yes,2024-03-18,Damaged,839.99
2693,24759,Yes,2025-12-13,"Faulty Product",843.25
2694,38275,Yes,2022-02-02,"Wrong Item",213.69
2695,33533,Yes,2023-09-24,"Late Delivery",1390.94
2696,27001,Yes,2022-04-18,"Faulty Product",22.60
2697,23834,Yes,2022-04-15,"Faulty Product",423.96
2698,21710,Yes,2025-05-19,"Faulty Product",1584.74
2699,17933,Yes,2025-11-18,"Changed Mind",328.82
2700,27301,Yes,2022-12-08,"Wrong Item",492.12
2701,41965,Yes,2024-04-10,Damaged,58.95
2702,23866,Yes,2022-05-27,Damaged,577.21
2703,24330,Yes,2024-04-27,"Faulty Product",1287.01
2704,8778,Yes,2023-09-17,"Wrong Item",1530.85
2705,42736,Yes,2022-05-24,"Wrong Item",972.96
2706,38380,Yes,2024-01-22,"Wrong Item",578.66
2707,16392,Yes,2024-11-18,"Faulty Product",158.99
2708,10642,Yes,2025-06-16,"Faulty Product",1028.91
2709,33949,Yes,2025-06-11,Damaged,282.28
2710,5128,Yes,2023-08-21,"Changed Mind",236.28
2711,24539,Yes,2025-10-20,Damaged,1380.52
2712,24063,Yes,2023-11-23,"Changed Mind",1175.59
2713,25245,Yes,2024-05-18,"Faulty Product",447.55
2714,47282,Yes,2025-07-31,"Faulty Product",219.84
2715,13206,Yes,2025-03-15,"Changed Mind",221.24
2716,29650,Yes,2022-03-07,"Faulty Product",646.04
2717,28764,Yes,2022-08-11,Damaged,423.71
2718,47672,Yes,2024-07-14,"Changed Mind",302.17
2719,45672,Yes,2022-06-10,"Late Delivery",895.11
2720,3798,Yes,2022-04-01,"Changed Mind",1121.39
2721,3423,Yes,2023-11-21,Damaged,723.37
2722,1977,Yes,2024-07-22,"Wrong Item",817.19
2723,45467,Yes,2023-05-11,Damaged,1092.95
2724,16026,Yes,2022-07-06,"Late Delivery",213.29
2725,16988,Yes,2025-05-04,"Late Delivery",824.40
2726,24572,Yes,2024-02-29,Damaged,603.51
2727,5537,Yes,2022-11-04,"Faulty Product",107.61
2728,6002,Yes,2024-05-09,"Late Delivery",909.66
2729,15265,Yes,2025-09-12,"Late Delivery",926.78
2730,14767,Yes,2023-01-05,"Late Delivery",877.84
2731,14863,Yes,2025-12-05,Damaged,1490.24
2732,45354,Yes,2022-11-20,"Late Delivery",800.41
2733,42574,Yes,2024-12-11,"Late Delivery",298.11
2734,7721,Yes,2023-07-14,"Wrong Item",827.25
2735,42835,Yes,2026-01-02,"Late Delivery",1373.61
2736,47224,Yes,2023-08-06,"Late Delivery",202.91
2737,19829,Yes,2022-12-19,"Changed Mind",853.31
2738,5454,Yes,2022-12-26,"Wrong Item",826.61
2739,39052,Yes,2025-08-22,"Wrong Item",1264.72
2740,26859,Yes,2025-09-11,"Wrong Item",596.19
2741,4123,Yes,2024-01-21,"Wrong Item",565.41
2742,18440,Yes,2022-12-23,"Late Delivery",639.38
2743,35884,Yes,2024-08-10,"Late Delivery",227.33
2744,766,Yes,2023-12-22,"Late Delivery",461.65
2745,6624,Yes,2024-07-02,"Late Delivery",943.41
2746,42908,Yes,2022-05-21,"Faulty Product",673.20
2747,2177,Yes,2025-08-13,Damaged,445.87
2748,10371,Yes,2025-07-16,"Late Delivery",113.02
2749,5287,Yes,2022-10-15,"Faulty Product",1553.92
2750,26691,Yes,2025-01-07,"Faulty Product",954.87
2751,29582,Yes,2024-03-29,"Faulty Product",1054.91
2752,27778,Yes,2022-02-12,"Late Delivery",1174.09
2753,14360,Yes,2025-08-25,"Faulty Product",843.86
2754,7271,Yes,2022-03-05,Damaged,83.47
2755,8643,Yes,2022-05-10,"Changed Mind",1292.43
2756,22808,Yes,2023-10-17,"Wrong Item",221.58
2757,42200,Yes,2025-07-06,Damaged,964.54
2758,42319,Yes,2022-01-24,"Late Delivery",1489.92
2759,33274,Yes,2023-10-01,"Late Delivery",920.95
2760,44708,Yes,2024-08-17,"Faulty Product",1012.12
2761,6233,Yes,2022-10-08,"Changed Mind",1247.86
2762,24465,Yes,2025-01-27,"Wrong Item",307.69
2763,39505,Yes,2025-04-25,"Faulty Product",696.51
2764,27419,Yes,2024-08-24,"Faulty Product",335.94
2765,3513,Yes,2025-03-12,"Wrong Item",1109.32
2766,15052,Yes,2025-06-06,"Changed Mind",1522.05
2767,44178,Yes,2022-09-26,"Wrong Item",281.82
2768,49301,Yes,2024-09-10,Damaged,784.91
2769,13955,Yes,2022-08-04,Damaged,226.22
2770,5917,Yes,2024-12-04,"Faulty Product",1153.30
2771,32441,Yes,2024-12-03,"Faulty Product",142.82
2772,24245,Yes,2022-03-08,"Late Delivery",944.39
2773,10247,Yes,2022-07-11,Damaged,1237.23
2774,14109,Yes,2022-07-08,"Changed Mind",1183.48
2775,137,Yes,2025-07-03,"Changed Mind",1113.80
2776,6179,Yes,2022-08-18,"Changed Mind",386.54
2777,33587,Yes,2025-06-16,Damaged,1588.10
2778,27501,Yes,2022-01-19,"Late Delivery",573.44
2779,24273,Yes,2023-06-10,"Changed Mind",642.14
2780,13837,Yes,2025-10-18,"Changed Mind",779.79
2781,23126,Yes,2024-08-03,"Changed Mind",978.34
2782,33521,Yes,2025-01-25,"Wrong Item",796.34
2783,8771,Yes,2022-03-05,"Late Delivery",793.79
2784,35528,Yes,2023-11-23,"Late Delivery",429.29
2785,29725,Yes,2025-12-17,"Faulty Product",1498.97
2786,19521,Yes,2024-12-17,Damaged,184.39
2787,444444,NO,2023-11-29,"Changed Mind",735.32
2788,37159,Yes,2022-07-27,"Changed Mind",25.54
2789,1297,Yes,2025-08-11,"Changed Mind",1813.31
2790,34982,Yes,2024-03-25,"Wrong Item",1228.36
2791,13543,Yes,2022-01-13,Damaged,341.29
2792,444444,NO,2025-04-25,"Wrong Item",844.33
2793,18629,Yes,2024-06-20,Damaged,1034.99
2794,2246,Yes,2022-06-10,Damaged,1192.45
2795,33846,Yes,2022-08-03,"Wrong Item",850.64
2796,36364,Yes,2022-12-14,"Late Delivery",734.64
2797,20087,Yes,2025-11-26,"Late Delivery",536.73
2798,22807,Yes,2023-06-09,"Faulty Product",326.89
2799,41743,Yes,2023-01-23,"Late Delivery",664.77
2800,20875,Yes,2024-05-15,"Faulty Product",399.01
2801,26502,Yes,2024-02-08,Damaged,999.73
2802,20245,Yes,2022-05-15,"Faulty Product",985.17
2803,7949,Yes,2022-06-12,"Faulty Product",841.80
2804,8616,Yes,2023-12-06,"Late Delivery",404.33
2805,12744,Yes,2022-11-07,"Late Delivery",1448.04
2806,4709,Yes,2023-05-08,"Wrong Item",1158.72
2807,10972,Yes,2025-09-21,Damaged,840.91
2808,20918,Yes,2025-05-14,"Late Delivery",828.93
2809,1294,Yes,2022-06-15,"Wrong Item",1385.81
2810,444444,NO,2023-05-21,"Late Delivery",898.62
2811,35221,Yes,2022-10-29,"Wrong Item",1082.80
2812,9515,Yes,2022-11-10,"Late Delivery",599.11
2813,2548,Yes,2022-08-20,"Late Delivery",309.47
2814,3411,Yes,2022-11-24,"Changed Mind",558.59
2815,12307,Yes,2023-04-19,"Wrong Item",1020.31
2816,10200,Yes,2024-07-02,"Wrong Item",997.91
2817,28552,Yes,2025-01-30,"Changed Mind",78.95
2818,8529,Yes,2023-04-06,"Wrong Item",9.71
2819,38491,Yes,2022-01-22,"Changed Mind",121.60
2820,12108,Yes,2026-01-04,Damaged,1317.46
2821,22408,Yes,2023-06-14,Damaged,785.99
2822,1056,Yes,2023-08-02,Damaged,268.91
2823,31245,Yes,2022-03-20,Damaged,1265.06
2824,10956,Yes,2023-11-12,"Changed Mind",1070.28
2825,17195,Yes,2024-10-26,"Changed Mind",1026.99
2826,7615,Yes,2025-07-24,"Changed Mind",717.23
2827,5538,Yes,2025-04-29,Damaged,415.36
2828,821,Yes,2023-12-02,Damaged,628.87
2829,10922,Yes,2025-07-21,"Faulty Product",1311.99
2830,33659,Yes,2025-10-10,"Wrong Item",1417.92
2831,1279,Yes,2025-07-18,"Late Delivery",291.87
2832,11773,Yes,2024-07-10,"Late Delivery",654.42
2833,10528,Yes,2022-01-27,"Faulty Product",1099.80
2834,30951,Yes,2023-12-30,"Late Delivery",58.21
2835,2296,Yes,2022-08-15,"Faulty Product",1383.89
2836,14429,Yes,2022-04-27,"Faulty Product",844.29
2837,35442,Yes,2024-06-15,Damaged,902.61
2838,46026,Yes,2025-09-21,Damaged,853.83
2839,19641,Yes,2024-07-20,"Late Delivery",857.06
2840,31214,Yes,2025-08-24,"Changed Mind",855.90
2841,40890,Yes,2025-06-08,"Wrong Item",776.54
2842,41533,Yes,2023-11-25,"Late Delivery",367.83
2843,46685,Yes,2025-10-22,"Late Delivery",498.11
2844,45139,Yes,2022-03-09,"Late Delivery",112.70
2845,5526,Yes,2024-08-29,"Late Delivery",1316.22
2846,5089,Yes,2025-01-17,"Late Delivery",182.02
2847,20021,Yes,2022-11-16,"Late Delivery",57.05
2848,45040,Yes,2024-05-26,"Late Delivery",93.72
2849,13817,Yes,2023-10-18,"Changed Mind",109.47
2850,1738,Yes,2024-02-06,"Late Delivery",928.63
2851,46571,Yes,2026-01-03,Damaged,110.63
2852,38863,Yes,2025-10-29,"Faulty Product",1165.97
2853,21759,Yes,2023-07-06,"Changed Mind",1430.47
2854,11043,Yes,2025-09-21,Damaged,67.33
2855,18091,Yes,2022-08-19,"Wrong Item",390.21
2856,9957,Yes,2025-02-13,"Faulty Product",809.63
2857,3094,Yes,2023-06-08,"Faulty Product",318.70
2858,18035,Yes,2022-05-07,"Wrong Item",626.94
2859,37148,Yes,2022-10-22,"Wrong Item",462.72
2860,27941,Yes,2025-06-14,Damaged,619.75
2861,11054,Yes,2024-03-15,"Faulty Product",609.17
2862,38547,Yes,2022-12-03,"Late Delivery",915.92
2863,32376,Yes,2023-02-04,Damaged,810.62
2864,32147,Yes,2024-11-04,"Faulty Product",617.79
2865,37592,Yes,2023-05-06,"Faulty Product",428.80
2866,46525,Yes,2023-07-10,Damaged,87.77
2867,49821,Yes,2023-03-05,"Changed Mind",955.24
2868,24979,Yes,2022-08-23,"Late Delivery",471.52
2869,25224,Yes,2022-04-04,Damaged,1116.69
2870,41070,Yes,2025-11-23,Damaged,1117.24
2871,19,Yes,2025-10-29,"Faulty Product",473.34
2872,49305,Yes,2023-09-19,"Wrong Item",715.01
2873,34380,Yes,2025-09-30,Damaged,711.68
2874,37780,Yes,2025-08-09,"Faulty Product",1512.21
2875,22808,Yes,2023-10-13,"Changed Mind",218.24
2876,32074,Yes,2024-01-30,Damaged,57.43
2877,12145,Yes,2022-10-26,"Changed Mind",677.61
2878,1482,Yes,2025-12-05,"Wrong Item",1801.00
2879,37505,Yes,2024-09-29,"Changed Mind",391.22
2880,691,Yes,2022-02-05,"Faulty Product",590.80
2881,3234,Yes,2025-12-18,"Wrong Item",717.07
2882,43245,Yes,2024-12-12,"Faulty Product",853.08
2883,49087,Yes,2022-11-22,"Wrong Item",1522.27
2884,14812,Yes,2022-10-03,"Faulty Product",532.43
2885,40948,Yes,2022-03-01,"Late Delivery",1393.48
2886,5233,Yes,2022-12-11,"Faulty Product",36.59
2887,27129,Yes,2024-08-10,"Wrong Item",1108.58
2888,25939,Yes,2025-01-09,"Faulty Product",805.70
2889,26291,Yes,2025-09-02,Damaged,70.16
2890,27035,Yes,2022-09-03,"Changed Mind",302.39
2891,46127,Yes,2023-07-04,"Wrong Item",737.76
2892,40889,Yes,2023-02-12,"Changed Mind",1109.40
2893,30635,Yes,2023-12-15,"Late Delivery",209.24
2894,48989,Yes,2022-07-29,Damaged,1065.08
2895,41367,Yes,2023-04-05,"Changed Mind",160.03
2896,43710,Yes,2024-12-26,"Faulty Product",725.69
2897,47567,Yes,2022-03-24,"Late Delivery",181.03
2898,619,Yes,2022-04-28,"Late Delivery",946.16
2899,18326,Yes,2024-04-03,"Wrong Item",226.21
2900,32761,Yes,2022-09-29,Damaged,414.25
2901,11336,Yes,2026-01-06,"Wrong Item",844.57
2902,44861,Yes,2025-09-05,"Faulty Product",10.75
2903,46618,Yes,2023-09-14,"Wrong Item",903.59
2904,17666,Yes,2023-12-31,"Faulty Product",992.10
2905,25115,Yes,2024-12-03,"Wrong Item",655.31
2906,24456,Yes,2024-01-07,Damaged,456.57
2907,31258,Yes,2024-08-02,"Late Delivery",1288.00
2908,15278,Yes,2025-03-26,"Faulty Product",719.47
2909,32585,Yes,2022-08-10,"Changed Mind",499.76
2910,33555,Yes,2023-05-21,"Faulty Product",466.02
2911,19546,Yes,2024-12-08,"Changed Mind",926.67
2912,3817,Yes,2024-06-24,"Wrong Item",541.80
2913,41841,Yes,2024-02-15,"Changed Mind",152.24
2914,49872,Yes,2024-06-21,"Changed Mind",1166.86
2915,21256,Yes,2025-05-21,"Wrong Item",782.08
2916,32827,Yes,2022-03-16,"Wrong Item",1343.89
2917,32316,Yes,2025-05-20,Damaged,1090.86
2918,40353,Yes,2022-06-11,"Faulty Product",1361.92
2919,1591,Yes,2022-08-18,"Changed Mind",876.75
2920,6249,Yes,2023-12-02,"Faulty Product",785.97
2921,49984,Yes,2022-11-11,"Wrong Item",571.31
2922,4085,Yes,2025-10-07,"Late Delivery",369.97
2923,1299,Yes,2023-09-09,"Faulty Product",1206.20
2924,17851,Yes,2022-12-11,Damaged,1375.35
2925,9905,Yes,2023-07-16,"Faulty Product",483.80
2926,47058,Yes,2025-04-08,"Changed Mind",1609.71
2927,3514,Yes,2024-09-11,Damaged,1552.54
2928,48308,Yes,2024-08-18,"Faulty Product",1356.00
2929,44253,Yes,2025-12-29,"Changed Mind",668.90
2930,19482,Yes,2023-02-18,Damaged,388.25
2931,9438,Yes,2024-04-09,"Changed Mind",438.81
2932,25534,Yes,2025-11-28,"Faulty Product",73.66
2933,33580,Yes,2025-01-07,"Faulty Product",696.32
2934,47530,Yes,2024-05-08,"Faulty Product",576.78
2935,44118,Yes,2022-05-01,"Faulty Product",379.46
2936,23917,Yes,2022-07-25,Damaged,187.59
2937,43731,Yes,2024-12-17,"Changed Mind",588.26
2938,11438,Yes,2025-05-23,Damaged,937.00
2939,46365,Yes,2025-11-21,"Faulty Product",1597.38
2940,7224,Yes,2025-04-24,"Wrong Item",1291.53
2941,27555,Yes,2024-05-29,"Faulty Product",230.04
2942,42359,Yes,2022-08-11,Damaged,236.26
2943,21411,Yes,2025-08-19,Damaged,1300.42
2944,16952,Yes,2022-06-24,"Faulty Product",450.60
2945,30196,Yes,2022-04-29,"Late Delivery",640.83
2946,22119,Yes,2025-12-19,"Wrong Item",1638.64
2947,14625,Yes,2024-03-19,"Changed Mind",786.79
2948,6234,Yes,2023-09-07,Damaged,255.22
2949,5622,Yes,2023-12-07,"Changed Mind",749.52
2950,24441,Yes,2024-09-25,"Wrong Item",1306.99
2951,25127,Yes,2025-03-28,"Changed Mind",1302.01
2952,23976,Yes,2024-07-18,Damaged,636.41
2953,11518,Yes,2024-12-11,"Wrong Item",1271.56
2954,4309,Yes,2025-12-15,"Late Delivery",55.01
2955,42839,Yes,2022-10-09,Damaged,202.07
2956,35660,Yes,2023-08-29,"Changed Mind",679.95
2957,31714,Yes,2025-07-08,Damaged,1210.72
2958,14334,Yes,2022-02-13,"Late Delivery",1436.22
2959,36470,Yes,2024-09-09,"Wrong Item",411.11
2960,21685,Yes,2024-02-08,"Late Delivery",336.77
2961,48529,Yes,2025-04-15,"Late Delivery",222.41
2962,33452,Yes,2023-05-07,"Late Delivery",1336.62
2963,29620,Yes,2023-03-07,Damaged,797.92
2964,6079,Yes,2024-12-27,"Changed Mind",594.35
2965,28361,Yes,2023-03-18,"Faulty Product",84.46
2966,12993,Yes,2025-09-10,Damaged,174.07
2967,21146,Yes,2022-07-24,Damaged,381.12
2968,47525,Yes,2025-01-03,"Faulty Product",1264.61
2969,25070,Yes,2022-12-19,"Faulty Product",915.02
2970,24937,Yes,2023-12-23,Damaged,707.39
2971,32392,Yes,2022-06-19,"Wrong Item",1384.49
2972,16008,Yes,2026-01-03,"Changed Mind",490.30
2973,44143,Yes,2024-11-19,"Faulty Product",408.11
2974,27160,Yes,2023-06-15,"Late Delivery",101.55
2975,41078,Yes,2023-01-11,"Late Delivery",1373.51
2976,48604,Yes,2023-09-10,"Late Delivery",271.68
2977,43586,Yes,2024-09-03,"Changed Mind",929.67
2978,2545,Yes,2024-04-12,"Faulty Product",990.31
2979,17043,Yes,2024-04-21,Damaged,300.82
2980,44092,Yes,2022-09-21,"Faulty Product",785.31
2981,19214,Yes,2025-09-21,Damaged,374.62
2982,4674,Yes,2024-10-11,"Wrong Item",78.93
2983,13989,Yes,2022-05-02,Damaged,181.61
2984,48007,Yes,2022-11-26,Damaged,718.75
2985,7869,Yes,2022-06-28,"Faulty Product",1389.90
2986,8397,Yes,2023-06-01,"Late Delivery",1267.22
2987,6270,Yes,2024-08-19,"Faulty Product",945.94
2988,11711,Yes,2023-02-27,"Faulty Product",1127.31
2989,40033,Yes,2022-01-09,"Changed Mind",748.90
2990,14196,Yes,2025-07-29,"Late Delivery",411.36
2991,11037,Yes,2026-01-02,Damaged,215.23
2992,35078,Yes,2024-10-17,"Faulty Product",587.48
2993,41450,Yes,2025-11-20,"Faulty Product",1143.62
2994,4546,Yes,2024-09-15,"Changed Mind",1494.12
2995,2872,Yes,2024-12-06,"Late Delivery",820.11
2996,2645,Yes,2022-05-29,"Changed Mind",1012.18
2997,7841,Yes,2022-09-21,"Changed Mind",1081.54
2998,40022,Yes,2023-08-18,Damaged,1500.94
2999,25258,Yes,2023-04-03,Damaged,627.97
3000,24197,Yes,2022-03-21,Damaged,1029.81
3001,41280,Yes,2024-10-09,Damaged,1150.16
3002,39081,Yes,2023-12-13,"Changed Mind",671.41
3003,33230,Yes,2025-04-27,"Late Delivery",78.82
3004,11550,Yes,2024-12-25,"Wrong Item",56.18
3005,22173,Yes,2024-12-03,"Faulty Product",421.06
3006,11164,Yes,2024-07-03,"Changed Mind",369.98
3007,16231,Yes,2024-06-20,"Changed Mind",721.76
3008,10464,Yes,2024-03-03,"Faulty Product",660.15
3009,19045,Yes,2024-06-10,"Late Delivery",326.89
3010,5272,Yes,2024-09-21,"Wrong Item",1021.60
3011,20334,Yes,2023-07-13,"Faulty Product",881.56
3012,45497,Yes,2023-08-05,"Wrong Item",786.75
3013,7503,Yes,2023-06-13,"Faulty Product",499.31
3014,35314,Yes,2022-07-12,"Faulty Product",781.87
3015,3275,Yes,2025-12-09,Damaged,970.06
3016,33314,Yes,2024-01-14,Damaged,927.04
3017,29929,Yes,2024-07-15,"Changed Mind",563.30
3018,19998,Yes,2022-09-11,Damaged,846.27
3019,5397,Yes,2024-12-11,"Changed Mind",1189.02
3020,48161,Yes,2025-03-21,"Faulty Product",255.60
3021,45128,Yes,2022-01-23,"Wrong Item",1501.95
3022,46506,Yes,2025-08-26,"Changed Mind",1182.03
3023,11234,Yes,2025-04-12,"Changed Mind",1815.23
3024,6646,Yes,2022-09-10,"Wrong Item",301.96
3025,46234,Yes,2025-08-17,"Wrong Item",1584.71
3026,43508,Yes,2022-01-18,"Changed Mind",653.85
3027,27682,Yes,2024-11-30,"Late Delivery",1319.27
3028,444444,NO,2022-09-21,"Faulty Product",935.58
3029,5796,Yes,2025-12-29,"Wrong Item",128.38
3030,46217,Yes,2022-06-07,"Wrong Item",102.84
3031,47304,Yes,2024-10-04,"Late Delivery",769.48
3032,31206,Yes,2022-06-17,"Faulty Product",803.53
3033,39453,Yes,2022-12-16,"Faulty Product",1205.08
3034,26797,Yes,2022-11-18,"Changed Mind",397.65
3035,38836,Yes,2023-10-30,"Wrong Item",393.38
3036,8651,Yes,2025-09-10,"Faulty Product",356.84
3037,1998,Yes,2025-11-15,"Late Delivery",446.01
3038,14449,Yes,2024-01-08,Damaged,105.39
3039,39191,Yes,2025-10-10,"Late Delivery",177.56
3040,25202,Yes,2022-11-28,"Changed Mind",358.20
3041,3218,Yes,2024-06-27,"Late Delivery",338.76
3042,30599,Yes,2022-03-31,"Changed Mind",1434.14
3043,17384,Yes,2022-12-10,Damaged,326.46
3044,21129,Yes,2023-12-07,Damaged,258.18
3045,30575,Yes,2024-12-23,"Faulty Product",211.21
3046,35503,Yes,2025-07-08,"Changed Mind",415.62
3047,26001,Yes,2024-09-04,"Faulty Product",1035.63
3048,26535,Yes,2025-11-05,"Wrong Item",682.55
3049,358,Yes,2023-01-05,Damaged,1061.11
3050,19179,Yes,2025-01-25,"Faulty Product",941.29
3051,45647,Yes,2023-05-19,Damaged,348.01
3052,46622,Yes,2022-11-08,"Faulty Product",406.13
3053,41075,Yes,2023-09-21,"Late Delivery",1080.13
3054,11239,Yes,2022-05-24,"Faulty Product",136.12
3055,34537,Yes,2024-12-14,"Late Delivery",1617.87
3056,15227,Yes,2022-10-03,"Wrong Item",542.69
3057,11820,Yes,2025-01-29,"Late Delivery",727.27
3058,444444,NO,2025-01-14,"Faulty Product",688.80
3059,10653,Yes,2024-04-15,"Late Delivery",84.61
3060,33902,Yes,2023-12-25,"Faulty Product",955.13
3061,31068,Yes,2022-07-09,"Faulty Product",1098.72
3062,21182,Yes,2023-10-16,"Faulty Product",597.19
3063,10351,Yes,2025-01-05,Damaged,1046.22
3064,5604,Yes,2024-09-03,"Late Delivery",1082.40
3065,7227,Yes,2023-08-18,"Faulty Product",1577.59
3066,16136,Yes,2024-07-18,"Faulty Product",890.92
3067,444444,NO,2025-07-26,"Late Delivery",1827.63
3068,26747,Yes,2022-03-09,"Wrong Item",1092.23
3069,30316,Yes,2023-12-12,"Wrong Item",833.16
3070,17652,Yes,2022-12-21,"Late Delivery",935.90
3071,49379,Yes,2022-06-04,"Late Delivery",1296.33
3072,47548,Yes,2024-12-18,Damaged,798.55
3073,15457,Yes,2025-06-26,"Wrong Item",1285.71
3074,7113,Yes,2024-08-19,Damaged,297.17
3075,21387,Yes,2023-12-09,"Faulty Product",1273.14
3076,47486,Yes,2024-12-17,"Wrong Item",1069.53
3077,21484,Yes,2025-11-15,"Late Delivery",402.64
3078,48001,Yes,2023-06-14,"Late Delivery",443.72
3079,19943,Yes,2024-06-06,"Wrong Item",369.06
3080,46056,Yes,2025-03-09,"Wrong Item",472.35
3081,19939,Yes,2024-12-06,"Late Delivery",360.00
3082,36387,Yes,2024-07-09,"Faulty Product",1396.65
3083,7881,Yes,2022-07-27,"Wrong Item",801.16
3084,24346,Yes,2022-07-21,"Changed Mind",489.91
3085,15931,Yes,2025-12-25,"Changed Mind",1080.86
3086,16787,Yes,2024-10-16,Damaged,629.21
3087,48946,Yes,2025-12-22,"Wrong Item",934.25
3088,38744,Yes,2024-08-04,"Changed Mind",761.74
3089,3588,Yes,2022-07-18,"Faulty Product",906.77
3090,34423,Yes,2025-03-22,"Faulty Product",1398.30
3091,10991,Yes,2023-07-18,"Wrong Item",551.72
3092,39984,Yes,2024-03-09,"Changed Mind",1642.02
3093,13361,Yes,2022-03-23,"Wrong Item",126.15
3094,18025,Yes,2023-11-29,"Wrong Item",108.65
3095,23317,Yes,2025-05-21,"Changed Mind",530.82
3096,9809,Yes,2024-04-12,Damaged,1123.30
3097,4820,Yes,2023-01-10,"Late Delivery",441.78
3098,38315,Yes,2023-08-06,Damaged,1314.93
3099,26087,Yes,2025-04-07,Damaged,1001.85
3100,39494,Yes,2023-03-26,"Wrong Item",1021.96
3101,40320,Yes,2022-12-05,"Wrong Item",80.37
3102,20136,Yes,2022-12-26,"Faulty Product",1286.83
3103,43505,Yes,2024-10-26,"Changed Mind",728.67
3104,27746,Yes,2023-08-20,"Wrong Item",387.36
3105,40975,Yes,2025-07-30,"Late Delivery",540.20
3106,3083,Yes,2025-07-26,Damaged,840.68
3107,49985,Yes,2024-06-24,"Faulty Product",270.90
3108,17455,Yes,2025-04-16,"Faulty Product",1467.31
3109,14933,Yes,2024-04-25,"Faulty Product",788.31
3110,18629,Yes,2024-06-27,"Faulty Product",924.97
3111,22423,Yes,2024-09-26,"Late Delivery",1798.22
3112,14608,Yes,2023-11-12,Damaged,744.27
3113,44143,Yes,2024-11-24,"Wrong Item",366.15
3114,28759,Yes,2023-06-13,"Faulty Product",1475.61
3115,24443,Yes,2022-04-08,"Changed Mind",123.73
3116,11569,Yes,2025-01-06,"Faulty Product",228.14
3117,43286,Yes,2024-11-28,"Changed Mind",1496.00
3118,15466,Yes,2022-03-21,"Wrong Item",841.50
3119,3564,Yes,2025-08-14,"Changed Mind",314.62
3120,28745,Yes,2025-06-05,"Late Delivery",207.60
3121,23592,Yes,2022-10-31,Damaged,1314.37
3122,33128,Yes,2025-08-27,Damaged,351.49
3123,10369,Yes,2023-11-02,"Late Delivery",1510.82
3124,16260,Yes,2024-10-29,"Late Delivery",111.83
3125,17626,Yes,2023-02-25,"Wrong Item",188.70
3126,12113,Yes,2024-08-04,"Changed Mind",340.71
3127,37856,Yes,2023-08-13,"Late Delivery",1286.55
3128,31032,Yes,2025-06-14,"Late Delivery",920.53
3129,49291,Yes,2023-06-09,"Wrong Item",315.38
3130,33171,Yes,2023-01-25,"Changed Mind",677.95
3131,16406,Yes,2022-10-28,"Wrong Item",967.72
3132,25604,Yes,2023-06-19,"Wrong Item",416.49
3133,1715,Yes,2025-07-05,"Late Delivery",931.41
3134,39049,Yes,2023-02-13,"Late Delivery",994.89
3135,45773,Yes,2023-05-26,"Changed Mind",835.76
3136,36551,Yes,2025-10-17,Damaged,673.56
3137,19075,Yes,2024-09-22,"Changed Mind",1067.66
3138,29755,Yes,2024-12-24,Damaged,207.10
3139,42019,Yes,2023-08-15,"Late Delivery",579.54
3140,15323,Yes,2023-06-15,"Changed Mind",268.35
3141,6433,Yes,2023-08-08,"Changed Mind",435.84
3142,10250,Yes,2022-01-22,"Late Delivery",513.22
3143,3102,Yes,2024-07-20,"Wrong Item",525.32
3144,32072,Yes,2022-05-04,"Wrong Item",441.95
3145,13714,Yes,2023-12-31,"Wrong Item",952.79
3146,17424,Yes,2024-12-12,"Changed Mind",899.76
3147,11138,Yes,2024-05-01,"Late Delivery",837.59
3148,2413,Yes,2023-06-24,"Changed Mind",364.18
3149,20239,Yes,2023-09-26,Damaged,677.49
3150,40051,Yes,2024-03-19,Damaged,1456.51
3151,40884,Yes,2025-03-10,"Wrong Item",832.68
3152,10124,Yes,2024-06-25,"Faulty Product",186.54
3153,2657,Yes,2025-01-30,"Faulty Product",621.26
3154,18517,Yes,2024-03-01,Damaged,829.33
3155,17335,Yes,2022-12-29,"Changed Mind",1124.39
3156,16771,Yes,2024-03-02,Damaged,479.10
3157,17182,Yes,2024-10-28,"Wrong Item",1177.27
3158,4778,Yes,2024-03-20,"Wrong Item",749.50
3159,14040,Yes,2025-09-01,"Changed Mind",99.84
3160,18493,Yes,2023-11-03,"Faulty Product",267.30
3161,7728,Yes,2025-08-25,"Changed Mind",725.24
3162,26603,Yes,2025-11-28,"Wrong Item",1291.60
3163,12694,Yes,2023-11-23,Damaged,436.25
3164,26489,Yes,2022-05-26,"Changed Mind",79.13
3165,16927,Yes,2022-08-29,"Changed Mind",1388.75
3166,38782,Yes,2022-06-15,Damaged,430.31
3167,8035,Yes,2026-01-03,"Wrong Item",897.83
3168,41218,Yes,2023-10-26,"Changed Mind",1289.19
3169,12099,Yes,2022-05-19,Damaged,117.67
3170,15759,Yes,2023-09-14,"Late Delivery",742.39
3171,6571,Yes,2025-09-16,"Faulty Product",62.08
3172,28330,Yes,2022-11-16,"Faulty Product",975.90
3173,1561,Yes,2025-05-13,Damaged,858.80
3174,38495,Yes,2025-12-26,"Late Delivery",55.66
3175,43793,Yes,2023-11-24,"Faulty Product",1134.00
3176,7781,Yes,2022-11-28,Damaged,908.78
3177,20627,Yes,2025-02-02,Damaged,838.83
3178,25448,Yes,2022-04-27,"Late Delivery",852.71
3179,5516,Yes,2022-06-24,"Late Delivery",463.61
3180,18943,Yes,2022-12-19,"Changed Mind",394.02
3181,17932,Yes,2025-11-15,Damaged,1041.13
3182,29509,Yes,2024-08-20,"Changed Mind",1427.58
3183,30166,Yes,2023-12-10,"Faulty Product",725.24
3184,777,Yes,2023-11-05,"Faulty Product",40.09
3185,19018,Yes,2022-06-28,Damaged,259.33
3186,37241,Yes,2022-11-07,Damaged,200.24
3187,41699,Yes,2025-08-18,"Faulty Product",73.86
3188,28521,Yes,2022-12-12,"Wrong Item",987.12
3189,3195,Yes,2023-04-08,"Wrong Item",1081.78
3190,12608,Yes,2022-04-16,"Wrong Item",747.35
3191,11305,Yes,2024-03-23,"Wrong Item",80.30
3192,43025,Yes,2024-06-24,"Wrong Item",276.96
3193,9019,Yes,2025-12-31,Damaged,579.26
3194,34669,Yes,2024-02-22,"Wrong Item",951.75
3195,35871,Yes,2024-04-05,"Wrong Item",1670.61
3196,40330,Yes,2024-12-16,"Changed Mind",973.48
3197,44695,Yes,2025-07-18,Damaged,991.64
3198,43758,Yes,2024-11-11,Damaged,515.29
3199,22366,Yes,2024-12-23,"Wrong Item",824.37
3200,23848,Yes,2022-12-15,"Late Delivery",1381.56
3201,25059,Yes,2022-10-29,"Wrong Item",1444.47
3202,29111,Yes,2023-02-07,"Faulty Product",503.67
3203,37956,Yes,2024-12-12,"Changed Mind",697.93
3204,43097,Yes,2024-11-23,"Wrong Item",629.77
3205,36762,Yes,2024-07-09,"Late Delivery",1637.62
3206,34231,Yes,2022-03-01,"Faulty Product",1351.37
3207,33525,Yes,2024-12-05,"Changed Mind",84.57
3208,4796,Yes,2025-07-20,Damaged,695.03
3209,23388,Yes,2022-01-15,Damaged,410.03
3210,11381,Yes,2023-04-11,Damaged,388.23
3211,42992,Yes,2022-12-24,"Faulty Product",1089.56
3212,18911,Yes,2023-08-09,"Late Delivery",734.56
3213,47659,Yes,2022-09-04,"Faulty Product",1835.46
3214,32575,Yes,2024-07-12,"Wrong Item",194.59
3215,38463,Yes,2023-08-11,"Wrong Item",72.02
3216,23395,Yes,2023-01-08,"Late Delivery",797.13
3217,4571,Yes,2025-06-24,"Changed Mind",162.73
3218,44482,Yes,2023-08-07,"Changed Mind",937.18
3219,28290,Yes,2025-02-26,"Faulty Product",235.07
3220,27714,Yes,2025-12-15,Damaged,67.89
3221,3712,Yes,2024-12-17,"Late Delivery",1055.39
3222,10318,Yes,2022-02-18,"Late Delivery",607.55
3223,46847,Yes,2023-07-27,"Late Delivery",502.85
3224,41958,Yes,2022-04-19,"Faulty Product",668.85
3225,18604,Yes,2022-08-13,"Late Delivery",206.55
3226,10231,Yes,2022-11-05,Damaged,1377.69
3227,47670,Yes,2024-06-15,"Late Delivery",885.73
3228,33951,Yes,2024-06-15,"Wrong Item",249.48
3229,9898,Yes,2025-06-03,"Faulty Product",213.42
3230,46370,Yes,2023-02-19,"Wrong Item",132.00
3231,15193,Yes,2023-08-09,"Changed Mind",495.31
3232,2453,Yes,2022-05-07,Damaged,1021.16
3233,444444,NO,2024-11-09,"Faulty Product",828.48
3234,7996,Yes,2022-09-26,Damaged,595.58
3235,24276,Yes,2023-08-14,"Wrong Item",1351.74
3236,44374,Yes,2024-08-10,"Wrong Item",656.77
3237,16913,Yes,2025-10-21,"Changed Mind",852.08
3238,24943,Yes,2024-03-27,"Late Delivery",648.01
3239,13015,Yes,2023-03-28,Damaged,199.70
3240,41985,Yes,2022-06-05,Damaged,414.63
3241,20625,Yes,2024-05-29,"Late Delivery",533.46
3242,22944,Yes,2024-02-26,"Late Delivery",1421.05
3243,39177,Yes,2025-11-18,"Wrong Item",103.09
3244,16207,Yes,2023-10-26,"Wrong Item",444.72
3245,33544,Yes,2023-11-27,Damaged,1148.21
3246,39827,Yes,2023-04-26,Damaged,934.42
3247,4924,Yes,2023-08-10,"Late Delivery",453.15
3248,27164,Yes,2022-12-22,"Late Delivery",350.49
3249,41628,Yes,2022-06-14,"Wrong Item",1405.53
3250,37433,Yes,2022-06-09,"Wrong Item",1216.36
3251,16796,Yes,2023-08-19,"Wrong Item",1198.84
3252,29170,Yes,2022-10-03,"Changed Mind",598.49
3253,5520,Yes,2025-08-26,"Wrong Item",1286.92
3254,47672,Yes,2024-07-17,"Faulty Product",289.58
3255,40071,Yes,2024-06-03,"Wrong Item",226.15
3256,24126,Yes,2025-02-09,"Changed Mind",196.11
3257,44023,Yes,2023-09-18,"Changed Mind",864.02
3258,17639,Yes,2023-09-22,"Faulty Product",1108.99
3259,17358,Yes,2024-09-30,Damaged,325.30
3260,7924,Yes,2025-09-16,"Wrong Item",608.77
3261,29364,Yes,2024-05-13,"Wrong Item",874.79
3262,7350,Yes,2023-07-22,"Late Delivery",514.96
3263,16210,Yes,2022-11-28,Damaged,631.09
3264,4270,Yes,2024-11-20,"Late Delivery",668.08
3265,35653,Yes,2023-06-06,Damaged,895.63
3266,27364,Yes,2024-10-11,Damaged,908.13
3267,5075,Yes,2024-08-15,"Late Delivery",1021.72
3268,36967,Yes,2023-12-22,"Wrong Item",793.60
3269,41459,Yes,2025-04-09,"Changed Mind",787.94
3270,28154,Yes,2023-10-20,"Changed Mind",182.60
3271,46038,Yes,2025-12-10,"Late Delivery",946.12
3272,37651,Yes,2023-07-06,"Late Delivery",421.58
3273,22639,Yes,2024-04-08,"Late Delivery",421.49
3274,23859,Yes,2022-12-05,"Changed Mind",601.32
3275,39540,Yes,2022-06-10,"Changed Mind",324.73
3276,24867,Yes,2024-01-02,"Late Delivery",1648.83
3277,24424,Yes,2022-10-17,"Wrong Item",888.77
3278,27836,Yes,2023-12-17,Damaged,502.95
3279,12811,Yes,2023-03-03,"Late Delivery",311.73
3280,20226,Yes,2025-07-03,Damaged,781.22
3281,17614,Yes,2024-05-31,"Late Delivery",1111.67
3282,38188,Yes,2024-06-09,Damaged,96.10
3283,8032,Yes,2025-07-02,"Wrong Item",26.89
3284,20794,Yes,2025-12-26,"Late Delivery",663.24
3285,48125,Yes,2022-06-15,"Wrong Item",941.92
3286,47279,Yes,2025-12-07,Damaged,755.21
3287,45537,Yes,2023-05-03,"Late Delivery",201.56
3288,28513,Yes,2025-03-14,"Wrong Item",415.87
3289,29463,Yes,2024-12-07,"Late Delivery",981.81
3290,20131,Yes,2025-07-03,"Changed Mind",497.08
3291,43102,Yes,2023-09-26,"Wrong Item",172.31
3292,37031,Yes,2022-08-12,"Changed Mind",250.07
3293,47352,Yes,2023-10-12,"Faulty Product",917.64
3294,3069,Yes,2022-05-14,"Changed Mind",387.62
3295,39188,Yes,2023-09-30,Damaged,737.60
3296,15233,Yes,2023-04-07,"Faulty Product",1090.54
3297,45434,Yes,2025-03-03,Damaged,735.74
3298,4040,Yes,2024-10-23,"Changed Mind",511.52
3299,49715,Yes,2025-08-29,Damaged,435.61
3300,6767,Yes,2023-12-11,"Changed Mind",661.95
3301,12035,Yes,2026-01-08,"Faulty Product",69.22
3302,25641,Yes,2025-08-11,Damaged,96.03
3303,444444,NO,2023-06-21,"Late Delivery",1005.28
3304,43977,Yes,2022-02-01,"Faulty Product",1565.74
3305,28948,Yes,2023-12-27,"Faulty Product",817.58
3306,31303,Yes,2024-12-15,"Faulty Product",182.95
3307,6288,Yes,2025-05-19,"Faulty Product",1054.63
3308,49376,Yes,2024-06-19,"Wrong Item",489.88
3309,26937,Yes,2026-01-02,"Late Delivery",1079.29
3310,41693,Yes,2025-10-26,"Faulty Product",907.03
3311,37404,Yes,2023-08-14,Damaged,218.82
3312,25922,Yes,2024-04-28,"Faulty Product",189.05
3313,1880,Yes,2025-09-13,"Late Delivery",231.27
3314,28529,Yes,2024-06-28,"Faulty Product",543.37
3315,28115,Yes,2025-03-09,"Wrong Item",440.45
3316,505,Yes,2022-03-07,"Late Delivery",841.38
3317,39894,Yes,2022-11-15,"Changed Mind",68.44
3318,17032,Yes,2024-04-11,"Late Delivery",404.52
3319,26751,Yes,2025-03-08,"Faulty Product",1229.99
3320,18244,Yes,2022-06-29,"Faulty Product",102.54
3321,14974,Yes,2023-12-29,Damaged,166.44
3322,34958,Yes,2022-08-02,"Late Delivery",267.82
3323,22227,Yes,2025-07-10,"Late Delivery",519.79
3324,10168,Yes,2025-07-23,"Late Delivery",501.04
3325,4898,Yes,2024-08-17,"Changed Mind",715.94
3326,30544,Yes,2023-09-11,"Wrong Item",1175.00
3327,27756,Yes,2024-12-30,"Late Delivery",712.92
3328,42438,Yes,2024-12-19,"Faulty Product",293.43
3329,22045,Yes,2024-06-24,"Changed Mind",119.07
3330,46872,Yes,2025-08-18,Damaged,214.93
3331,31985,Yes,2024-04-24,"Late Delivery",1232.08
3332,25077,Yes,2023-10-07,"Wrong Item",422.41
3333,27414,Yes,2022-09-07,"Changed Mind",653.51
3334,47616,Yes,2025-04-26,Damaged,151.25
3335,4606,Yes,2022-11-19,"Faulty Product",85.48
3336,36827,Yes,2023-12-09,"Faulty Product",376.37
3337,28218,Yes,2023-06-11,Damaged,245.15
3338,16568,Yes,2022-06-09,"Changed Mind",658.73
3339,4276,Yes,2022-09-03,"Late Delivery",790.35
3340,18103,Yes,2023-07-20,"Wrong Item",399.95
3341,26283,Yes,2023-03-04,"Faulty Product",145.00
3342,38190,Yes,2024-11-29,"Late Delivery",951.03
3343,10639,Yes,2024-10-12,"Faulty Product",508.97
3344,2601,Yes,2023-11-07,"Faulty Product",324.01
3345,9076,Yes,2024-05-02,Damaged,998.48
3346,28539,Yes,2022-01-27,"Wrong Item",282.31
3347,49759,Yes,2024-06-11,"Faulty Product",579.62
3348,29237,Yes,2022-10-25,"Wrong Item",1805.50
3349,3966,Yes,2022-07-23,Damaged,381.78
3350,43806,Yes,2023-01-12,"Faulty Product",392.01
3351,31128,Yes,2025-04-16,"Wrong Item",956.14
3352,32253,Yes,2025-08-13,"Changed Mind",399.99
3353,1225,Yes,2022-12-13,"Late Delivery",460.28
3354,43011,Yes,2024-03-31,Damaged,1352.99
3355,3700,Yes,2022-07-13,"Wrong Item",1076.19
3356,49494,Yes,2023-12-01,"Faulty Product",547.73
3357,39404,Yes,2026-01-04,"Late Delivery",757.05
3358,46201,Yes,2023-12-31,"Late Delivery",101.99
3359,12200,Yes,2025-07-20,"Changed Mind",300.65
3360,1892,Yes,2025-11-03,"Faulty Product",291.83
3361,4955,Yes,2022-03-30,"Wrong Item",410.48
3362,38765,Yes,2025-06-23,"Changed Mind",720.50
3363,47170,Yes,2023-04-13,"Late Delivery",494.00
3364,19721,Yes,2022-02-14,Damaged,419.78
3365,1139,Yes,2023-07-05,Damaged,1018.18
3366,14014,Yes,2023-11-20,"Faulty Product",561.41
3367,444444,NO,2022-08-16,"Faulty Product",1487.09
3368,25112,Yes,2023-03-22,"Wrong Item",564.11
3369,5372,Yes,2023-12-08,"Wrong Item",908.95
3370,46286,Yes,2025-09-12,"Late Delivery",543.99
3371,46468,Yes,2025-07-02,"Wrong Item",559.96
3372,9682,Yes,2025-06-18,"Changed Mind",415.95
3373,37461,Yes,2024-05-12,"Wrong Item",1149.45
3374,42285,Yes,2023-06-20,"Changed Mind",1036.39
3375,32722,Yes,2024-09-29,"Changed Mind",179.15
3376,12392,Yes,2024-11-25,"Changed Mind",1055.00
3377,15765,Yes,2024-12-28,"Wrong Item",687.47
3378,12468,Yes,2025-08-11,"Faulty Product",121.36
3379,47574,Yes,2023-12-08,"Late Delivery",783.01
3380,7999,Yes,2022-04-07,"Late Delivery",1177.95
3381,24083,Yes,2023-08-04,"Late Delivery",585.11
3382,18442,Yes,2025-10-19,"Changed Mind",790.01
3383,336,Yes,2025-06-26,"Wrong Item",834.72
3384,20317,Yes,2023-01-01,"Faulty Product",705.42
3385,14126,Yes,2022-10-10,"Faulty Product",791.78
3386,1926,Yes,2024-04-17,"Faulty Product",633.40
3387,13432,Yes,2022-10-11,"Faulty Product",183.00
3388,755,Yes,2024-06-13,Damaged,519.13
3389,10418,Yes,2024-04-04,"Wrong Item",307.83
3390,30581,Yes,2022-08-02,"Wrong Item",1434.50
3391,9866,Yes,2022-12-17,"Wrong Item",1244.72
3392,45847,Yes,2024-02-13,"Faulty Product",1049.08
3393,23508,Yes,2023-08-21,Damaged,1146.76
3394,16759,Yes,2024-06-22,"Wrong Item",162.54
3395,39843,Yes,2024-05-03,"Wrong Item",656.30
3396,44189,Yes,2023-09-23,"Wrong Item",793.95
3397,48169,Yes,2024-02-25,Damaged,924.70
3398,31411,Yes,2022-03-03,"Faulty Product",1443.16
3399,24066,Yes,2022-12-20,"Late Delivery",1278.80
3400,17522,Yes,2023-09-25,"Late Delivery",462.47
3401,34119,Yes,2024-11-19,"Changed Mind",808.59
3402,5389,Yes,2024-01-02,"Late Delivery",725.27
3403,16525,Yes,2025-06-20,"Late Delivery",304.88
3404,473,Yes,2025-05-09,"Faulty Product",1049.80
3405,41299,Yes,2024-06-08,"Faulty Product",1185.96
3406,38186,Yes,2024-08-05,"Changed Mind",1075.75
3407,42284,Yes,2024-03-30,"Faulty Product",1563.97
3408,17753,Yes,2025-09-18,Damaged,1583.72
3409,49973,Yes,2025-06-10,"Faulty Product",1028.68
3410,9086,Yes,2025-08-09,"Wrong Item",812.05
3411,24131,Yes,2023-12-07,"Changed Mind",1224.27
3412,15797,Yes,2025-07-07,"Faulty Product",255.06
3413,3426,Yes,2022-01-12,Damaged,1521.92
3414,9698,Yes,2023-04-02,Damaged,730.56
3415,39351,Yes,2025-05-30,Damaged,616.72
3416,22598,Yes,2024-12-30,"Changed Mind",947.58
3417,14886,Yes,2023-11-18,Damaged,803.25
3418,13756,Yes,2025-02-03,Damaged,809.05
3419,35248,Yes,2022-08-17,Damaged,340.16
3420,393,Yes,2023-10-13,"Late Delivery",87.90
3421,37202,Yes,2022-12-24,"Faulty Product",826.11
3422,340,Yes,2023-07-17,"Changed Mind",858.31
3423,38241,Yes,2022-12-17,"Faulty Product",659.48
3424,4202,Yes,2023-11-27,"Changed Mind",745.02
3425,31108,Yes,2024-12-04,"Wrong Item",641.98
3426,38981,Yes,2025-12-03,Damaged,1464.20
3427,773,Yes,2023-12-10,Damaged,615.06
3428,15701,Yes,2023-12-31,"Changed Mind",867.94
3429,35368,Yes,2022-02-11,Damaged,153.12
3430,11811,Yes,2024-08-21,"Wrong Item",1010.43
3431,23855,Yes,2024-07-04,"Faulty Product",372.79
3432,49371,Yes,2024-12-04,"Late Delivery",1000.16
3433,11219,Yes,2022-11-30,"Faulty Product",225.21
3434,19582,Yes,2024-08-25,"Late Delivery",127.43
3435,16373,Yes,2024-12-18,"Faulty Product",525.60
3436,43174,Yes,2024-06-27,"Faulty Product",314.92
3437,8848,Yes,2023-03-18,"Faulty Product",1248.26
3438,15066,Yes,2025-07-22,"Faulty Product",905.92
3439,12149,Yes,2022-03-02,"Wrong Item",861.98
3440,33673,Yes,2023-06-16,Damaged,722.54
3441,46874,Yes,2025-04-09,Damaged,987.87
3442,4947,Yes,2025-03-20,"Changed Mind",107.67
3443,20461,Yes,2024-05-14,Damaged,1724.73
3444,43124,Yes,2024-06-15,"Late Delivery",569.30
3445,47790,Yes,2024-12-29,"Wrong Item",951.42
3446,782,Yes,2024-08-15,Damaged,1277.77
3447,29047,Yes,2023-10-02,"Changed Mind",575.18
3448,39011,Yes,2024-11-18,"Wrong Item",618.21
3449,42899,Yes,2022-04-02,"Changed Mind",184.39
3450,21782,Yes,2025-09-08,"Changed Mind",1313.46
3451,42298,Yes,2023-06-16,"Late Delivery",1169.47
3452,11169,Yes,2025-07-09,"Wrong Item",1294.88
3453,30518,Yes,2022-05-13,"Late Delivery",1720.96
3454,42417,Yes,2023-03-05,"Changed Mind",1344.97
3455,34243,Yes,2025-07-24,"Faulty Product",375.64
3456,40846,Yes,2023-06-25,"Changed Mind",500.74
3457,44005,Yes,2023-11-29,"Late Delivery",562.54
3458,36716,Yes,2022-08-04,"Changed Mind",66.96
3459,40198,Yes,2023-11-27,"Faulty Product",643.02
3460,15558,Yes,2024-01-11,"Wrong Item",208.10
3461,21180,Yes,2024-08-06,"Changed Mind",1612.37
3462,11405,Yes,2024-04-24,Damaged,719.82
3463,37744,Yes,2023-09-13,"Changed Mind",592.56
3464,24175,Yes,2022-10-16,"Faulty Product",994.99
3465,11632,Yes,2023-04-29,"Late Delivery",72.77
3466,9103,Yes,2025-01-05,"Wrong Item",1244.88
3467,15214,Yes,2022-03-29,"Faulty Product",347.55
3468,29783,Yes,2023-03-09,"Late Delivery",981.46
3469,9079,Yes,2022-07-02,"Wrong Item",80.92
3470,19104,Yes,2023-09-29,Damaged,192.62
3471,42753,Yes,2025-04-30,"Late Delivery",1745.08
3472,48838,Yes,2023-11-18,Damaged,109.46
3473,18511,Yes,2022-11-04,"Wrong Item",486.33
3474,44830,Yes,2025-06-19,"Late Delivery",1430.03
3475,38073,Yes,2024-10-15,"Changed Mind",329.49
3476,2959,Yes,2023-12-11,"Wrong Item",845.88
3477,6430,Yes,2022-03-28,"Changed Mind",406.24
3478,18436,Yes,2022-05-28,"Wrong Item",990.46
3479,42890,Yes,2024-12-31,"Faulty Product",1044.55
3480,12218,Yes,2023-08-14,"Faulty Product",615.22
3481,15465,Yes,2024-06-27,"Wrong Item",271.52
3482,5537,Yes,2022-10-30,"Faulty Product",112.57
3483,12914,Yes,2024-09-10,"Changed Mind",1302.74
3484,17312,Yes,2024-06-16,Damaged,76.29
3485,21103,Yes,2023-12-01,"Changed Mind",13.10
3486,49248,Yes,2023-09-08,"Wrong Item",808.46
3487,33490,Yes,2025-05-17,"Changed Mind",622.58
3488,444444,NO,2022-11-23,Damaged,933.89
3489,4107,Yes,2023-12-19,Damaged,333.14
3490,46527,Yes,2022-03-13,"Faulty Product",466.10
3491,48935,Yes,2023-05-22,"Wrong Item",119.47
3492,21516,Yes,2024-09-19,Damaged,246.20
3493,12435,Yes,2025-07-10,"Wrong Item",555.24
3494,47048,Yes,2025-10-25,"Late Delivery",1209.81
3495,33774,Yes,2022-10-04,"Late Delivery",1226.32
3496,22513,Yes,2022-04-08,"Wrong Item",1322.37
3497,8820,Yes,2023-01-20,"Changed Mind",1064.10
3498,40938,Yes,2022-11-27,Damaged,889.95
3499,30744,Yes,2023-12-19,Damaged,863.33
3500,31399,Yes,2025-07-30,Damaged,689.69
3501,14144,Yes,2025-09-04,"Changed Mind",684.34
3502,18192,Yes,2024-07-16,"Wrong Item",449.89
3503,9861,Yes,2022-04-20,"Late Delivery",389.60
3504,37732,Yes,2024-03-09,"Wrong Item",132.31
3505,39127,Yes,2025-07-05,"Wrong Item",946.00
3506,19595,Yes,2023-11-19,"Faulty Product",1444.63
3507,19432,Yes,2022-11-08,"Wrong Item",549.70
3508,4187,Yes,2025-12-27,"Wrong Item",690.55
3509,33097,Yes,2022-12-07,"Faulty Product",1441.45
3510,47631,Yes,2022-05-02,"Late Delivery",484.73
3511,24954,Yes,2023-02-16,Damaged,121.28
3512,35187,Yes,2025-02-04,Damaged,851.06
3513,25441,Yes,2023-11-10,"Changed Mind",879.65
3514,41424,Yes,2024-05-18,"Faulty Product",1257.75
3515,28673,Yes,2022-08-27,"Late Delivery",1020.08
3516,20974,Yes,2025-06-24,Damaged,367.09
3517,29756,Yes,2025-01-03,Damaged,115.23
3518,34157,Yes,2025-01-05,"Faulty Product",299.94
3519,47204,Yes,2024-08-19,"Faulty Product",540.85
3520,45309,Yes,2023-07-25,"Wrong Item",1471.91
3521,32016,Yes,2025-04-13,"Wrong Item",1458.04
3522,22560,Yes,2024-06-28,Damaged,288.64
3523,11713,Yes,2023-12-29,"Wrong Item",1449.70
3524,23442,Yes,2022-10-22,Damaged,1382.66
3525,12276,Yes,2022-02-03,"Wrong Item",868.98
3526,35909,Yes,2024-10-09,"Changed Mind",928.42
3527,32517,Yes,2024-12-16,"Late Delivery",947.41
3528,42447,Yes,2025-03-07,Damaged,113.71
3529,38834,Yes,2024-01-13,Damaged,929.60
3530,3450,Yes,2024-11-15,Damaged,932.75
3531,25408,Yes,2025-11-04,Damaged,401.22
3532,13927,Yes,2024-01-22,"Faulty Product",193.77
3533,18171,Yes,2025-03-08,Damaged,835.88
3534,31936,Yes,2023-08-11,"Wrong Item",1270.54
3535,31993,Yes,2023-11-03,"Changed Mind",675.46
3536,36087,Yes,2025-08-29,"Late Delivery",1580.47
3537,43537,Yes,2023-11-08,"Changed Mind",1097.64
3538,8879,Yes,2025-08-22,"Wrong Item",1340.83
3539,5303,Yes,2024-01-09,"Wrong Item",1824.13
3540,16018,Yes,2022-04-14,"Wrong Item",856.11
3541,444444,NO,2026-01-04,"Faulty Product",1069.86
3542,21742,Yes,2022-03-04,"Wrong Item",295.77
3543,21479,Yes,2024-09-30,"Late Delivery",825.36
3544,20858,Yes,2023-09-15,"Late Delivery",687.00
3545,48162,Yes,2024-09-16,"Late Delivery",505.75
3546,2034,Yes,2022-03-05,"Faulty Product",941.54
3547,27205,Yes,2023-12-17,"Faulty Product",602.42
3548,18879,Yes,2023-10-31,Damaged,838.34
3549,37184,Yes,2022-07-23,"Late Delivery",436.85
3550,30695,Yes,2025-02-17,"Changed Mind",356.23
3551,28239,Yes,2023-07-03,"Changed Mind",869.81
3552,18638,Yes,2024-05-15,"Wrong Item",1322.64
3553,6189,Yes,2024-10-09,Damaged,608.06
3554,22965,Yes,2025-08-20,"Changed Mind",655.97
3555,47348,Yes,2024-10-05,"Late Delivery",350.81
3556,14008,Yes,2025-12-26,"Wrong Item",1154.26
3557,18383,Yes,2025-09-09,"Late Delivery",145.45
3558,38194,Yes,2025-08-22,"Faulty Product",451.91
3559,1450,Yes,2022-11-14,Damaged,595.51
3560,37907,Yes,2025-04-02,"Faulty Product",1061.89
3561,19733,Yes,2022-12-28,Damaged,79.30
3562,11956,Yes,2023-12-06,"Wrong Item",414.40
3563,44814,Yes,2025-07-31,"Changed Mind",1797.22
3564,34504,Yes,2025-08-22,"Changed Mind",662.69
3565,22646,Yes,2025-09-20,"Wrong Item",1480.58
3566,11561,Yes,2024-04-27,"Wrong Item",186.18
3567,11923,Yes,2024-10-14,"Faulty Product",589.02
3568,37013,Yes,2022-12-05,"Changed Mind",1381.36
3569,46333,Yes,2022-10-22,"Wrong Item",9.50
3570,3993,Yes,2024-11-02,"Changed Mind",367.87
3571,13217,Yes,2023-09-12,"Faulty Product",101.39
3572,24231,Yes,2023-06-05,"Wrong Item",860.63
3573,43791,Yes,2023-08-26,"Late Delivery",397.09
3574,40640,Yes,2025-08-16,"Faulty Product",664.24
3575,37674,Yes,2025-09-19,"Faulty Product",673.73
3576,36715,Yes,2022-03-24,"Late Delivery",1416.68
3577,21068,Yes,2023-06-22,"Wrong Item",1111.11
3578,7080,Yes,2025-09-11,"Changed Mind",1085.73
3579,37165,Yes,2022-05-31,"Changed Mind",1049.28
3580,9667,Yes,2025-10-09,"Faulty Product",191.67
3581,22040,Yes,2023-08-01,"Faulty Product",561.94
3582,16454,Yes,2023-06-30,"Late Delivery",933.64
3583,2566,Yes,2025-04-12,"Faulty Product",74.98
3584,20407,Yes,2023-10-06,"Wrong Item",814.92
3585,14603,Yes,2022-12-23,"Changed Mind",1082.34
3586,38334,Yes,2022-09-25,"Faulty Product",335.20
3587,11464,Yes,2022-03-13,Damaged,1105.93
3588,30969,Yes,2025-04-14,"Wrong Item",719.73
3589,11897,Yes,2025-12-26,"Faulty Product",594.99
3590,8087,Yes,2022-03-12,"Wrong Item",689.12
3591,27168,Yes,2024-11-20,"Changed Mind",411.08
3592,29319,Yes,2024-05-07,"Late Delivery",565.09
3593,3367,Yes,2025-05-01,"Changed Mind",432.26
3594,42361,Yes,2022-10-10,"Faulty Product",725.73
3595,23964,Yes,2025-05-17,"Changed Mind",999.20
3596,44804,Yes,2023-11-26,"Wrong Item",751.94
3597,44606,Yes,2023-03-16,"Faulty Product",686.07
3598,32020,Yes,2023-12-26,"Changed Mind",410.54
3599,32536,Yes,2025-09-17,"Late Delivery",810.35
3600,20843,Yes,2023-12-19,"Changed Mind",118.16
3601,7043,Yes,2025-11-04,"Faulty Product",808.30
3602,41593,Yes,2025-12-06,"Faulty Product",880.71
3603,8998,Yes,2023-09-19,"Faulty Product",427.94
3604,27357,Yes,2025-09-01,"Changed Mind",605.32
3605,34270,Yes,2025-12-12,"Wrong Item",970.55
3606,15473,Yes,2022-11-25,Damaged,123.71
3607,42869,Yes,2022-07-28,"Faulty Product",57.23
3608,45578,Yes,2024-04-28,"Changed Mind",891.33
3609,36390,Yes,2022-12-18,Damaged,627.04
3610,36607,Yes,2025-12-24,"Faulty Product",840.65
3611,31416,Yes,2025-09-15,Damaged,628.75
3612,19780,Yes,2025-04-05,"Faulty Product",688.63
3613,14689,Yes,2025-09-16,"Faulty Product",918.58
3614,16066,Yes,2025-02-04,"Faulty Product",407.27
3615,3060,Yes,2025-01-26,"Faulty Product",388.55
3616,6456,Yes,2025-01-01,"Late Delivery",1244.46
3617,35409,Yes,2024-03-31,"Wrong Item",248.69
3618,44871,Yes,2024-11-14,Damaged,1344.71
3619,7520,Yes,2022-08-14,Damaged,969.44
3620,23456,Yes,2025-03-29,"Faulty Product",573.48
3621,22581,Yes,2024-11-07,"Late Delivery",563.81
3622,35001,Yes,2025-05-31,Damaged,179.05
3623,313,Yes,2025-08-09,"Late Delivery",928.39
3624,27231,Yes,2025-06-11,Damaged,1397.48
3625,24336,Yes,2022-06-21,"Late Delivery",1234.61
3626,38046,Yes,2025-01-04,Damaged,678.98
3627,13907,Yes,2022-12-05,Damaged,146.42
3628,49642,Yes,2022-03-13,"Changed Mind",1234.26
3629,35027,Yes,2022-04-17,"Faulty Product",482.12
3630,19904,Yes,2023-12-27,"Wrong Item",627.80
3631,17778,Yes,2025-09-14,Damaged,1317.09
3632,857,Yes,2024-05-09,"Changed Mind",891.18
3633,18425,Yes,2022-07-26,"Faulty Product",1578.64
3634,24910,Yes,2023-08-18,"Late Delivery",801.22
3635,9599,Yes,2025-10-02,"Late Delivery",1115.62
3636,26773,Yes,2025-08-17,"Late Delivery",785.99
3637,37560,Yes,2022-09-17,"Faulty Product",463.88
3638,20037,Yes,2024-12-31,"Faulty Product",642.05
3639,47575,Yes,2023-06-14,"Wrong Item",797.07
3640,34691,Yes,2022-09-26,"Changed Mind",897.56
3641,12753,Yes,2024-10-27,"Changed Mind",1418.40
3642,7367,Yes,2023-06-16,"Faulty Product",1237.42
3643,45218,Yes,2025-06-04,"Changed Mind",139.73
3644,21296,Yes,2024-09-12,"Late Delivery",634.96
3645,46780,Yes,2023-11-22,"Wrong Item",341.30
3646,25769,Yes,2025-10-15,Damaged,68.58
3647,20164,Yes,2023-08-06,"Wrong Item",119.30
3648,19173,Yes,2025-09-01,Damaged,1281.42
3649,601,Yes,2025-04-27,Damaged,313.25
3650,38616,Yes,2024-02-12,Damaged,1127.90
3651,18556,Yes,2024-02-10,"Faulty Product",426.41
3652,16814,Yes,2025-10-22,"Late Delivery",148.93
3653,22321,Yes,2023-04-05,"Changed Mind",198.81
3654,12812,Yes,2023-03-23,"Late Delivery",775.50
3655,10660,Yes,2024-10-20,"Late Delivery",201.71
3656,19434,Yes,2024-11-15,"Changed Mind",768.62
3657,4584,Yes,2025-12-02,"Late Delivery",334.63
3658,36593,Yes,2024-06-22,"Wrong Item",664.47
3659,5099,Yes,2024-04-28,Damaged,516.48
3660,21200,Yes,2025-07-17,Damaged,1010.32
3661,47035,Yes,2022-12-30,"Faulty Product",227.02
3662,39426,Yes,2024-09-04,"Late Delivery",1428.27
3663,23417,Yes,2024-12-19,"Late Delivery",329.54
3664,5447,Yes,2022-01-16,"Wrong Item",472.63
3665,23416,Yes,2024-11-21,"Changed Mind",168.75
3666,26902,Yes,2023-04-30,"Late Delivery",230.01
3667,25286,Yes,2023-05-03,"Changed Mind",141.24
3668,31538,Yes,2023-01-06,"Wrong Item",723.08
3669,35464,Yes,2025-04-25,"Wrong Item",387.10
3670,12314,Yes,2024-05-27,"Faulty Product",46.88
3671,45702,Yes,2024-03-17,"Faulty Product",390.58
3672,33713,Yes,2024-07-25,"Late Delivery",667.08
3673,30868,Yes,2023-10-01,"Faulty Product",885.01
3674,44262,Yes,2023-12-18,"Wrong Item",792.43
3675,16967,Yes,2024-10-31,"Changed Mind",908.36
3676,7470,Yes,2023-12-14,"Faulty Product",687.07
3677,10497,Yes,2023-05-29,"Faulty Product",1449.46
3678,15217,Yes,2024-10-04,"Wrong Item",970.68
3679,19042,Yes,2023-06-27,Damaged,1557.11
3680,25599,Yes,2022-04-16,"Faulty Product",225.38
3681,27989,Yes,2025-07-03,"Late Delivery",689.11
3682,9477,Yes,2025-07-21,"Late Delivery",574.69
3683,45768,Yes,2023-12-12,"Late Delivery",995.78
3684,34566,Yes,2023-08-02,"Late Delivery",961.95
3685,28358,Yes,2025-07-27,"Changed Mind",1370.21
3686,10994,Yes,2023-01-02,"Late Delivery",288.61
3687,41230,Yes,2024-11-28,"Late Delivery",704.23
3688,27183,Yes,2025-09-22,"Wrong Item",411.79
3689,47718,Yes,2025-09-30,"Faulty Product",216.17
3690,646,Yes,2023-01-13,"Late Delivery",894.92
3691,30444,Yes,2025-08-09,Damaged,339.75
3692,10178,Yes,2022-03-29,"Faulty Product",571.00
3693,31041,Yes,2024-11-28,"Wrong Item",968.69
3694,26051,Yes,2023-03-02,Damaged,248.53
3695,15076,Yes,2023-10-17,"Faulty Product",219.76
3696,12863,Yes,2022-12-01,"Faulty Product",658.61
3697,19214,Yes,2025-09-19,"Faulty Product",387.41
3698,42715,Yes,2023-08-11,"Faulty Product",792.42
3699,4862,Yes,2025-08-09,"Faulty Product",275.27
3700,708,Yes,2022-08-28,Damaged,215.70
3701,4049,Yes,2023-08-02,"Late Delivery",300.11
3702,9679,Yes,2023-04-21,Damaged,919.00
3703,47811,Yes,2025-11-16,"Changed Mind",829.09
3704,42591,Yes,2023-07-19,"Changed Mind",890.45
3705,13951,Yes,2024-11-15,"Changed Mind",94.78
3706,38150,Yes,2024-11-03,"Wrong Item",10.16
3707,18744,Yes,2023-10-12,"Late Delivery",710.23
3708,2553,Yes,2024-12-21,"Changed Mind",945.41
3709,2995,Yes,2024-04-08,Damaged,446.51
3710,2333,Yes,2023-05-03,"Wrong Item",356.51
3711,37395,Yes,2022-11-18,"Wrong Item",593.67
3712,22096,Yes,2022-04-23,"Late Delivery",87.75
3713,42850,Yes,2022-08-07,"Wrong Item",629.18
3714,45468,Yes,2025-09-03,"Changed Mind",1015.25
3715,19059,Yes,2024-02-14,"Faulty Product",1003.24
3716,3573,Yes,2024-07-12,Damaged,216.60
3717,13921,Yes,2022-03-29,"Late Delivery",921.76
3718,33573,Yes,2022-10-29,"Late Delivery",908.63
3719,19433,Yes,2022-09-08,"Changed Mind",363.07
3720,27535,Yes,2024-12-12,"Faulty Product",1405.66
3721,37116,Yes,2025-05-05,"Late Delivery",783.92
3722,49139,Yes,2022-11-30,Damaged,248.35
3723,13487,Yes,2022-07-06,"Faulty Product",789.62
3724,47310,Yes,2025-08-08,"Faulty Product",356.49
3725,48814,Yes,2022-09-15,"Late Delivery",190.88
3726,4436,Yes,2022-10-23,"Late Delivery",107.81
3727,19616,Yes,2023-11-18,"Wrong Item",729.09
3728,38789,Yes,2022-12-03,Damaged,233.65
3729,49297,Yes,2022-12-28,"Changed Mind",1193.05
3730,37111,Yes,2025-08-15,"Late Delivery",240.39
3731,39611,Yes,2023-11-01,"Changed Mind",1610.42
3732,29467,Yes,2022-03-13,"Wrong Item",1126.13
3733,34578,Yes,2023-12-06,Damaged,191.56
3734,12173,Yes,2023-10-23,"Faulty Product",91.31
3735,2076,Yes,2022-07-21,"Faulty Product",372.71
3736,40090,Yes,2022-05-22,Damaged,337.30
3737,1152,Yes,2025-09-13,"Wrong Item",917.81
3738,12937,Yes,2024-09-22,Damaged,794.38
3739,17418,Yes,2024-07-21,Damaged,631.38
3740,12333,Yes,2024-07-17,Damaged,760.77
3741,23898,Yes,2024-12-10,Damaged,725.98
3742,40418,Yes,2024-07-09,"Wrong Item",758.32
3743,1241,Yes,2022-09-27,Damaged,916.47
3744,16589,Yes,2025-05-15,"Changed Mind",193.42
3745,29487,Yes,2023-07-11,"Faulty Product",487.91
3746,34567,Yes,2023-08-26,"Changed Mind",919.36
3747,5601,Yes,2024-10-25,"Faulty Product",456.67
3748,27263,Yes,2025-05-15,"Changed Mind",764.44
3749,29325,Yes,2024-07-16,"Wrong Item",322.33
3750,49316,Yes,2025-12-13,"Changed Mind",414.40
3751,29734,Yes,2025-07-30,"Changed Mind",819.16
3752,41864,Yes,2022-11-14,"Changed Mind",832.36
3753,21041,Yes,2022-07-09,Damaged,831.25
3754,30120,Yes,2025-05-06,"Changed Mind",437.91
3755,6373,Yes,2022-03-30,"Faulty Product",584.65
3756,22738,Yes,2024-11-27,Damaged,401.46
3757,7249,Yes,2023-06-16,"Faulty Product",1141.38
3758,20098,Yes,2022-11-18,"Changed Mind",859.06
3759,23863,Yes,2023-10-11,"Faulty Product",1267.94
3760,17321,Yes,2025-04-27,"Faulty Product",85.17
3761,44991,Yes,2023-09-11,"Faulty Product",1077.45
3762,25174,Yes,2024-07-11,Damaged,490.52
3763,49459,Yes,2024-01-10,"Faulty Product",197.22
3764,1777,Yes,2024-10-24,"Wrong Item",1348.30
3765,39152,Yes,2022-10-01,"Late Delivery",71.92
3766,38820,Yes,2022-08-07,Damaged,614.68
3767,2576,Yes,2025-01-11,"Changed Mind",659.55
3768,32301,Yes,2023-09-17,Damaged,702.52
3769,29212,Yes,2023-12-29,"Wrong Item",433.65
3770,48715,Yes,2022-12-05,"Wrong Item",1208.73
3771,5748,Yes,2022-12-14,"Wrong Item",741.25
3772,33366,Yes,2026-01-12,"Late Delivery",579.77
3773,17542,Yes,2024-12-28,Damaged,323.84
3774,36422,Yes,2024-01-06,"Late Delivery",1359.62
3775,28462,Yes,2025-12-21,"Faulty Product",916.17
3776,31173,Yes,2024-08-08,"Late Delivery",535.55
3777,36226,Yes,2023-01-08,Damaged,829.38
3778,47313,Yes,2025-12-14,"Changed Mind",454.58
3779,10505,Yes,2025-06-09,"Changed Mind",784.73
3780,31704,Yes,2022-12-12,"Late Delivery",1438.74
3781,24290,Yes,2022-11-27,"Changed Mind",553.53
3782,49740,Yes,2024-10-16,"Late Delivery",1675.75
3783,31209,Yes,2024-10-14,"Late Delivery",1219.33
3784,1535,Yes,2023-07-16,"Changed Mind",792.16
3785,27004,Yes,2023-03-31,"Late Delivery",1107.96
3786,9375,Yes,2024-03-02,"Late Delivery",236.88
3787,6979,Yes,2024-10-25,Damaged,73.94
3788,31915,Yes,2022-02-21,"Late Delivery",294.57
3789,8842,Yes,2024-01-01,"Wrong Item",9.39
3790,28905,Yes,2026-01-05,"Faulty Product",101.62
3791,35407,Yes,2023-08-26,"Late Delivery",968.37
3792,8445,Yes,2022-12-30,Damaged,577.89
3793,31330,Yes,2023-07-21,"Changed Mind",745.84
3794,15436,Yes,2022-06-19,"Changed Mind",620.17
3795,4891,Yes,2024-04-18,"Changed Mind",605.98
3796,40075,Yes,2023-03-11,"Faulty Product",328.76
3797,14941,Yes,2023-10-05,"Faulty Product",1451.39
3798,31101,Yes,2022-08-01,"Late Delivery",1266.10
3799,14529,Yes,2022-12-26,"Faulty Product",853.73
3800,49017,Yes,2022-09-06,Damaged,1825.26
3801,5997,Yes,2024-12-12,"Wrong Item",128.59
3802,14358,Yes,2025-10-14,Damaged,1074.52
3803,21531,Yes,2023-12-19,"Wrong Item",876.13
3804,5588,Yes,2024-09-04,Damaged,1280.27
3805,13261,Yes,2023-07-13,"Late Delivery",1472.66
3806,34021,Yes,2022-11-01,"Late Delivery",766.17
3807,13309,Yes,2024-12-08,"Faulty Product",118.80
3808,23729,Yes,2022-08-25,"Changed Mind",289.71
3809,44132,Yes,2022-11-29,"Faulty Product",264.48
3810,18892,Yes,2024-06-02,"Changed Mind",1261.80
3811,9779,Yes,2024-07-18,"Wrong Item",664.82
3812,19516,Yes,2024-05-04,"Faulty Product",1006.51
3813,47612,Yes,2022-08-22,"Late Delivery",708.23
3814,37930,Yes,2022-07-20,"Faulty Product",435.60
3815,8021,Yes,2023-07-11,"Faulty Product",1290.61
3816,20489,Yes,2025-07-21,"Changed Mind",414.90
3817,28925,Yes,2023-05-03,"Late Delivery",190.73
3818,20014,Yes,2024-10-02,"Wrong Item",1185.51
3819,26695,Yes,2022-07-03,"Changed Mind",596.51
3820,38100,Yes,2022-11-06,"Late Delivery",837.25
3821,4998,Yes,2022-05-29,"Late Delivery",778.58
3822,3134,Yes,2023-10-11,"Wrong Item",988.57
3823,7552,Yes,2023-09-19,"Changed Mind",547.87
3824,28454,Yes,2024-03-01,"Late Delivery",72.73
3825,1588,Yes,2022-06-26,"Late Delivery",804.31
3826,43104,Yes,2025-03-19,Damaged,627.62
3827,5939,Yes,2022-12-08,Damaged,320.12
3828,31205,Yes,2023-03-27,Damaged,361.91
3829,583,Yes,2025-08-04,"Changed Mind",339.92
3830,46658,Yes,2024-03-30,Damaged,635.86
3831,40607,Yes,2024-09-24,Damaged,333.10
3832,19138,Yes,2024-08-27,Damaged,330.71
3833,20948,Yes,2023-05-30,"Faulty Product",1082.78
3834,17354,Yes,2024-07-17,"Faulty Product",299.80
3835,871,Yes,2022-08-06,"Late Delivery",1026.55
3836,25424,Yes,2025-09-23,"Changed Mind",436.39
3837,645,Yes,2025-05-19,"Late Delivery",810.53
3838,28666,Yes,2024-07-29,Damaged,681.67
3839,26964,Yes,2023-12-15,"Changed Mind",453.19
3840,3176,Yes,2023-12-13,Damaged,300.37
3841,37689,Yes,2022-08-02,"Changed Mind",625.90
3842,35029,Yes,2023-11-06,"Late Delivery",867.85
3843,14585,Yes,2024-04-25,"Changed Mind",861.41
3844,444444,NO,2025-09-08,"Faulty Product",183.31
3845,10658,Yes,2022-08-22,"Late Delivery",372.86
3846,444444,NO,2024-12-27,"Changed Mind",24.49
3847,18599,Yes,2024-03-28,"Late Delivery",696.14
3848,47157,Yes,2022-08-24,"Wrong Item",1486.30
3849,48205,Yes,2025-11-29,"Late Delivery",1262.93
3850,19609,Yes,2023-08-15,"Late Delivery",312.97
3851,444444,NO,2022-06-11,"Wrong Item",625.09
3852,46247,Yes,2023-04-29,"Changed Mind",353.26
3853,14172,Yes,2025-02-07,"Wrong Item",68.42
3854,25133,Yes,2024-12-19,"Wrong Item",1147.98
3855,32122,Yes,2024-10-08,"Changed Mind",386.72
3856,11584,Yes,2024-12-01,"Changed Mind",192.42
3857,45743,Yes,2023-10-18,"Changed Mind",583.97
3858,45849,Yes,2024-08-12,"Wrong Item",1177.96
3859,30905,Yes,2025-09-22,"Wrong Item",1060.94
3860,33493,Yes,2022-06-02,"Faulty Product",1563.47
3861,49096,Yes,2025-06-21,"Faulty Product",200.31
3862,7717,Yes,2024-11-04,"Changed Mind",99.41
3863,14744,Yes,2025-09-08,"Faulty Product",1308.67
3864,13386,Yes,2024-08-25,"Wrong Item",373.94
3865,35837,Yes,2025-02-17,"Wrong Item",453.02
3866,1871,Yes,2022-10-20,Damaged,589.78
3867,24877,Yes,2023-05-12,"Changed Mind",267.57
3868,1573,Yes,2023-06-24,"Changed Mind",861.11
3869,9882,Yes,2024-09-02,"Wrong Item",694.26
3870,3872,Yes,2022-10-09,"Changed Mind",645.55
3871,40331,Yes,2023-06-25,Damaged,1173.27
3872,5925,Yes,2026-01-03,"Wrong Item",316.27
3873,11765,Yes,2024-05-10,"Faulty Product",1299.60
3874,8359,Yes,2024-04-05,"Wrong Item",664.91
3875,26412,Yes,2025-11-02,"Faulty Product",1546.59
3876,19,Yes,2025-10-28,"Wrong Item",481.33
3877,42055,Yes,2025-07-31,Damaged,1372.01
3878,49322,Yes,2023-08-02,"Faulty Product",1054.69
3879,15005,Yes,2024-08-03,Damaged,1422.62
3880,2792,Yes,2022-10-10,Damaged,889.02
3881,43549,Yes,2025-02-22,"Changed Mind",1791.46
3882,5335,Yes,2025-11-01,"Wrong Item",710.83
3883,8366,Yes,2022-12-20,"Faulty Product",574.83
3884,43630,Yes,2024-06-15,"Late Delivery",689.62
3885,33862,Yes,2025-12-10,"Late Delivery",893.01
3886,31882,Yes,2022-09-02,"Late Delivery",286.74
3887,26092,Yes,2024-07-22,"Faulty Product",799.37
3888,4065,Yes,2022-03-20,Damaged,610.01
3889,4645,Yes,2023-12-08,Damaged,891.17
3890,5941,Yes,2023-05-07,"Changed Mind",1083.29
3891,6046,Yes,2022-10-28,"Faulty Product",863.46
3892,39130,Yes,2023-01-29,"Wrong Item",582.83
3893,14589,Yes,2025-04-12,Damaged,692.21
3894,39701,Yes,2024-05-15,"Faulty Product",1120.23
3895,48747,Yes,2022-07-25,"Late Delivery",881.77
3896,45077,Yes,2025-06-17,"Late Delivery",1097.32
3897,9165,Yes,2023-01-15,Damaged,1286.86
3898,12866,Yes,2025-12-05,"Changed Mind",544.14
3899,35115,Yes,2024-11-13,"Late Delivery",62.02
3900,27022,Yes,2024-06-18,Damaged,307.25
3901,7275,Yes,2023-08-19,"Wrong Item",652.63
3902,1424,Yes,2025-03-20,"Late Delivery",621.81
3903,24989,Yes,2024-01-18,"Faulty Product",773.80
3904,34868,Yes,2024-11-29,"Faulty Product",269.44
3905,39803,Yes,2025-09-15,"Faulty Product",675.30
3906,28202,Yes,2023-09-04,"Wrong Item",220.85
3907,46976,Yes,2025-07-07,"Late Delivery",1058.64
3908,28731,Yes,2023-08-01,"Faulty Product",117.34
3909,30470,Yes,2025-07-23,Damaged,960.13
3910,44859,Yes,2022-11-10,"Changed Mind",1259.27
3911,43185,Yes,2025-05-22,Damaged,103.75
3912,2923,Yes,2024-07-07,Damaged,451.44
3913,33549,Yes,2023-06-23,Damaged,206.77
3914,44217,Yes,2022-04-16,Damaged,949.93
3915,23598,Yes,2025-08-05,"Faulty Product",415.77
3916,4239,Yes,2022-12-27,"Faulty Product",715.52
3917,45871,Yes,2025-06-09,"Wrong Item",189.91
3918,37575,Yes,2024-04-30,"Faulty Product",967.88
3919,41020,Yes,2022-12-30,"Wrong Item",591.79
3920,37007,Yes,2023-12-14,"Late Delivery",1214.42
3921,33706,Yes,2024-09-06,"Changed Mind",349.16
3922,23536,Yes,2024-06-21,"Late Delivery",378.52
3923,38464,Yes,2023-10-01,Damaged,731.76
3924,25804,Yes,2023-12-11,"Wrong Item",441.85
3925,19752,Yes,2025-06-30,"Late Delivery",408.68
3926,18468,Yes,2025-09-29,Damaged,293.08
3927,3269,Yes,2024-06-10,"Faulty Product",1282.23
3928,8037,Yes,2022-11-16,"Wrong Item",1361.11
3929,9672,Yes,2023-08-14,Damaged,766.51
3930,37302,Yes,2024-09-02,"Faulty Product",719.23
3931,45168,Yes,2022-05-05,"Late Delivery",120.22
3932,37789,Yes,2025-02-02,"Changed Mind",564.82
3933,31364,Yes,2025-08-21,"Changed Mind",941.29
3934,16512,Yes,2023-08-03,"Changed Mind",187.70
3935,16156,Yes,2025-12-24,Damaged,344.00
3936,32331,Yes,2023-10-25,"Wrong Item",835.13
3937,21147,Yes,2025-08-12,"Faulty Product",879.57
3938,45376,Yes,2022-08-16,Damaged,496.11
3939,8793,Yes,2025-12-28,"Changed Mind",519.77
3940,48322,Yes,2025-12-23,"Changed Mind",1456.31
3941,48694,Yes,2024-01-10,"Faulty Product",792.17
3942,9,Yes,2023-03-13,"Wrong Item",1375.58
3943,37533,Yes,2022-08-16,"Faulty Product",847.29
3944,20358,Yes,2024-01-24,"Faulty Product",1326.45
3945,35968,Yes,2022-03-31,Damaged,204.08
3946,31550,Yes,2025-03-31,"Faulty Product",707.17
3947,37472,Yes,2025-12-10,Damaged,98.57
3948,43551,Yes,2023-07-22,Damaged,393.42
3949,47793,Yes,2022-11-24,Damaged,1021.71
3950,35933,Yes,2025-08-01,"Late Delivery",436.77
3951,28441,Yes,2023-07-06,"Faulty Product",262.75
3952,49524,Yes,2022-08-18,"Changed Mind",1240.55
3953,14764,Yes,2024-12-29,"Late Delivery",1175.85
3954,37808,Yes,2023-11-09,"Changed Mind",884.58
3955,46486,Yes,2025-05-01,Damaged,1648.59
3956,39594,Yes,2025-11-13,"Late Delivery",407.89
3957,4322,Yes,2024-11-21,Damaged,501.03
3958,8337,Yes,2023-09-22,"Faulty Product",406.83
3959,36881,Yes,2023-12-10,Damaged,1278.78
3960,44816,Yes,2024-06-11,"Late Delivery",143.44
3961,48543,Yes,2023-10-27,"Faulty Product",86.91
3962,41868,Yes,2025-07-09,"Changed Mind",1432.89
3963,49593,Yes,2024-08-22,"Late Delivery",716.61
3964,49145,Yes,2025-12-26,"Wrong Item",617.59
3965,45357,Yes,2023-09-10,"Changed Mind",360.13
3966,43800,Yes,2022-02-07,"Faulty Product",82.37
3967,46483,Yes,2022-09-16,"Faulty Product",628.47
3968,27789,Yes,2024-11-11,"Faulty Product",286.35
3969,7965,Yes,2025-11-03,"Late Delivery",847.61
3970,48903,Yes,2022-05-13,"Wrong Item",471.18
3971,24359,Yes,2024-06-20,"Faulty Product",32.66
3972,29124,Yes,2023-12-06,"Wrong Item",304.68
3973,13783,Yes,2025-08-25,"Late Delivery",807.48
3974,32019,Yes,2024-12-01,"Changed Mind",417.70
3975,13654,Yes,2025-09-12,"Wrong Item",586.20
3976,44390,Yes,2024-10-18,"Changed Mind",815.42
3977,9002,Yes,2023-12-10,Damaged,77.46
3978,45227,Yes,2023-07-30,Damaged,399.85
3979,27764,Yes,2025-10-10,Damaged,70.42
3980,14338,Yes,2025-08-20,"Wrong Item",1130.52
3981,24436,Yes,2022-12-13,"Changed Mind",838.78
3982,38349,Yes,2022-05-17,"Changed Mind",318.09
3983,14526,Yes,2022-06-14,"Late Delivery",748.00
3984,42843,Yes,2022-03-12,"Changed Mind",560.24
3985,14915,Yes,2022-06-25,"Wrong Item",241.65
3986,14428,Yes,2022-04-27,"Faulty Product",1504.99
3987,46075,Yes,2025-12-25,"Changed Mind",202.48
3988,43663,Yes,2024-06-03,"Wrong Item",852.84
3989,1466,Yes,2025-06-21,"Changed Mind",789.20
3990,46854,Yes,2025-09-27,"Wrong Item",1430.89
3991,20683,Yes,2022-10-01,"Changed Mind",305.69
3992,46180,Yes,2022-03-18,"Changed Mind",281.43
3993,49871,Yes,2025-03-27,Damaged,557.38
3994,40782,Yes,2025-04-04,Damaged,1157.19
3995,4336,Yes,2024-11-24,"Late Delivery",1242.75
3996,41457,Yes,2022-12-10,"Faulty Product",977.79
3997,163,Yes,2025-10-13,Damaged,1269.62
3998,4559,Yes,2023-08-24,"Changed Mind",175.28
3999,9697,Yes,2023-03-30,"Faulty Product",778.77
4000,7346,Yes,2023-03-09,"Changed Mind",850.17
4001,11130,Yes,2023-01-28,Damaged,372.71
4002,2504,Yes,2024-05-08,Damaged,107.34
4003,6432,Yes,2024-10-01,"Changed Mind",250.14
4004,44551,Yes,2024-12-07,"Faulty Product",593.62
4005,43657,Yes,2024-11-04,"Faulty Product",1008.59
4006,22193,Yes,2024-07-04,"Late Delivery",124.00
4007,2924,Yes,2024-07-18,"Changed Mind",479.98
4008,43831,Yes,2023-07-16,"Changed Mind",647.39
4009,22569,Yes,2024-08-19,Damaged,545.51
4010,13114,Yes,2023-08-10,"Faulty Product",39.13
4011,9715,Yes,2024-08-20,"Wrong Item",780.34
4012,1149,Yes,2025-02-09,"Changed Mind",858.29
4013,44744,Yes,2023-09-12,"Wrong Item",817.74
4014,18372,Yes,2023-09-04,"Faulty Product",160.02
4015,44410,Yes,2022-03-07,"Changed Mind",531.92
4016,21882,Yes,2023-09-19,"Late Delivery",1430.42
4017,21622,Yes,2025-12-18,"Changed Mind",416.34
4018,43327,Yes,2022-11-17,Damaged,853.28
4019,48598,Yes,2022-02-07,"Faulty Product",298.49
4020,520,Yes,2022-08-03,"Faulty Product",1023.92
4021,2138,Yes,2022-12-01,"Changed Mind",1245.56
4022,41208,Yes,2023-11-23,"Faulty Product",1704.19
4023,20937,Yes,2022-12-20,"Faulty Product",497.60
4024,36321,Yes,2022-07-22,"Faulty Product",677.68
4025,36104,Yes,2023-09-29,"Changed Mind",570.41
4026,13407,Yes,2022-12-21,"Wrong Item",1370.49
4027,37873,Yes,2025-01-09,"Faulty Product",211.75
4028,11035,Yes,2022-03-25,"Changed Mind",202.70
4029,13066,Yes,2022-09-28,"Wrong Item",1274.55
4030,38467,Yes,2025-09-28,"Late Delivery",507.17
4031,22298,Yes,2022-07-23,Damaged,1539.69
4032,3704,Yes,2023-12-24,"Late Delivery",510.99
4033,19930,Yes,2023-12-28,Damaged,1179.24
4034,39480,Yes,2023-01-27,"Wrong Item",638.39
4035,14431,Yes,2025-09-15,"Changed Mind",911.74
4036,16740,Yes,2023-12-28,Damaged,1093.93
4037,42804,Yes,2022-12-23,Damaged,846.92
4038,42907,Yes,2025-11-13,"Late Delivery",250.74
4039,21975,Yes,2022-02-12,"Wrong Item",419.05
4040,18925,Yes,2025-06-14,"Faulty Product",753.68
4041,39771,Yes,2025-10-18,"Late Delivery",484.73
4042,30355,Yes,2023-11-05,"Changed Mind",824.74
4043,33361,Yes,2025-11-27,"Faulty Product",480.27
4044,1019,Yes,2022-07-28,"Changed Mind",186.79
4045,8792,Yes,2022-12-09,"Late Delivery",872.83
4046,47534,Yes,2022-09-05,"Late Delivery",911.59
4047,34447,Yes,2023-04-02,"Late Delivery",635.96
4048,32942,Yes,2025-06-20,"Faulty Product",900.24
4049,8299,Yes,2025-01-09,Damaged,495.59
4050,29305,Yes,2022-07-10,"Late Delivery",730.14
4051,42805,Yes,2022-11-28,"Late Delivery",401.33
4052,22623,Yes,2023-08-20,"Changed Mind",1779.75
4053,12511,Yes,2025-05-24,Damaged,959.28
4054,38149,Yes,2022-10-07,"Late Delivery",597.74
4055,19929,Yes,2022-07-15,"Wrong Item",616.91
4056,8374,Yes,2022-04-06,"Changed Mind",757.70
4057,28734,Yes,2024-04-08,"Faulty Product",574.41
4058,14826,Yes,2023-09-01,"Changed Mind",289.08
4059,37462,Yes,2022-11-17,"Late Delivery",140.27
4060,35057,Yes,2022-08-27,"Faulty Product",985.17
4061,26407,Yes,2025-10-31,"Faulty Product",275.61
4062,20573,Yes,2025-01-01,"Faulty Product",1152.99
4063,32145,Yes,2025-11-04,"Faulty Product",418.26
4064,39175,Yes,2022-09-11,"Late Delivery",692.74
4065,44511,Yes,2025-10-22,"Faulty Product",365.56
4066,22184,Yes,2022-06-05,"Late Delivery",956.94
4067,21802,Yes,2023-03-22,"Changed Mind",1186.23
4068,37084,Yes,2022-12-05,"Wrong Item",468.01
4069,20230,Yes,2022-09-30,"Late Delivery",436.71
4070,8866,Yes,2022-03-30,"Changed Mind",1381.36
4071,43639,Yes,2022-07-26,"Changed Mind",232.19
4072,29916,Yes,2025-02-05,"Faulty Product",567.58
4073,12158,Yes,2022-08-18,Damaged,328.39
4074,29529,Yes,2024-04-25,"Late Delivery",925.83
4075,37243,Yes,2024-06-19,"Wrong Item",366.57
4076,34349,Yes,2025-11-30,"Faulty Product",1135.88
4077,22182,Yes,2023-09-10,Damaged,900.96
4078,8570,Yes,2025-04-11,"Faulty Product",1219.86
4079,27891,Yes,2023-01-05,"Faulty Product",374.05
4080,28723,Yes,2023-03-13,Damaged,1104.04
4081,16834,Yes,2025-10-03,Damaged,543.40
4082,9371,Yes,2023-07-26,"Faulty Product",456.10
4083,19487,Yes,2022-07-11,"Faulty Product",891.16
4084,17228,Yes,2024-04-01,Damaged,99.23
4085,23883,Yes,2025-05-25,Damaged,741.85
4086,3401,Yes,2025-08-12,"Wrong Item",947.94
4087,15510,Yes,2022-11-09,Damaged,1146.41
4088,42770,Yes,2022-12-30,"Faulty Product",920.98
4089,35547,Yes,2025-12-26,"Late Delivery",353.50
4090,49750,Yes,2025-06-22,"Faulty Product",53.78
4091,40008,Yes,2024-07-13,"Faulty Product",1227.64
4092,7209,Yes,2025-04-22,"Changed Mind",1465.03
4093,19228,Yes,2022-09-19,"Wrong Item",314.70
4094,37582,Yes,2025-12-19,Damaged,802.97
4095,16430,Yes,2023-05-01,"Changed Mind",1011.69
4096,26114,Yes,2023-04-07,"Late Delivery",335.76
4097,15724,Yes,2024-05-28,"Wrong Item",429.34
4098,30229,Yes,2025-03-27,"Faulty Product",958.81
4099,31275,Yes,2024-05-03,"Late Delivery",1152.32
4100,12017,Yes,2024-06-05,"Changed Mind",989.14
4101,20936,Yes,2023-01-05,"Changed Mind",226.91
4102,2018,Yes,2023-07-18,"Changed Mind",113.83
4103,2004,Yes,2024-10-27,"Wrong Item",1338.14
4104,40484,Yes,2022-11-26,Damaged,108.15
4105,1605,Yes,2023-04-18,"Wrong Item",871.67
4106,18160,Yes,2023-01-23,"Changed Mind",750.94
4107,19742,Yes,2025-03-03,"Late Delivery",304.57
4108,20834,Yes,2022-12-15,"Late Delivery",517.85
4109,39462,Yes,2024-04-18,"Changed Mind",70.21
4110,22927,Yes,2022-10-03,"Changed Mind",194.82
4111,28117,Yes,2023-06-24,"Wrong Item",985.84
4112,43095,Yes,2024-07-21,"Late Delivery",278.92
4113,40649,Yes,2024-06-17,Damaged,1691.57
4114,24020,Yes,2022-04-29,"Wrong Item",202.46
4115,28005,Yes,2024-03-19,"Faulty Product",859.06
4116,22255,Yes,2023-05-09,"Faulty Product",197.68
4117,48802,Yes,2025-06-14,"Changed Mind",897.17
4118,4233,Yes,2023-08-11,"Changed Mind",528.01
4119,33730,Yes,2023-06-03,Damaged,982.03
4120,666,Yes,2022-06-04,Damaged,1005.49
4121,41808,Yes,2024-09-17,"Faulty Product",238.19
4122,1047,Yes,2023-07-30,"Wrong Item",411.16
4123,26574,Yes,2022-06-10,"Wrong Item",1010.95
4124,6662,Yes,2025-05-07,"Wrong Item",1337.68
4125,15494,Yes,2025-10-09,"Late Delivery",300.72
4126,7739,Yes,2022-03-18,"Wrong Item",200.49
4127,16333,Yes,2023-11-02,Damaged,614.14
4128,20101,Yes,2024-06-24,"Changed Mind",710.50
4129,9034,Yes,2023-06-01,"Changed Mind",1461.62
4130,39785,Yes,2025-09-16,"Faulty Product",257.97
4131,25767,Yes,2023-09-13,"Wrong Item",402.37
4132,25900,Yes,2024-06-11,"Changed Mind",184.94
4133,9695,Yes,2023-08-22,Damaged,1021.98
4134,4419,Yes,2024-12-06,Damaged,81.26
4135,42766,Yes,2024-11-07,"Late Delivery",749.14
4136,20609,Yes,2024-06-11,Damaged,757.88
4137,19105,Yes,2024-01-07,"Wrong Item",143.19
4138,29770,Yes,2023-12-20,Damaged,778.49
4139,45293,Yes,2023-12-29,"Faulty Product",955.12
4140,8907,Yes,2024-08-31,"Late Delivery",698.89
4141,11374,Yes,2024-04-10,"Changed Mind",745.14
4142,10019,Yes,2025-10-19,"Faulty Product",860.93
4143,27962,Yes,2025-11-24,"Changed Mind",508.89
4144,34703,Yes,2024-12-03,Damaged,971.29
4145,49440,Yes,2023-06-13,Damaged,1811.96
4146,13568,Yes,2024-10-09,"Wrong Item",281.67
4147,25183,Yes,2025-05-01,"Faulty Product",1335.96
4148,36193,Yes,2022-08-20,"Faulty Product",218.62
4149,38398,Yes,2022-07-26,"Late Delivery",764.09
4150,13661,Yes,2023-06-08,"Changed Mind",960.44
4151,46015,Yes,2023-01-04,"Changed Mind",653.89
4152,4313,Yes,2024-05-26,"Late Delivery",829.26
4153,1303,Yes,2023-06-18,Damaged,379.27
4154,5395,Yes,2023-09-15,"Faulty Product",75.41
4155,34964,Yes,2023-07-03,"Faulty Product",807.62
4156,41824,Yes,2025-07-04,"Late Delivery",90.06
4157,15569,Yes,2023-10-21,"Late Delivery",982.61
4158,36002,Yes,2023-04-07,"Faulty Product",948.86
4159,36712,Yes,2025-11-24,Damaged,168.56
4160,34212,Yes,2023-07-13,"Changed Mind",99.16
4161,12592,Yes,2023-04-09,"Faulty Product",10.62
4162,27853,Yes,2022-06-08,Damaged,173.25
4163,22091,Yes,2025-03-20,"Faulty Product",991.47
4164,12233,Yes,2023-06-25,"Wrong Item",409.11
4165,28248,Yes,2023-08-15,"Wrong Item",737.68
4166,25011,Yes,2022-06-15,Damaged,486.77
4167,37364,Yes,2023-07-28,"Faulty Product",826.20
4168,15881,Yes,2025-07-01,"Changed Mind",1055.28
4169,19793,Yes,2024-10-22,"Faulty Product",109.63
4170,23349,Yes,2024-06-19,"Faulty Product",234.49
4171,436,Yes,2025-09-27,"Faulty Product",1357.75
4172,39247,Yes,2024-12-22,"Faulty Product",1077.84
4173,48384,Yes,2024-12-13,"Late Delivery",1805.79
4174,9377,Yes,2024-07-13,"Faulty Product",927.90
4175,33983,Yes,2023-08-31,Damaged,668.15
4176,16493,Yes,2023-08-23,"Faulty Product",610.13
4177,43915,Yes,2022-08-12,"Late Delivery",156.37
4178,17466,Yes,2024-09-20,"Changed Mind",978.01
4179,17503,Yes,2024-08-06,"Late Delivery",28.23
4180,9330,Yes,2022-06-21,"Wrong Item",263.45
4181,9341,Yes,2022-08-12,"Late Delivery",788.45
4182,3944,Yes,2023-02-14,"Late Delivery",126.83
4183,31812,Yes,2025-05-16,Damaged,489.44
4184,12482,Yes,2022-12-18,"Faulty Product",480.67
4185,49101,Yes,2024-04-03,"Changed Mind",475.05
4186,36317,Yes,2022-12-28,"Wrong Item",807.81
4187,19204,Yes,2024-06-29,"Late Delivery",350.20
4188,36566,Yes,2023-12-03,"Late Delivery",696.60
4189,44961,Yes,2025-05-11,"Changed Mind",1076.12
4190,8604,Yes,2025-06-13,Damaged,217.10
4191,39297,Yes,2023-08-12,Damaged,658.16
4192,25450,Yes,2022-03-11,"Wrong Item",884.84
4193,33449,Yes,2025-10-06,"Wrong Item",380.31
4194,44092,Yes,2022-09-20,"Changed Mind",790.49
4195,35565,Yes,2023-12-28,"Changed Mind",382.05
4196,48798,Yes,2023-12-26,"Late Delivery",585.93
4197,32416,Yes,2022-06-22,"Late Delivery",558.46
4198,5034,Yes,2024-08-05,Damaged,98.69
4199,2440,Yes,2023-04-24,"Wrong Item",1370.88
4200,10692,Yes,2024-12-01,"Late Delivery",414.48
4201,22548,Yes,2023-12-13,"Faulty Product",372.70
4202,15554,Yes,2022-08-03,"Wrong Item",593.96
4203,11642,Yes,2024-12-11,"Changed Mind",931.41
4204,37023,Yes,2023-07-10,"Late Delivery",751.34
4205,37694,Yes,2023-12-20,"Changed Mind",62.05
4206,1797,Yes,2023-04-18,"Changed Mind",299.34
4207,48637,Yes,2023-10-29,"Late Delivery",890.12
4208,37629,Yes,2025-09-01,"Faulty Product",393.35
4209,3833,Yes,2024-12-22,"Wrong Item",1171.55
4210,32381,Yes,2023-08-02,"Faulty Product",333.69
4211,10120,Yes,2024-07-19,"Wrong Item",394.15
4212,14010,Yes,2022-09-15,"Wrong Item",412.89
4213,31675,Yes,2025-04-27,"Changed Mind",467.35
4214,28256,Yes,2024-09-14,"Wrong Item",814.15
4215,5305,Yes,2023-11-16,"Late Delivery",637.49
4216,20210,Yes,2022-07-02,"Faulty Product",793.67
4217,28103,Yes,2024-10-06,"Late Delivery",401.83
4218,42242,Yes,2025-09-11,Damaged,719.67
4219,16294,Yes,2024-04-14,"Faulty Product",890.48
4220,3203,Yes,2024-05-22,"Wrong Item",66.11
4221,14134,Yes,2024-02-15,"Late Delivery",141.71
4222,46244,Yes,2025-08-22,"Changed Mind",556.03
4223,20570,Yes,2025-06-15,"Changed Mind",667.89
4224,48482,Yes,2023-05-28,"Late Delivery",541.57
4225,37804,Yes,2024-10-03,"Faulty Product",138.33
4226,28298,Yes,2023-12-29,"Faulty Product",340.06
4227,29950,Yes,2025-09-27,"Wrong Item",779.35
4228,28357,Yes,2023-06-03,"Faulty Product",726.09
4229,26592,Yes,2024-01-27,"Faulty Product",1527.55
4230,12407,Yes,2023-02-19,"Changed Mind",776.61
4231,5444,Yes,2022-07-04,"Faulty Product",872.61
4232,37927,Yes,2023-06-07,"Late Delivery",983.51
4233,17772,Yes,2024-04-12,"Late Delivery",701.87
4234,3453,Yes,2024-06-12,Damaged,76.60
4235,20728,Yes,2024-07-23,"Changed Mind",719.15
4236,23682,Yes,2022-12-28,Damaged,1516.14
4237,46508,Yes,2023-08-19,"Wrong Item",752.40
4238,47608,Yes,2025-09-05,"Changed Mind",1172.05
4239,41838,Yes,2023-05-31,"Wrong Item",697.60
4240,23900,Yes,2023-08-20,"Wrong Item",619.06
4241,30912,Yes,2022-11-27,"Late Delivery",116.44
4242,38009,Yes,2023-03-25,Damaged,486.50
4243,39907,Yes,2022-05-11,"Wrong Item",205.83
4244,2447,Yes,2025-09-20,"Late Delivery",814.94
4245,38686,Yes,2023-06-06,"Wrong Item",1124.67
4246,43501,Yes,2024-09-19,"Changed Mind",120.54
4247,41880,Yes,2025-08-10,"Late Delivery",520.10
4248,16135,Yes,2023-12-01,"Late Delivery",317.09
4249,493,Yes,2025-06-15,Damaged,506.53
4250,13506,Yes,2024-08-18,"Changed Mind",418.45
4251,25461,Yes,2024-12-12,"Late Delivery",200.35
4252,1348,Yes,2022-05-20,"Changed Mind",1223.70
4253,8852,Yes,2022-05-13,"Wrong Item",703.16
4254,21137,Yes,2024-01-22,"Late Delivery",923.06
4255,1897,Yes,2025-08-22,"Wrong Item",959.72
4256,40194,Yes,2024-10-01,"Changed Mind",874.31
4257,49713,Yes,2024-04-13,"Late Delivery",107.66
4258,16,Yes,2025-09-29,"Changed Mind",259.05
4259,49939,Yes,2024-06-25,"Wrong Item",207.49
4260,20422,Yes,2024-06-19,"Faulty Product",321.59
4261,24657,Yes,2023-01-28,"Wrong Item",1045.32
4262,10701,Yes,2022-02-06,Damaged,1662.06
4263,18118,Yes,2022-09-11,"Changed Mind",877.47
4264,31561,Yes,2023-11-08,"Wrong Item",1204.02
4265,46818,Yes,2024-08-10,"Changed Mind",456.73
4266,16305,Yes,2022-08-03,Damaged,940.57
4267,4980,Yes,2022-09-16,Damaged,573.99
4268,46747,Yes,2025-03-21,"Faulty Product",1293.75
4269,44613,Yes,2025-06-28,Damaged,624.45
4270,30440,Yes,2022-07-25,"Faulty Product",1155.92
4271,21814,Yes,2025-04-16,"Changed Mind",645.04
4272,40382,Yes,2022-11-30,"Late Delivery",518.21
4273,30525,Yes,2023-12-04,"Faulty Product",686.71
4274,43826,Yes,2026-01-02,"Wrong Item",1096.95
4275,4673,Yes,2023-03-25,"Faulty Product",548.45
4276,23451,Yes,2025-04-09,"Faulty Product",195.41
4277,40654,Yes,2022-11-09,"Wrong Item",1289.23
4278,7250,Yes,2025-03-19,"Faulty Product",666.69
4279,1928,Yes,2023-06-13,"Changed Mind",187.11
4280,6535,Yes,2024-04-27,"Late Delivery",1074.16
4281,424,Yes,2025-11-21,"Changed Mind",252.81
4282,16462,Yes,2022-04-22,"Changed Mind",1384.00
4283,47186,Yes,2022-12-12,"Faulty Product",317.09
4284,11961,Yes,2024-06-17,"Changed Mind",344.99
4285,27271,Yes,2025-11-26,"Faulty Product",191.02
4286,1095,Yes,2023-07-31,"Changed Mind",696.12
4287,34142,Yes,2022-03-12,"Wrong Item",1415.20
4288,46104,Yes,2023-12-15,"Wrong Item",571.50
4289,44050,Yes,2025-03-29,Damaged,830.38
4290,39800,Yes,2025-12-15,"Wrong Item",511.07
4291,335,Yes,2022-05-05,"Faulty Product",788.13
4292,17703,Yes,2024-11-07,Damaged,132.33
4293,43675,Yes,2024-07-20,"Changed Mind",1187.42
4294,49552,Yes,2025-09-10,"Changed Mind",219.61
4295,19950,Yes,2025-04-01,"Changed Mind",1351.43
4296,15057,Yes,2025-07-26,Damaged,593.44
4297,44574,Yes,2024-07-03,"Late Delivery",964.02
4298,21743,Yes,2025-02-01,"Faulty Product",1293.04
4299,17725,Yes,2024-02-05,"Faulty Product",298.86
4300,20681,Yes,2023-10-19,"Late Delivery",330.91
4301,39068,Yes,2025-02-05,"Late Delivery",362.15
4302,41336,Yes,2022-05-26,Damaged,666.73
4303,8494,Yes,2025-12-02,"Faulty Product",421.80
4304,31328,Yes,2023-09-27,"Wrong Item",290.94
4305,432,Yes,2025-11-30,"Faulty Product",660.90
4306,6500,Yes,2025-08-08,"Faulty Product",774.42
4307,15693,Yes,2022-11-19,"Faulty Product",938.39
4308,33400,Yes,2025-10-18,"Late Delivery",848.57
4309,9404,Yes,2023-12-14,Damaged,205.90
4310,6445,Yes,2022-07-11,"Late Delivery",894.46
4311,23707,Yes,2023-02-04,"Wrong Item",979.77
4312,39082,Yes,2023-01-01,"Late Delivery",45.70
4313,12729,Yes,2023-07-18,"Changed Mind",652.62
4314,34981,Yes,2022-12-09,"Faulty Product",647.47
4315,8604,Yes,2025-06-11,"Faulty Product",207.24
4316,34918,Yes,2023-08-20,"Faulty Product",1156.84
4317,9783,Yes,2025-08-11,"Changed Mind",971.12
4318,48535,Yes,2025-12-23,"Changed Mind",1561.05
4319,13301,Yes,2022-02-16,"Wrong Item",1015.32
4320,1845,Yes,2022-12-16,Damaged,822.30
4321,22509,Yes,2022-09-10,Damaged,1053.22
4322,20102,Yes,2024-09-21,"Faulty Product",382.90
4323,12023,Yes,2023-08-26,"Changed Mind",1203.75
4324,41434,Yes,2025-01-04,"Late Delivery",1305.87
4325,49482,Yes,2025-09-15,"Wrong Item",1051.73
4326,24394,Yes,2025-10-30,Damaged,878.77
4327,42432,Yes,2023-07-28,"Changed Mind",220.71
4328,42661,Yes,2023-10-09,"Wrong Item",827.27
4329,43273,Yes,2022-01-21,"Wrong Item",270.05
4330,30368,Yes,2022-09-13,Damaged,439.78
4331,21650,Yes,2023-12-10,"Late Delivery",342.50
4332,36650,Yes,2022-08-13,"Faulty Product",685.54
4333,24022,Yes,2023-04-25,"Late Delivery",918.23
4334,36308,Yes,2024-10-12,"Changed Mind",1029.15
4335,16113,Yes,2024-01-20,"Wrong Item",822.63
4336,5072,Yes,2023-04-09,"Changed Mind",133.93
4337,43949,Yes,2022-01-25,"Faulty Product",1360.17
4338,42859,Yes,2024-06-22,Damaged,350.25
4339,30033,Yes,2024-01-27,Damaged,987.57
4340,39986,Yes,2025-10-10,"Late Delivery",1016.72
4341,14987,Yes,2023-06-22,"Changed Mind",1255.47
4342,5599,Yes,2022-11-26,"Changed Mind",276.89
4343,32491,Yes,2022-10-20,"Late Delivery",97.85
4344,46259,Yes,2025-02-25,Damaged,564.72
4345,9789,Yes,2023-11-14,"Wrong Item",1367.18
4346,43786,Yes,2023-02-08,"Changed Mind",454.68
4347,25330,Yes,2023-08-04,"Changed Mind",300.27
4348,41986,Yes,2024-09-30,"Faulty Product",950.89
4349,45449,Yes,2025-09-15,Damaged,838.27
4350,2175,Yes,2024-03-02,"Late Delivery",1299.60
4351,42326,Yes,2023-12-22,"Faulty Product",423.79
4352,11209,Yes,2023-08-28,"Changed Mind",265.64
4353,27983,Yes,2022-01-25,Damaged,593.70
4354,8244,Yes,2023-03-17,"Faulty Product",804.81
4355,12020,Yes,2024-08-25,"Faulty Product",1584.50
4356,17138,Yes,2025-07-25,"Wrong Item",1347.48
4357,42724,Yes,2022-12-03,"Late Delivery",82.91
4358,3871,Yes,2023-05-29,"Faulty Product",333.62
4359,32288,Yes,2022-06-11,"Changed Mind",196.71
4360,33423,Yes,2023-04-23,"Wrong Item",735.78
4361,3890,Yes,2025-12-30,"Changed Mind",956.90
4362,36811,Yes,2023-04-18,"Changed Mind",1479.54
4363,8735,Yes,2025-09-13,"Late Delivery",980.74
4364,444444,NO,2022-01-16,Damaged,860.16
4365,27713,Yes,2024-09-09,"Wrong Item",1144.99
4366,444444,NO,2023-09-23,Damaged,546.63
4367,7918,Yes,2024-09-03,Damaged,125.55
4368,14559,Yes,2024-05-23,"Wrong Item",512.88
4369,28457,Yes,2024-12-04,"Late Delivery",911.00
4370,22597,Yes,2022-02-01,Damaged,243.37
4371,8989,Yes,2025-07-22,"Changed Mind",298.15
4372,41436,Yes,2024-06-04,Damaged,622.23
4373,3010,Yes,2023-06-18,Damaged,887.49
4374,40718,Yes,2023-11-15,Damaged,913.31
4375,49800,Yes,2025-06-09,"Faulty Product",618.06
4376,25595,Yes,2022-07-04,"Late Delivery",198.38
4377,49797,Yes,2024-04-10,"Late Delivery",315.05
4378,6173,Yes,2023-06-04,"Late Delivery",321.52
4379,41675,Yes,2022-06-22,"Faulty Product",1336.52
4380,48609,Yes,2023-11-22,Damaged,72.73
4381,1502,Yes,2025-12-03,"Wrong Item",1340.73
4382,19799,Yes,2022-09-06,"Wrong Item",1403.14
4383,49909,Yes,2022-10-26,"Faulty Product",1149.83
4384,9116,Yes,2025-01-10,Damaged,156.04
4385,19424,Yes,2022-09-08,"Late Delivery",81.70
4386,22106,Yes,2025-10-09,"Changed Mind",782.19
4387,36001,Yes,2022-06-02,"Late Delivery",508.63
4388,2920,Yes,2023-06-01,"Late Delivery",1373.62
4389,35559,Yes,2023-03-24,"Changed Mind",1086.02
4390,14613,Yes,2025-01-14,"Wrong Item",956.13
4391,24959,Yes,2024-03-24,"Faulty Product",896.36
4392,7760,Yes,2022-03-21,"Faulty Product",411.15
4393,3045,Yes,2023-08-14,"Late Delivery",213.12
4394,49092,Yes,2023-09-25,"Changed Mind",400.31
4395,33382,Yes,2025-06-22,"Changed Mind",365.09
4396,30505,Yes,2023-05-18,"Changed Mind",631.89
4397,32601,Yes,2022-03-04,Damaged,943.32
4398,16179,Yes,2023-12-25,Damaged,421.82
4399,22689,Yes,2024-01-02,"Late Delivery",1046.55
4400,4437,Yes,2022-07-25,"Late Delivery",1157.84
4401,10161,Yes,2024-05-22,Damaged,1014.48
4402,11692,Yes,2023-10-20,"Faulty Product",157.25
4403,23562,Yes,2024-09-23,Damaged,1526.39
4404,45886,Yes,2023-06-09,"Late Delivery",1061.89
4405,30161,Yes,2022-08-02,"Late Delivery",1031.35
4406,37046,Yes,2024-11-05,Damaged,564.14
4407,23390,Yes,2024-08-20,"Faulty Product",705.26
4408,3347,Yes,2025-04-04,Damaged,937.99
4409,17634,Yes,2022-03-29,"Faulty Product",297.96
4410,26471,Yes,2022-10-25,"Faulty Product",595.29
4411,28087,Yes,2022-08-18,"Faulty Product",1021.59
4412,46674,Yes,2025-08-04,"Changed Mind",885.60
4413,44120,Yes,2024-01-08,"Changed Mind",478.13
4414,757,Yes,2022-09-12,"Wrong Item",1139.48
4415,30779,Yes,2025-03-24,"Wrong Item",756.47
4416,6819,Yes,2024-12-14,"Faulty Product",480.55
4417,20610,Yes,2025-10-03,"Changed Mind",305.68
4418,35438,Yes,2022-07-13,"Faulty Product",654.06
4419,45374,Yes,2023-10-13,"Changed Mind",850.76
4420,48578,Yes,2022-12-16,Damaged,72.20
4421,25293,Yes,2022-11-24,"Wrong Item",106.06
4422,488,Yes,2023-12-15,"Late Delivery",681.20
4423,6176,Yes,2022-12-11,"Wrong Item",381.11
4424,11466,Yes,2025-08-19,"Late Delivery",698.97
4425,39390,Yes,2025-04-15,"Changed Mind",1110.93
4426,2744,Yes,2023-11-15,"Wrong Item",1309.62
4427,24363,Yes,2025-07-16,"Late Delivery",949.39
4428,37489,Yes,2024-12-25,Damaged,1177.93
4429,2594,Yes,2025-05-31,"Changed Mind",550.67
4430,19990,Yes,2024-12-29,Damaged,119.46
4431,33034,Yes,2023-03-17,"Changed Mind",890.91
4432,5212,Yes,2023-01-05,"Faulty Product",868.24
4433,47962,Yes,2025-02-07,"Wrong Item",88.97
4434,40236,Yes,2022-07-07,"Faulty Product",945.26
4435,10641,Yes,2022-11-22,"Late Delivery",1038.11
4436,31535,Yes,2024-02-15,Damaged,398.24
4437,26884,Yes,2024-02-17,"Wrong Item",580.20
4438,4014,Yes,2022-08-05,"Changed Mind",636.66
4439,34340,Yes,2025-07-26,"Late Delivery",336.53
4440,38763,Yes,2023-09-05,"Faulty Product",1307.31
4441,35326,Yes,2023-09-24,"Late Delivery",533.45
4442,22087,Yes,2025-12-10,"Changed Mind",340.23
4443,16014,Yes,2023-01-08,Damaged,1268.79
4444,20635,Yes,2025-10-10,"Changed Mind",1621.78
4445,35813,Yes,2024-09-10,"Changed Mind",1275.75
4446,24536,Yes,2025-11-02,"Faulty Product",531.01
4447,34787,Yes,2024-07-14,"Late Delivery",625.84
4448,22793,Yes,2025-06-09,"Wrong Item",97.93
4449,24640,Yes,2025-07-05,"Changed Mind",1137.35
4450,18293,Yes,2023-10-06,"Late Delivery",919.17
4451,38920,Yes,2023-09-25,"Faulty Product",846.74
4452,47592,Yes,2024-06-27,"Changed Mind",350.77
4453,9993,Yes,2022-10-03,Damaged,183.40
4454,45600,Yes,2023-05-22,"Changed Mind",823.80
4455,48499,Yes,2024-08-09,"Changed Mind",211.10
4456,17975,Yes,2022-12-09,Damaged,736.48
4457,41565,Yes,2023-10-01,"Late Delivery",236.04
4458,4531,Yes,2022-05-20,"Wrong Item",816.20
4459,43922,Yes,2024-02-18,"Changed Mind",771.48
4460,804,Yes,2024-08-19,"Wrong Item",1021.18
4461,21437,Yes,2025-07-18,"Faulty Product",960.20
4462,30293,Yes,2022-08-07,"Faulty Product",1434.86
4463,18527,Yes,2024-08-22,"Late Delivery",63.99
4464,380,Yes,2024-09-01,"Changed Mind",992.40
4465,46860,Yes,2023-07-16,"Late Delivery",873.02
4466,22070,Yes,2023-11-03,"Faulty Product",275.75
4467,42370,Yes,2023-06-24,"Wrong Item",1665.17
4468,144,Yes,2023-04-04,"Late Delivery",532.46
4469,35426,Yes,2023-11-05,Damaged,829.97
4470,13784,Yes,2022-07-25,Damaged,539.67
4471,33465,Yes,2025-08-29,"Faulty Product",807.20
4472,40455,Yes,2024-09-01,"Late Delivery",463.25
4473,14508,Yes,2025-02-22,Damaged,353.82
4474,25740,Yes,2022-12-09,"Late Delivery",981.00
4475,3886,Yes,2022-05-28,"Faulty Product",972.17
4476,22971,Yes,2023-12-01,"Changed Mind",958.13
4477,16852,Yes,2023-08-28,"Wrong Item",266.57
4478,20242,Yes,2022-03-23,Damaged,1446.22
4479,4209,Yes,2025-05-15,"Wrong Item",698.42
4480,23841,Yes,2024-03-11,"Late Delivery",736.77
4481,25509,Yes,2025-05-19,"Wrong Item",1153.24
4482,26203,Yes,2022-11-03,"Wrong Item",900.38
4483,47690,Yes,2022-09-08,"Late Delivery",1294.54
4484,29906,Yes,2025-08-12,"Wrong Item",1266.82
4485,444444,NO,2023-12-22,"Faulty Product",780.60
4486,5683,Yes,2022-12-15,"Changed Mind",700.94
4487,12309,Yes,2023-03-19,Damaged,1093.83
4488,45303,Yes,2023-11-19,"Faulty Product",657.95
4489,444444,NO,2024-04-03,"Faulty Product",309.05
4490,12349,Yes,2023-08-27,"Changed Mind",1228.88
4491,38455,Yes,2023-08-20,"Wrong Item",116.69
4492,44129,Yes,2022-03-30,"Wrong Item",769.18
4493,29750,Yes,2022-09-21,"Wrong Item",178.95
4494,41029,Yes,2025-10-22,"Changed Mind",1017.60
4495,35882,Yes,2023-12-09,"Late Delivery",475.71
4496,4192,Yes,2023-11-24,"Faulty Product",721.70
4497,48063,Yes,2022-10-07,"Wrong Item",54.30
4498,652,Yes,2025-07-24,"Wrong Item",1051.12
4499,43296,Yes,2025-06-11,"Faulty Product",143.36
4500,17535,Yes,2022-02-27,"Changed Mind",541.58
4501,30207,Yes,2022-04-29,"Wrong Item",1182.02
4502,46182,Yes,2025-07-19,"Faulty Product",1122.79
4503,15260,Yes,2022-11-28,Damaged,379.28
4504,20881,Yes,2025-11-30,"Late Delivery",1047.65
4505,10378,Yes,2025-12-18,"Changed Mind",704.94
4506,36957,Yes,2025-02-27,"Changed Mind",690.29
4507,15588,Yes,2022-11-30,"Faulty Product",886.08
4508,10983,Yes,2022-03-22,"Late Delivery",736.82
4509,28507,Yes,2025-12-26,"Changed Mind",1055.79
4510,27220,Yes,2022-11-04,"Faulty Product",786.23
4511,48961,Yes,2025-10-13,"Wrong Item",704.75
4512,48633,Yes,2022-06-03,"Late Delivery",408.98
4513,18475,Yes,2024-02-25,Damaged,527.02
4514,42009,Yes,2024-11-24,"Changed Mind",800.71
4515,29339,Yes,2023-09-29,"Faulty Product",375.86
4516,43272,Yes,2024-05-08,"Wrong Item",171.35
4517,5354,Yes,2022-09-26,"Changed Mind",713.21
4518,12070,Yes,2025-08-07,"Late Delivery",1392.70
4519,2152,Yes,2024-12-18,Damaged,616.61
4520,532,Yes,2022-12-23,"Faulty Product",302.26
4521,11202,Yes,2025-08-20,"Faulty Product",212.70
4522,9659,Yes,2026-01-01,"Changed Mind",599.61
4523,26156,Yes,2022-07-17,"Late Delivery",300.98
4524,42851,Yes,2022-09-08,"Late Delivery",388.76
4525,40084,Yes,2024-08-19,"Faulty Product",201.71
4526,5260,Yes,2023-07-06,"Faulty Product",1341.26
4527,32466,Yes,2022-01-21,"Faulty Product",941.08
4528,18715,Yes,2024-09-23,"Changed Mind",314.57
4529,28736,Yes,2023-06-05,"Faulty Product",946.33
4530,49880,Yes,2022-08-28,"Changed Mind",812.69
4531,4945,Yes,2024-02-16,Damaged,468.17
4532,22830,Yes,2025-08-05,"Wrong Item",272.89
4533,971,Yes,2025-06-11,"Changed Mind",821.82
4534,33513,Yes,2022-09-20,"Wrong Item",902.08
4535,2634,Yes,2023-05-10,"Wrong Item",505.56
4536,2095,Yes,2022-12-25,"Faulty Product",144.99
4537,7514,Yes,2022-09-22,"Faulty Product",132.83
4538,2787,Yes,2023-02-20,"Faulty Product",899.11
4539,11679,Yes,2024-09-02,"Faulty Product",714.70
4540,22226,Yes,2024-12-17,"Wrong Item",231.57
4541,35316,Yes,2025-07-18,"Faulty Product",329.30
4542,44386,Yes,2023-02-05,"Faulty Product",696.88
4543,5827,Yes,2024-09-24,"Faulty Product",1148.36
4544,6309,Yes,2022-08-03,"Late Delivery",123.78
4545,40670,Yes,2024-10-24,"Late Delivery",647.61
4546,37209,Yes,2024-05-01,"Changed Mind",131.69
4547,26423,Yes,2023-06-28,"Faulty Product",384.96
4548,49967,Yes,2025-02-01,"Late Delivery",129.94
4549,39751,Yes,2024-11-12,"Wrong Item",566.45
4550,48733,Yes,2026-01-01,"Faulty Product",832.95
4551,43378,Yes,2022-06-14,"Changed Mind",449.33
4552,10984,Yes,2025-12-06,Damaged,764.18
4553,4685,Yes,2025-10-19,Damaged,928.04
4554,6111,Yes,2023-09-22,"Wrong Item",728.21
4555,39842,Yes,2026-01-05,"Late Delivery",1321.46
4556,93,Yes,2022-04-11,"Faulty Product",218.02
4557,27776,Yes,2023-03-25,Damaged,427.67
4558,48562,Yes,2025-11-17,"Late Delivery",880.86
4559,46447,Yes,2025-01-29,"Wrong Item",192.42
4560,12302,Yes,2022-01-24,"Faulty Product",840.51
4561,21029,Yes,2024-01-05,"Late Delivery",220.59
4562,3018,Yes,2022-05-06,Damaged,445.44
4563,44838,Yes,2023-04-17,"Changed Mind",817.53
4564,7412,Yes,2023-09-27,Damaged,657.32
4565,300,Yes,2025-02-20,"Late Delivery",424.15
4566,21798,Yes,2022-11-09,"Late Delivery",79.97
4567,32989,Yes,2023-11-15,"Late Delivery",238.76
4568,42110,Yes,2022-10-22,Damaged,221.47
4569,15172,Yes,2022-06-13,Damaged,85.77
4570,33290,Yes,2023-12-21,"Changed Mind",898.92
4571,47237,Yes,2023-12-24,"Changed Mind",1098.50
4572,49553,Yes,2025-03-13,"Wrong Item",637.54
4573,9488,Yes,2024-07-06,"Changed Mind",1173.88
4574,7682,Yes,2023-11-08,"Wrong Item",1230.63
4575,18214,Yes,2022-04-14,"Late Delivery",707.76
4576,22062,Yes,2022-07-26,"Faulty Product",945.93
4577,13549,Yes,2023-06-14,Damaged,601.81
4578,437,Yes,2025-06-19,"Changed Mind",184.69
4579,36341,Yes,2025-06-08,"Faulty Product",604.43
4580,28648,Yes,2025-06-20,"Late Delivery",132.43
4581,10125,Yes,2025-12-02,"Faulty Product",310.78
4582,24583,Yes,2024-01-01,"Late Delivery",372.93
4583,1609,Yes,2022-07-18,"Changed Mind",329.04
4584,4663,Yes,2022-03-23,Damaged,217.40
4585,32171,Yes,2023-08-14,Damaged,1197.42
4586,15346,Yes,2022-07-08,"Faulty Product",909.81
4587,19009,Yes,2025-06-25,"Wrong Item",770.26
4588,46834,Yes,2025-12-16,"Changed Mind",905.03
4589,16920,Yes,2025-04-20,"Changed Mind",875.25
4590,14563,Yes,2022-07-10,"Changed Mind",215.39
4591,32228,Yes,2024-12-07,"Late Delivery",987.18
4592,47335,Yes,2022-06-24,"Late Delivery",594.52
4593,46257,Yes,2025-09-28,Damaged,824.91
4594,8548,Yes,2025-07-08,Damaged,441.38
4595,40047,Yes,2022-08-24,"Late Delivery",1218.83
4596,37026,Yes,2022-08-13,"Late Delivery",138.08
4597,8681,Yes,2023-08-01,"Changed Mind",912.52
4598,20145,Yes,2025-02-18,"Faulty Product",1217.13
4599,39765,Yes,2025-07-06,"Faulty Product",911.08
4600,2834,Yes,2025-04-10,"Wrong Item",822.18
4601,10886,Yes,2025-03-28,"Wrong Item",1113.41
4602,35849,Yes,2022-08-20,"Changed Mind",1146.08
4603,17600,Yes,2023-04-29,Damaged,1139.38
4604,2281,Yes,2022-12-22,Damaged,678.28
4605,444444,NO,2023-06-19,Damaged,1051.46
4606,5717,Yes,2024-07-07,"Changed Mind",193.08
4607,29725,Yes,2025-12-13,"Late Delivery",1547.53
4608,24941,Yes,2022-12-19,"Changed Mind",792.47
4609,2747,Yes,2024-06-09,"Wrong Item",456.82
4610,44245,Yes,2024-12-20,"Late Delivery",303.18
4611,5713,Yes,2022-05-17,"Wrong Item",372.33
4612,10915,Yes,2023-12-08,"Late Delivery",978.80
4613,25288,Yes,2023-10-04,"Faulty Product",640.51
4614,21038,Yes,2022-06-16,"Wrong Item",594.51
4615,15758,Yes,2025-10-01,Damaged,911.85
4616,21173,Yes,2023-11-27,"Wrong Item",708.81
4617,38198,Yes,2023-06-17,"Wrong Item",271.38
4618,39181,Yes,2022-11-08,Damaged,72.37
4619,32840,Yes,2024-11-05,"Changed Mind",952.58
4620,9336,Yes,2022-03-18,"Faulty Product",470.89
4621,11920,Yes,2023-05-11,"Wrong Item",1316.04
4622,21329,Yes,2023-06-20,"Late Delivery",11.33
4623,31309,Yes,2022-07-19,"Late Delivery",584.69
4624,29413,Yes,2024-09-10,"Changed Mind",713.24
4625,234,Yes,2022-09-05,Damaged,268.08
4626,41505,Yes,2022-12-21,"Changed Mind",1558.17
4627,41900,Yes,2026-01-02,"Faulty Product",225.28
4628,35908,Yes,2023-08-22,"Changed Mind",718.87
4629,23811,Yes,2022-08-28,"Wrong Item",678.70
4630,47633,Yes,2022-07-23,"Faulty Product",195.75
4631,25026,Yes,2025-04-04,Damaged,116.54
4632,42555,Yes,2025-07-29,"Wrong Item",489.66
4633,31013,Yes,2022-07-17,"Changed Mind",1184.68
4634,21636,Yes,2025-03-22,"Faulty Product",1270.16
4635,30216,Yes,2024-12-03,"Changed Mind",866.27
4636,33385,Yes,2024-03-13,"Changed Mind",1104.63
4637,32711,Yes,2025-06-15,Damaged,319.74
4638,14565,Yes,2023-03-22,"Changed Mind",203.63
4639,27566,Yes,2022-11-25,"Late Delivery",313.56
4640,46914,Yes,2022-08-25,"Late Delivery",389.64
4641,3507,Yes,2022-12-30,"Changed Mind",849.08
4642,47040,Yes,2022-12-14,"Late Delivery",172.84
4643,16791,Yes,2023-04-06,"Faulty Product",777.60
4644,23871,Yes,2024-08-14,Damaged,703.68
4645,15549,Yes,2022-05-05,"Wrong Item",596.99
4646,4916,Yes,2025-04-22,"Changed Mind",1158.67
4647,27890,Yes,2023-01-08,Damaged,423.01
4648,27318,Yes,2024-12-06,"Late Delivery",403.53
4649,25281,Yes,2022-04-06,"Late Delivery",952.78
4650,6381,Yes,2024-01-20,"Changed Mind",806.82
4651,1889,Yes,2022-12-25,"Wrong Item",301.63
4652,46397,Yes,2022-12-04,"Faulty Product",941.97
4653,16737,Yes,2025-06-23,"Changed Mind",1765.86
4654,17824,Yes,2024-07-29,"Faulty Product",383.14
4655,3473,Yes,2023-06-07,"Changed Mind",579.86
4656,15625,Yes,2022-07-26,"Wrong Item",1086.68
4657,38921,Yes,2024-09-05,Damaged,674.44
4658,43442,Yes,2025-05-05,Damaged,551.38
4659,3019,Yes,2025-07-25,"Late Delivery",59.75
4660,16994,Yes,2025-06-06,"Faulty Product",1469.13
4661,10097,Yes,2024-09-23,"Late Delivery",854.12
4662,40616,Yes,2024-07-14,"Wrong Item",687.37
4663,31176,Yes,2025-11-13,"Wrong Item",671.09
4664,20109,Yes,2022-06-12,Damaged,768.13
4665,24352,Yes,2025-07-28,"Changed Mind",786.92
4666,22923,Yes,2024-12-28,Damaged,79.05
4667,38004,Yes,2023-04-07,"Changed Mind",127.18
4668,37360,Yes,2024-11-26,Damaged,214.27
4669,3378,Yes,2024-09-15,"Late Delivery",401.55
4670,36795,Yes,2024-12-09,"Wrong Item",175.68
4671,3881,Yes,2023-01-18,"Late Delivery",139.35
4672,12855,Yes,2022-10-06,"Late Delivery",900.67
4673,15334,Yes,2023-11-29,Damaged,203.26
4674,17033,Yes,2023-04-22,"Faulty Product",1155.60
4675,39088,Yes,2025-12-14,"Changed Mind",1059.40
4676,4686,Yes,2023-08-28,"Late Delivery",1016.82
4677,19795,Yes,2022-06-21,"Faulty Product",638.42
4678,2036,Yes,2023-04-11,"Changed Mind",542.25
4679,20663,Yes,2024-07-02,"Wrong Item",213.89
4680,25394,Yes,2026-01-01,Damaged,1420.49
4681,45660,Yes,2024-06-25,"Wrong Item",552.70
4682,48443,Yes,2024-11-11,"Wrong Item",823.39
4683,7807,Yes,2022-06-24,"Changed Mind",964.04
4684,45456,Yes,2024-05-17,"Wrong Item",1321.98
4685,18773,Yes,2024-10-12,"Faulty Product",1443.97
4686,6834,Yes,2022-10-02,"Wrong Item",1165.66
4687,15333,Yes,2023-04-26,Damaged,818.84
4688,36535,Yes,2025-03-12,"Faulty Product",779.08
4689,18277,Yes,2023-10-16,"Faulty Product",835.62
4690,27688,Yes,2022-09-21,"Late Delivery",345.83
4691,28692,Yes,2022-04-08,"Changed Mind",386.82
4692,31848,Yes,2022-09-04,"Faulty Product",692.35
4693,20057,Yes,2024-10-25,Damaged,1770.19
4694,48637,Yes,2023-10-27,"Late Delivery",802.60
4695,36074,Yes,2022-11-24,"Late Delivery",1124.01
4696,41727,Yes,2023-04-10,"Changed Mind",135.87
4697,35497,Yes,2024-05-21,Damaged,1040.79
4698,25141,Yes,2023-05-04,"Faulty Product",810.64
4699,48397,Yes,2023-12-27,"Wrong Item",115.03
4700,18157,Yes,2022-08-24,"Faulty Product",269.06
4701,37705,Yes,2022-12-15,"Late Delivery",999.39
4702,19645,Yes,2025-08-12,"Late Delivery",767.25
4703,24281,Yes,2023-07-12,"Late Delivery",1078.51
4704,35254,Yes,2025-12-02,"Wrong Item",1695.19
4705,28566,Yes,2025-10-06,"Late Delivery",262.20
4706,41630,Yes,2023-12-05,"Faulty Product",760.26
4707,17678,Yes,2024-08-12,"Faulty Product",402.51
4708,29468,Yes,2025-05-04,"Changed Mind",301.84
4709,24464,Yes,2022-07-27,"Late Delivery",311.41
4710,18533,Yes,2024-01-23,"Wrong Item",687.95
4711,1096,Yes,2023-06-22,"Late Delivery",525.39
4712,35277,Yes,2022-07-15,"Late Delivery",671.37
4713,30584,Yes,2024-02-21,"Wrong Item",502.48
4714,23080,Yes,2026-01-16,"Changed Mind",481.33
4715,13981,Yes,2022-09-09,"Wrong Item",1249.98
4716,46971,Yes,2023-01-11,"Changed Mind",1248.94
4717,42086,Yes,2024-01-14,Damaged,1215.81
4718,49641,Yes,2022-11-16,"Wrong Item",636.45
4719,1081,Yes,2023-09-26,Damaged,587.73
4720,28992,Yes,2024-12-21,"Late Delivery",1064.32
4721,21559,Yes,2025-06-27,"Changed Mind",404.77
4722,19245,Yes,2024-09-12,"Faulty Product",1726.79
4723,42409,Yes,2022-07-24,"Faulty Product",803.38
4724,27292,Yes,2022-08-25,"Wrong Item",597.88
4725,1903,Yes,2025-07-03,Damaged,243.69
4726,30105,Yes,2022-12-18,"Faulty Product",1075.24
4727,6962,Yes,2023-12-20,"Changed Mind",1581.62
4728,5685,Yes,2023-03-17,"Faulty Product",1003.66
4729,48105,Yes,2025-01-09,"Faulty Product",1499.93
4730,40288,Yes,2023-02-24,"Wrong Item",398.19
4731,44797,Yes,2025-06-24,"Changed Mind",343.40
4732,1984,Yes,2023-09-07,"Late Delivery",313.43
4733,29275,Yes,2023-05-11,"Wrong Item",479.95
4734,34977,Yes,2024-09-18,"Faulty Product",390.61
4735,8432,Yes,2025-07-12,"Faulty Product",744.06
4736,23037,Yes,2024-07-04,"Changed Mind",351.90
4737,270,Yes,2024-09-12,"Late Delivery",1747.52
4738,441,Yes,2022-12-14,"Faulty Product",669.18
4739,44950,Yes,2022-11-07,"Wrong Item",1239.91
4740,29531,Yes,2024-09-10,"Changed Mind",890.92
4741,44959,Yes,2025-12-28,"Changed Mind",301.37
4742,17766,Yes,2022-12-07,Damaged,649.07
4743,811,Yes,2022-05-08,"Wrong Item",176.87
4744,23210,Yes,2023-10-26,"Changed Mind",1214.64
4745,1564,Yes,2023-11-02,"Wrong Item",714.03
4746,8908,Yes,2023-12-13,"Late Delivery",382.57
4747,24349,Yes,2023-12-07,"Wrong Item",420.68
4748,16717,Yes,2022-10-04,"Changed Mind",823.36
4749,37530,Yes,2023-06-08,"Wrong Item",695.22
4750,38115,Yes,2025-07-07,"Faulty Product",192.46
4751,12637,Yes,2024-01-15,Damaged,241.79
4752,29930,Yes,2023-03-04,"Changed Mind",680.84
4753,48951,Yes,2022-07-03,"Wrong Item",83.83
4754,38730,Yes,2023-06-17,"Changed Mind",661.57
4755,49852,Yes,2025-06-12,"Faulty Product",1148.06
4756,28777,Yes,2025-11-29,Damaged,1147.67
4757,4163,Yes,2025-01-08,Damaged,125.66
4758,31902,Yes,2025-01-10,"Faulty Product",382.06
4759,32380,Yes,2024-12-19,"Wrong Item",1308.34
4760,13242,Yes,2023-10-04,"Wrong Item",1225.69
4761,32955,Yes,2025-01-11,"Changed Mind",1009.80
4762,29691,Yes,2024-03-27,Damaged,1136.38
4763,31764,Yes,2025-12-03,"Changed Mind",626.88
4764,444444,NO,2025-08-30,Damaged,9.03
4765,24507,Yes,2025-11-07,"Changed Mind",593.79
4766,32436,Yes,2024-06-04,"Changed Mind",729.12
4767,12367,Yes,2022-02-03,"Faulty Product",886.34
4768,28090,Yes,2024-09-18,"Faulty Product",886.56
4769,24565,Yes,2024-09-23,"Changed Mind",1293.84
4770,38880,Yes,2026-01-12,"Changed Mind",295.89
4771,16546,Yes,2024-12-25,"Changed Mind",1145.21
4772,32026,Yes,2023-12-15,"Late Delivery",1158.98
4773,42294,Yes,2025-01-03,"Wrong Item",1726.08
4774,40823,Yes,2025-01-22,"Changed Mind",319.01
4775,3215,Yes,2023-06-09,"Changed Mind",971.05
4776,9833,Yes,2022-07-26,"Changed Mind",638.73
4777,34827,Yes,2024-07-12,"Faulty Product",945.24
4778,32786,Yes,2024-03-17,"Late Delivery",715.08
4779,18630,Yes,2022-08-15,"Faulty Product",747.10
4780,49711,Yes,2023-11-11,"Wrong Item",588.51
4781,19483,Yes,2022-02-21,"Faulty Product",463.31
4782,13103,Yes,2023-04-25,Damaged,706.88
4783,31594,Yes,2023-06-28,Damaged,1743.50
4784,44997,Yes,2022-08-16,"Changed Mind",682.01
4785,18544,Yes,2024-12-05,"Late Delivery",1221.30
4786,15933,Yes,2024-10-03,"Wrong Item",886.55
4787,26619,Yes,2025-04-11,"Faulty Product",338.68
4788,23520,Yes,2025-01-10,"Wrong Item",13.77
4789,47385,Yes,2025-11-20,Damaged,979.97
4790,16191,Yes,2025-05-30,"Changed Mind",261.43
4791,19312,Yes,2023-12-22,Damaged,854.97
4792,23098,Yes,2025-12-25,"Faulty Product",1103.79
4793,896,Yes,2025-03-12,"Wrong Item",1098.57
4794,3218,Yes,2024-06-22,"Faulty Product",335.68
4795,10678,Yes,2025-07-10,"Faulty Product",679.41
4796,48818,Yes,2024-01-26,Damaged,434.67
4797,46049,Yes,2024-05-27,"Faulty Product",333.88
4798,10540,Yes,2024-07-28,"Faulty Product",249.05
4799,3171,Yes,2023-12-22,"Wrong Item",645.52
4800,38025,Yes,2025-05-05,"Late Delivery",1434.59
4801,31283,Yes,2022-04-02,"Late Delivery",450.13
4802,42255,Yes,2023-09-26,"Late Delivery",197.40
4803,34532,Yes,2024-11-25,"Changed Mind",269.50
4804,12904,Yes,2023-09-04,"Wrong Item",1544.00
4805,38197,Yes,2023-04-17,"Wrong Item",783.90
4806,4413,Yes,2023-05-25,Damaged,656.24
4807,47533,Yes,2022-08-25,"Late Delivery",519.06
4808,20476,Yes,2025-02-26,Damaged,485.84
4809,31160,Yes,2022-05-13,"Changed Mind",670.12
4810,444444,NO,2025-06-26,"Late Delivery",1368.34
4811,28599,Yes,2023-03-28,"Faulty Product",94.67
4812,33558,Yes,2025-11-23,Damaged,333.21
4813,18341,Yes,2023-01-04,"Changed Mind",1642.26
4814,29926,Yes,2024-11-24,"Changed Mind",877.49
4815,8346,Yes,2023-05-23,"Wrong Item",13.51
4816,11740,Yes,2025-02-15,"Changed Mind",508.61
4817,1882,Yes,2023-09-22,"Wrong Item",467.95
4818,28776,Yes,2023-08-15,"Late Delivery",1360.41
4819,32706,Yes,2023-11-12,"Faulty Product",1291.17
4820,13486,Yes,2024-08-27,Damaged,581.79
4821,35036,Yes,2025-04-07,Damaged,1641.40
4822,44245,Yes,2024-12-20,"Changed Mind",349.27
4823,41385,Yes,2023-12-17,"Late Delivery",1321.46
4824,47955,Yes,2023-08-30,"Changed Mind",191.78
4825,48167,Yes,2022-12-13,"Faulty Product",687.80
4826,3117,Yes,2025-11-30,"Late Delivery",146.38
4827,31412,Yes,2023-07-02,"Faulty Product",927.64
4828,12531,Yes,2025-07-13,"Changed Mind",1223.30
4829,17928,Yes,2023-07-05,"Late Delivery",813.09
4830,2178,Yes,2023-11-30,"Changed Mind",790.62
4831,41365,Yes,2024-11-28,"Faulty Product",284.31
4832,2188,Yes,2024-05-29,"Late Delivery",741.15
4833,31315,Yes,2025-12-18,"Late Delivery",1025.63
4834,34678,Yes,2025-03-04,"Faulty Product",356.83
4835,49300,Yes,2025-06-12,"Changed Mind",942.36
4836,28097,Yes,2022-08-11,"Late Delivery",1441.93
4837,16904,Yes,2025-04-03,Damaged,331.50
4838,20722,Yes,2023-09-07,Damaged,370.02
4839,44294,Yes,2023-10-04,Damaged,363.24
4840,16469,Yes,2024-09-19,"Faulty Product",381.76
4841,11028,Yes,2022-10-05,"Faulty Product",70.14
4842,34002,Yes,2022-06-11,"Faulty Product",348.90
4843,16366,Yes,2024-12-10,"Late Delivery",445.14
4844,7062,Yes,2025-08-07,Damaged,1020.48
4845,28610,Yes,2025-01-18,"Wrong Item",176.96
4846,35795,Yes,2022-06-07,"Faulty Product",581.35
4847,29553,Yes,2025-09-20,"Late Delivery",561.42
4848,42168,Yes,2024-12-27,"Faulty Product",187.89
4849,2562,Yes,2024-07-21,"Faulty Product",808.70
4850,14370,Yes,2022-03-31,"Late Delivery",1010.94
4851,30869,Yes,2023-07-21,"Faulty Product",630.32
4852,9762,Yes,2024-10-09,Damaged,785.55
4853,27431,Yes,2022-06-18,"Faulty Product",209.40
4854,13042,Yes,2025-09-04,"Wrong Item",159.22
4855,16690,Yes,2023-10-07,"Faulty Product",1082.66
4856,16490,Yes,2023-03-10,"Changed Mind",1345.82
4857,16362,Yes,2025-09-30,"Changed Mind",1166.43
4858,16563,Yes,2023-06-09,"Late Delivery",1693.95
4859,32354,Yes,2024-06-26,"Changed Mind",1363.72
4860,13876,Yes,2023-12-28,"Faulty Product",64.55
4861,16367,Yes,2024-04-30,"Late Delivery",1750.70
4862,41224,Yes,2024-07-28,"Wrong Item",454.67
4863,31048,Yes,2022-04-26,"Changed Mind",143.39
4864,44905,Yes,2025-06-20,"Changed Mind",535.29
4865,7910,Yes,2024-12-12,"Faulty Product",205.09
4866,6441,Yes,2022-03-18,"Changed Mind",1312.73
4867,9858,Yes,2023-07-10,"Late Delivery",682.04
4868,23272,Yes,2022-04-30,"Wrong Item",346.91
4869,3635,Yes,2025-10-25,Damaged,580.48
4870,7221,Yes,2022-08-10,"Faulty Product",102.91
4871,34744,Yes,2022-09-02,"Changed Mind",757.73
4872,44533,Yes,2023-07-11,Damaged,123.08
4873,45080,Yes,2023-01-10,"Wrong Item",10.96
4874,33744,Yes,2023-06-16,"Late Delivery",618.94
4875,14364,Yes,2024-07-14,"Late Delivery",615.85
4876,24043,Yes,2023-06-09,"Late Delivery",82.99
4877,29609,Yes,2023-03-07,"Wrong Item",219.40
4878,1275,Yes,2024-03-31,"Late Delivery",853.96
4879,22005,Yes,2024-11-15,"Late Delivery",870.82
4880,46814,Yes,2022-12-23,"Changed Mind",1328.95
4881,27516,Yes,2023-11-30,"Faulty Product",1740.94
4882,6497,Yes,2023-12-17,"Faulty Product",544.80
4883,37632,Yes,2022-09-30,"Changed Mind",231.70
4884,13791,Yes,2022-09-13,"Wrong Item",233.25
4885,444444,NO,2025-12-26,"Faulty Product",557.56
4886,5661,Yes,2024-08-10,"Late Delivery",274.22
4887,41090,Yes,2024-05-23,"Late Delivery",1246.85
4888,3451,Yes,2022-12-23,"Changed Mind",564.94
4889,49285,Yes,2023-08-18,"Late Delivery",1544.09
4890,37834,Yes,2024-07-15,"Faulty Product",317.94
4891,31800,Yes,2022-10-04,"Changed Mind",536.85
4892,16410,Yes,2024-10-12,Damaged,678.07
4893,23941,Yes,2022-10-27,Damaged,397.87
4894,39726,Yes,2022-11-04,"Changed Mind",383.18
4895,40270,Yes,2025-04-07,"Faulty Product",521.66
4896,42317,Yes,2025-11-23,"Faulty Product",1032.32
4897,5201,Yes,2023-06-13,"Wrong Item",618.45
4898,1314,Yes,2022-05-17,Damaged,247.35
4899,18464,Yes,2023-07-10,"Faulty Product",1414.45
4900,17393,Yes,2022-08-18,"Changed Mind",336.93
4901,37184,Yes,2022-08-03,"Wrong Item",457.04
4902,20340,Yes,2023-08-17,Damaged,828.58
4903,34442,Yes,2024-01-06,"Wrong Item",1089.22
4904,13672,Yes,2025-01-03,"Wrong Item",772.57
4905,15614,Yes,2024-12-29,"Late Delivery",800.47
4906,14218,Yes,2023-07-14,Damaged,1043.87
4907,48290,Yes,2023-05-12,"Changed Mind",1456.98
4908,20298,Yes,2024-07-10,Damaged,107.69
4909,25277,Yes,2022-08-18,Damaged,558.45
4910,30741,Yes,2025-03-07,"Faulty Product",868.52
4911,26916,Yes,2022-06-14,Damaged,359.03
4912,27661,Yes,2024-06-11,"Late Delivery",303.97
4913,19421,Yes,2023-02-07,"Wrong Item",688.70
4914,24812,Yes,2022-09-24,"Changed Mind",432.30
4915,5169,Yes,2022-11-25,"Late Delivery",749.37
4916,35291,Yes,2023-11-11,"Changed Mind",273.39
4917,10343,Yes,2025-08-14,"Changed Mind",577.25
4918,19272,Yes,2022-08-24,Damaged,235.33
4919,4721,Yes,2024-08-16,"Changed Mind",692.43
4920,45846,Yes,2023-12-21,"Wrong Item",369.60
4921,23746,Yes,2023-06-13,"Changed Mind",1093.73
4922,16966,Yes,2025-09-24,Damaged,712.71
4923,2975,Yes,2022-04-30,Damaged,637.28
4924,21061,Yes,2022-12-28,Damaged,654.31
4925,35787,Yes,2023-06-04,"Late Delivery",204.67
4926,14157,Yes,2023-09-20,"Changed Mind",994.18
4927,18458,Yes,2022-09-20,"Faulty Product",80.76
4928,24116,Yes,2024-05-22,"Changed Mind",1352.28
4929,41816,Yes,2025-10-31,"Wrong Item",637.46
4930,27898,Yes,2024-08-02,Damaged,504.09
4931,3091,Yes,2023-08-13,"Changed Mind",552.79
4932,19228,Yes,2022-09-19,"Wrong Item",317.45
4933,34111,Yes,2023-02-21,"Changed Mind",1588.12
4934,6324,Yes,2024-04-19,"Late Delivery",611.53
4935,46932,Yes,2022-08-17,"Wrong Item",798.03
4936,17491,Yes,2022-11-23,"Wrong Item",1238.51
4937,10348,Yes,2022-12-29,"Wrong Item",687.00
4938,10883,Yes,2024-11-15,"Wrong Item",1355.62
4939,13545,Yes,2025-06-06,"Wrong Item",1065.55
4940,2590,Yes,2026-01-06,"Late Delivery",260.80
4941,47691,Yes,2024-06-30,"Wrong Item",947.60
4942,26730,Yes,2024-01-10,"Changed Mind",1382.06
4943,15492,Yes,2022-03-22,Damaged,137.42
4944,6078,Yes,2022-09-28,"Changed Mind",638.83
4945,6451,Yes,2023-07-11,Damaged,130.68
4946,41415,Yes,2024-02-28,Damaged,295.78
4947,15750,Yes,2023-11-28,"Changed Mind",45.60
4948,1301,Yes,2024-09-22,"Changed Mind",614.70
4949,23159,Yes,2024-10-06,"Late Delivery",1241.07
4950,40490,Yes,2022-01-11,"Faulty Product",331.99
4951,36353,Yes,2023-07-28,"Wrong Item",199.65
4952,16270,Yes,2022-08-20,"Wrong Item",267.71
4953,30437,Yes,2025-08-04,Damaged,665.08
4954,46471,Yes,2023-08-10,"Wrong Item",14.13
4955,11114,Yes,2023-12-15,"Changed Mind",875.05
4956,16673,Yes,2023-05-25,"Changed Mind",935.28
4957,10311,Yes,2025-05-25,"Late Delivery",11.77
4958,49771,Yes,2023-10-31,"Faulty Product",655.13
4959,40255,Yes,2022-06-20,"Late Delivery",1011.53
4960,32144,Yes,2024-03-13,Damaged,1027.99
4961,13786,Yes,2022-08-10,Damaged,1172.98
4962,41212,Yes,2023-12-05,"Changed Mind",1481.28
4963,42754,Yes,2024-11-19,"Late Delivery",669.32
4964,26833,Yes,2025-05-30,Damaged,1257.54
4965,4835,Yes,2024-09-21,"Wrong Item",1054.68
4966,2970,Yes,2023-06-07,"Faulty Product",903.08
4967,15788,Yes,2023-04-16,"Faulty Product",476.43
4968,36918,Yes,2025-05-02,"Faulty Product",851.55
4969,41229,Yes,2022-06-24,"Wrong Item",703.55
4970,44850,Yes,2024-10-06,"Wrong Item",948.46
4971,32951,Yes,2025-06-22,"Late Delivery",535.49
4972,33609,Yes,2024-06-20,"Faulty Product",516.02
4973,38430,Yes,2024-12-24,"Wrong Item",616.30
4974,13903,Yes,2024-03-03,"Changed Mind",787.70
4975,38671,Yes,2024-11-28,Damaged,98.82
4976,25996,Yes,2025-08-21,Damaged,1377.04
4977,30567,Yes,2023-12-16,"Wrong Item",1357.57
4978,35614,Yes,2022-04-18,"Wrong Item",784.45
4979,1620,Yes,2023-04-12,Damaged,1092.18
4980,48821,Yes,2022-05-20,"Wrong Item",1132.05
4981,40049,Yes,2023-03-13,Damaged,556.75
4982,46697,Yes,2023-12-10,"Wrong Item",799.59
4983,12351,Yes,2023-10-04,"Late Delivery",779.55
4984,444444,NO,2022-08-09,"Changed Mind",968.09
4985,3152,Yes,2023-09-20,"Wrong Item",82.64
4986,44656,Yes,2022-07-07,Damaged,343.37
4987,29388,Yes,2022-03-20,"Changed Mind",1370.95
4988,32927,Yes,2024-09-11,"Changed Mind",289.18
4989,20987,Yes,2023-12-03,Damaged,1131.44
4990,1863,Yes,2025-12-09,Damaged,854.82
4991,10328,Yes,2022-12-14,"Wrong Item",602.08
4992,42028,Yes,2025-09-17,"Faulty Product",1447.51
4993,23923,Yes,2022-06-25,Damaged,1474.29
4994,5914,Yes,2025-08-08,"Wrong Item",359.34
4995,11511,Yes,2022-07-18,"Changed Mind",544.85
4996,24931,Yes,2023-06-27,"Faulty Product",404.08
4997,26435,Yes,2024-11-18,"Faulty Product",1223.13
4998,2008,Yes,2022-08-13,"Changed Mind",1262.71
4999,1390,Yes,2023-11-05,"Faulty Product",1191.49
5000,1172,Yes,2025-05-14,"Changed Mind",1368.50
5001,36420,Yes,2024-01-03,"Late Delivery",1068.43
5002,43715,Yes,2025-08-13,"Late Delivery",376.32
5003,18204,Yes,2022-08-14,"Wrong Item",581.61
5004,44286,Yes,2022-08-07,"Faulty Product",36.42
5005,30730,Yes,2023-11-16,"Faulty Product",323.08
5006,48905,Yes,2024-06-11,"Wrong Item",1244.08
5007,41295,Yes,2023-09-03,"Late Delivery",904.87
5008,33014,Yes,2025-12-28,Damaged,1332.42
5009,20703,Yes,2023-12-24,Damaged,99.34
5010,34454,Yes,2023-08-19,Damaged,747.67
5011,12778,Yes,2023-05-07,"Wrong Item",869.63
5012,1307,Yes,2023-10-12,"Late Delivery",1357.58
5013,15311,Yes,2025-08-24,Damaged,1419.97
5014,49818,Yes,2024-10-04,"Changed Mind",661.67
5015,34569,Yes,2022-09-29,"Changed Mind",1238.48
5016,35883,Yes,2024-12-19,"Changed Mind",1233.51
5017,42764,Yes,2025-12-28,"Faulty Product",1338.57
5018,15526,Yes,2023-08-20,"Late Delivery",219.50
5019,7400,Yes,2025-03-22,"Changed Mind",1085.59
5020,3027,Yes,2022-08-14,Damaged,678.16
5021,5296,Yes,2023-10-16,"Faulty Product",597.01
5022,9629,Yes,2023-01-19,"Changed Mind",1629.03
5023,8567,Yes,2022-06-03,"Late Delivery",1022.04
5024,44448,Yes,2024-09-09,Damaged,345.57
5025,34076,Yes,2025-04-14,"Changed Mind",58.41
5026,12838,Yes,2022-03-15,"Faulty Product",459.69
5027,10337,Yes,2024-07-19,"Late Delivery",1340.48
5028,36101,Yes,2022-10-29,"Wrong Item",865.34
5029,41989,Yes,2023-05-19,"Faulty Product",167.86
5030,40035,Yes,2024-05-01,"Late Delivery",722.48
5031,23073,Yes,2022-08-04,"Wrong Item",544.77
5032,17517,Yes,2022-12-08,"Wrong Item",564.54
5033,43956,Yes,2023-06-23,"Faulty Product",708.14
5034,45327,Yes,2023-12-01,"Wrong Item",1296.51
5035,23744,Yes,2022-06-07,"Faulty Product",328.05
5036,15103,Yes,2025-10-10,"Faulty Product",445.67
5037,38442,Yes,2025-09-03,"Changed Mind",1008.45
5038,40326,Yes,2025-12-14,Damaged,1138.75
5039,48907,Yes,2024-07-30,Damaged,950.11
5040,2179,Yes,2022-10-24,"Changed Mind",627.05
5041,41652,Yes,2024-03-24,Damaged,491.82
5042,31617,Yes,2025-03-19,"Wrong Item",443.33
5043,37487,Yes,2025-08-09,"Faulty Product",547.91
5044,3123,Yes,2025-11-27,Damaged,638.52
5045,12865,Yes,2024-01-12,"Late Delivery",1294.20
5046,7984,Yes,2024-05-24,"Late Delivery",112.89
5047,12881,Yes,2025-01-04,"Wrong Item",721.33
5048,12618,Yes,2024-08-14,"Wrong Item",419.53
5049,17544,Yes,2024-11-11,"Faulty Product",287.00
5050,34966,Yes,2023-10-07,Damaged,845.37
5051,44221,Yes,2025-06-27,"Wrong Item",993.80
5052,32294,Yes,2022-07-22,"Faulty Product",317.06
5053,28631,Yes,2025-09-24,"Wrong Item",300.19
5054,43673,Yes,2023-04-01,"Late Delivery",668.97
5055,23569,Yes,2023-02-07,Damaged,1352.38
5056,46122,Yes,2022-12-23,"Late Delivery",791.45
5057,48505,Yes,2024-06-18,"Changed Mind",947.52
5058,42276,Yes,2025-08-10,"Changed Mind",56.52
5059,21275,Yes,2022-09-09,"Faulty Product",304.58
5060,13947,Yes,2024-04-27,Damaged,731.42
5061,16141,Yes,2024-06-13,"Wrong Item",517.26
5062,26199,Yes,2022-01-24,"Wrong Item",399.49
5063,12154,Yes,2023-04-09,"Late Delivery",936.72
5064,27751,Yes,2022-08-30,"Wrong Item",1535.08
5065,6094,Yes,2024-10-09,"Faulty Product",256.54
5066,34645,Yes,2023-08-30,"Late Delivery",1146.49
5067,19785,Yes,2025-01-02,"Faulty Product",1058.26
5068,44774,Yes,2025-04-19,"Changed Mind",1084.62
5069,13856,Yes,2023-03-23,"Faulty Product",545.35
5070,22397,Yes,2022-10-05,"Wrong Item",749.13
5071,7079,Yes,2024-09-28,"Late Delivery",1361.51
5072,23916,Yes,2023-03-17,Damaged,1015.04
5073,21073,Yes,2024-12-17,"Late Delivery",331.95
5074,4201,Yes,2025-06-22,Damaged,367.82
5075,27376,Yes,2022-10-01,Damaged,1290.35
5076,32574,Yes,2023-06-23,"Wrong Item",285.53
5077,8846,Yes,2024-12-13,"Wrong Item",723.24
5078,38705,Yes,2024-09-06,"Faulty Product",1510.91
5079,11402,Yes,2022-03-20,"Wrong Item",784.80
5080,20576,Yes,2023-03-16,Damaged,1033.15
5081,35450,Yes,2025-08-22,"Changed Mind",252.06
5082,26550,Yes,2024-07-02,"Changed Mind",1026.60
5083,15467,Yes,2022-02-12,Damaged,695.34
5084,12985,Yes,2025-03-12,"Changed Mind",1180.86
5085,25267,Yes,2024-04-30,"Faulty Product",657.59
5086,15830,Yes,2023-12-13,"Late Delivery",726.61
5087,12560,Yes,2024-07-06,"Late Delivery",72.66
5088,25034,Yes,2024-10-13,"Wrong Item",1313.39
5089,9892,Yes,2022-09-22,"Changed Mind",224.98
5090,31787,Yes,2024-06-28,"Changed Mind",749.55
5091,39639,Yes,2023-11-24,"Late Delivery",924.18
5092,48408,Yes,2023-07-22,"Wrong Item",68.47
5093,38747,Yes,2023-10-13,"Changed Mind",850.83
5094,42612,Yes,2024-10-05,"Changed Mind",857.09
5095,4645,Yes,2023-12-18,"Changed Mind",821.48
5096,30693,Yes,2022-05-20,"Changed Mind",713.10
5097,49153,Yes,2023-03-07,"Changed Mind",1431.11
5098,34667,Yes,2025-07-05,"Late Delivery",697.19
5099,26731,Yes,2023-05-26,"Changed Mind",609.44
5100,20536,Yes,2022-12-15,"Changed Mind",258.79
5101,11101,Yes,2025-08-16,"Faulty Product",1020.69
5102,28234,Yes,2024-09-17,"Faulty Product",955.99
5103,38901,Yes,2022-09-11,"Changed Mind",389.02
5104,3082,Yes,2024-10-16,"Changed Mind",1069.00
5105,478,Yes,2022-03-25,"Late Delivery",643.36
5106,11027,Yes,2025-07-31,"Faulty Product",1238.04
5107,12433,Yes,2023-12-05,"Late Delivery",185.00
5108,35628,Yes,2022-10-15,Damaged,808.36
5109,7384,Yes,2023-12-26,"Changed Mind",647.37
5110,25752,Yes,2025-05-08,"Wrong Item",204.62
5111,28873,Yes,2025-07-24,"Late Delivery",142.40
5112,444444,NO,2023-11-04,"Changed Mind",962.17
5113,31001,Yes,2022-08-10,"Wrong Item",1575.99
5114,505,Yes,2022-02-20,"Changed Mind",1408.78
5115,2291,Yes,2024-12-12,"Faulty Product",831.50
5116,21175,Yes,2022-07-24,"Late Delivery",1315.62
5117,41750,Yes,2024-05-22,"Changed Mind",889.77
5118,19805,Yes,2022-04-02,"Wrong Item",748.56
5119,23391,Yes,2022-11-29,"Wrong Item",698.71
5120,44650,Yes,2023-08-16,Damaged,1215.34
5121,27152,Yes,2022-09-15,"Wrong Item",556.03
5122,23850,Yes,2025-12-16,Damaged,299.26
5123,13494,Yes,2025-11-24,"Late Delivery",385.12
5124,49185,Yes,2024-05-22,"Wrong Item",710.11
5125,13238,Yes,2025-12-15,"Faulty Product",436.23
5126,38310,Yes,2024-04-23,"Wrong Item",595.50
5127,45381,Yes,2024-06-15,"Wrong Item",1047.36
5128,19651,Yes,2024-11-29,"Late Delivery",627.66
5129,40134,Yes,2023-09-14,Damaged,411.52
5130,40666,Yes,2022-08-02,"Late Delivery",754.38
5131,33603,Yes,2022-06-26,Damaged,294.08
5132,15201,Yes,2024-08-04,Damaged,969.82
5133,11139,Yes,2022-08-22,"Wrong Item",344.24
5134,23743,Yes,2023-07-16,"Changed Mind",802.43
5135,47100,Yes,2022-06-27,"Faulty Product",426.85
5136,33061,Yes,2024-12-20,"Faulty Product",773.36
5137,27959,Yes,2022-07-20,"Faulty Product",166.15
5138,13257,Yes,2023-08-05,"Faulty Product",230.29
5139,44903,Yes,2025-01-25,Damaged,730.32
5140,38774,Yes,2023-07-26,"Changed Mind",1021.41
5141,13025,Yes,2024-01-01,"Changed Mind",593.68
5142,8187,Yes,2023-10-09,"Late Delivery",1409.51
5143,25621,Yes,2022-07-22,"Changed Mind",1271.49
5144,29737,Yes,2025-01-20,Damaged,985.35
5145,33412,Yes,2022-10-25,Damaged,229.25
5146,13160,Yes,2023-02-09,"Wrong Item",561.16
5147,7065,Yes,2024-08-18,"Wrong Item",893.52
5148,22272,Yes,2024-06-01,"Wrong Item",762.02
5149,21496,Yes,2022-07-23,"Late Delivery",1476.94
5150,35984,Yes,2023-10-10,"Faulty Product",404.83
5151,47545,Yes,2022-07-12,Damaged,235.74
5152,16962,Yes,2025-11-21,Damaged,1083.98
5153,13969,Yes,2026-01-06,"Faulty Product",688.56
5154,6580,Yes,2024-05-21,"Faulty Product",551.04
5155,16360,Yes,2025-02-23,Damaged,1051.50
5156,5160,Yes,2023-11-19,"Wrong Item",191.37
5157,18873,Yes,2024-04-24,"Wrong Item",323.53
5158,48959,Yes,2024-12-11,"Late Delivery",376.98
5159,19450,Yes,2022-10-21,"Wrong Item",725.26
5160,22519,Yes,2023-09-11,"Late Delivery",581.25
5161,41179,Yes,2022-05-23,"Wrong Item",629.09
5162,35065,Yes,2022-06-12,"Late Delivery",197.73
5163,48649,Yes,2024-11-26,"Wrong Item",1797.50
5164,28115,Yes,2025-03-10,"Late Delivery",186.82
5165,23069,Yes,2022-08-10,"Faulty Product",423.76
5166,30107,Yes,2024-04-13,"Faulty Product",137.52
5167,20944,Yes,2024-09-21,"Late Delivery",158.05
5168,17228,Yes,2024-04-17,"Changed Mind",95.82
5169,45051,Yes,2023-11-29,"Wrong Item",980.64
5170,26027,Yes,2025-03-30,"Changed Mind",870.12
5171,45260,Yes,2025-07-01,"Wrong Item",74.38
5172,6428,Yes,2022-05-04,"Faulty Product",1322.79
5173,22741,Yes,2024-06-26,Damaged,1221.10
5174,47187,Yes,2025-02-21,"Faulty Product",162.42
5175,40106,Yes,2025-04-19,Damaged,907.15
5176,16396,Yes,2024-03-19,"Wrong Item",313.37
5177,41804,Yes,2025-07-03,Damaged,366.78
5178,35915,Yes,2025-08-16,Damaged,789.06
5179,9580,Yes,2022-01-26,"Faulty Product",181.60
5180,23421,Yes,2023-12-15,"Wrong Item",133.45
5181,11868,Yes,2024-10-10,"Wrong Item",576.77
5182,32512,Yes,2025-04-20,"Wrong Item",175.74
5183,28399,Yes,2025-12-20,"Late Delivery",1816.41
5184,27213,Yes,2025-11-29,"Wrong Item",1191.84
5185,13138,Yes,2023-06-08,"Wrong Item",139.80
5186,44123,Yes,2023-08-21,"Changed Mind",190.12
5187,35498,Yes,2025-12-29,"Late Delivery",326.57
5188,10303,Yes,2024-11-05,"Late Delivery",675.20
5189,31317,Yes,2023-10-27,Damaged,1029.50
5190,31944,Yes,2025-07-01,"Late Delivery",69.87
5191,5611,Yes,2024-09-21,"Wrong Item",500.71
5192,30151,Yes,2022-12-27,"Late Delivery",342.77
5193,5029,Yes,2023-12-09,Damaged,927.69
5194,49308,Yes,2024-11-25,Damaged,448.00
5195,14794,Yes,2024-03-29,"Faulty Product",286.66
5196,46381,Yes,2024-06-25,"Wrong Item",1265.81
5197,26474,Yes,2025-06-18,"Faulty Product",200.30
5198,14604,Yes,2024-12-10,"Changed Mind",791.42
5199,30126,Yes,2024-10-09,Damaged,319.54
5200,6753,Yes,2023-07-04,"Faulty Product",233.02
5201,22334,Yes,2025-09-14,"Wrong Item",1138.05
5202,28941,Yes,2025-10-07,"Wrong Item",1374.73
5203,15197,Yes,2022-01-19,"Late Delivery",852.77
5204,47455,Yes,2022-03-29,"Faulty Product",914.63
5205,42356,Yes,2025-07-13,"Wrong Item",1037.56
5206,20829,Yes,2023-09-26,"Wrong Item",522.35
5207,444444,NO,2024-08-12,"Changed Mind",375.05
5208,21994,Yes,2023-03-17,"Wrong Item",1208.79
5209,25727,Yes,2024-05-19,"Faulty Product",485.96
5210,30886,Yes,2025-05-04,"Changed Mind",289.43
5211,7028,Yes,2024-06-10,"Faulty Product",383.68
5212,14198,Yes,2025-12-07,"Changed Mind",1190.98
5213,6390,Yes,2025-11-20,"Faulty Product",427.97
5214,12748,Yes,2022-05-24,Damaged,822.72
5215,5033,Yes,2022-11-11,"Late Delivery",414.67
5216,15458,Yes,2022-03-29,"Changed Mind",1635.94
5217,42909,Yes,2025-11-06,"Late Delivery",867.91
5218,8481,Yes,2023-04-24,"Changed Mind",945.03
5219,47603,Yes,2022-02-01,Damaged,774.42
5220,9269,Yes,2023-12-25,Damaged,544.36
5221,15972,Yes,2022-07-11,Damaged,1162.03
5222,19580,Yes,2024-10-10,"Faulty Product",277.02
5223,6356,Yes,2024-11-03,"Wrong Item",780.01
5224,14766,Yes,2023-01-05,"Late Delivery",816.94
5225,24873,Yes,2022-04-02,"Wrong Item",1403.45
5226,27365,Yes,2022-06-06,"Wrong Item",572.19
5227,22472,Yes,2025-08-23,"Wrong Item",271.08
5228,35509,Yes,2024-07-19,"Faulty Product",1603.17
5229,48639,Yes,2023-04-08,"Wrong Item",13.81
5230,1692,Yes,2024-07-06,Damaged,1244.75
5231,47815,Yes,2022-07-10,"Late Delivery",302.64
5232,14614,Yes,2024-03-20,Damaged,796.04
5233,8844,Yes,2022-06-23,"Late Delivery",129.89
5234,14257,Yes,2022-12-11,Damaged,240.73
5235,12250,Yes,2024-06-11,Damaged,364.73
5236,39940,Yes,2022-03-31,"Late Delivery",1764.56
5237,41749,Yes,2023-01-05,"Wrong Item",796.02
5238,12901,Yes,2025-03-11,Damaged,76.18
5239,24719,Yes,2025-10-10,"Faulty Product",1844.91
5240,1162,Yes,2022-03-09,"Faulty Product",458.40
5241,32078,Yes,2024-12-31,"Changed Mind",848.87
5242,13490,Yes,2024-04-15,Damaged,856.47
5243,32348,Yes,2024-10-26,Damaged,260.33
5244,33482,Yes,2025-02-10,"Late Delivery",1120.22
5245,293,Yes,2022-05-12,"Wrong Item",358.28
5246,24645,Yes,2022-02-06,"Faulty Product",337.14
5247,3481,Yes,2024-12-17,"Late Delivery",128.59
5248,32856,Yes,2022-04-03,"Late Delivery",825.37
5249,444444,NO,2023-03-28,Damaged,606.74
5250,23778,Yes,2022-06-15,"Faulty Product",736.02
5251,43748,Yes,2024-09-18,"Changed Mind",96.95
5252,444444,NO,2024-08-27,"Changed Mind",551.14
5253,11730,Yes,2023-10-05,"Late Delivery",455.94
5254,9681,Yes,2022-08-10,"Faulty Product",259.96
5255,39054,Yes,2022-09-28,"Wrong Item",333.03
5256,45010,Yes,2025-12-31,"Wrong Item",318.09
5257,32844,Yes,2024-09-29,"Wrong Item",234.78
5258,21,Yes,2024-07-26,"Wrong Item",478.77
5259,49082,Yes,2025-01-23,"Changed Mind",508.58
5260,11739,Yes,2025-11-23,"Changed Mind",206.03
5261,23846,Yes,2025-11-27,Damaged,786.66
5262,15481,Yes,2023-08-24,"Late Delivery",289.29
5263,2926,Yes,2022-08-28,Damaged,1151.78
5264,48486,Yes,2024-11-11,Damaged,1529.56
5265,17574,Yes,2023-03-06,"Wrong Item",1425.25
5266,13364,Yes,2022-08-26,"Changed Mind",1009.26
5267,29328,Yes,2022-12-08,Damaged,606.27
5268,30034,Yes,2025-07-01,Damaged,74.82
5269,44811,Yes,2023-04-13,Damaged,815.92
5270,3004,Yes,2023-07-11,Damaged,898.05
5271,30158,Yes,2024-07-24,"Changed Mind",711.52
5272,41971,Yes,2024-07-04,Damaged,305.72
5273,10281,Yes,2022-12-28,"Wrong Item",319.70
5274,25759,Yes,2025-02-24,"Faulty Product",1115.19
5275,34725,Yes,2022-08-07,"Late Delivery",448.20
5276,41329,Yes,2025-05-14,Damaged,424.12
5277,31745,Yes,2024-11-29,"Changed Mind",909.57
5278,33681,Yes,2024-12-06,Damaged,1051.14
5279,15128,Yes,2023-08-26,"Late Delivery",367.05
5280,2515,Yes,2024-02-08,"Late Delivery",808.47
5281,20750,Yes,2025-12-30,"Changed Mind",1360.77
5282,23101,Yes,2023-01-10,"Changed Mind",449.65
5283,26879,Yes,2022-03-09,"Faulty Product",236.71
5284,25002,Yes,2024-11-22,"Wrong Item",640.56
5285,30299,Yes,2024-10-12,Damaged,752.15
5286,31532,Yes,2025-10-06,"Changed Mind",1048.32
5287,2129,Yes,2025-08-19,"Late Delivery",316.58
5288,47888,Yes,2025-01-13,"Changed Mind",911.63
5289,37261,Yes,2025-07-05,"Wrong Item",67.00
5290,46459,Yes,2023-03-07,"Faulty Product",1327.98
5291,22885,Yes,2023-05-29,Damaged,65.94
5292,12957,Yes,2023-01-06,"Faulty Product",959.56
5293,41174,Yes,2025-03-09,"Late Delivery",1363.00
5294,38019,Yes,2023-07-18,"Faulty Product",675.40
5295,18608,Yes,2024-01-25,"Changed Mind",108.00
5296,20755,Yes,2024-06-11,"Wrong Item",716.30
5297,49434,Yes,2024-12-02,"Late Delivery",129.33
5298,12841,Yes,2025-08-14,"Wrong Item",1082.00
5299,6169,Yes,2022-11-26,Damaged,1450.19
5300,45637,Yes,2024-07-21,Damaged,146.33
5301,42916,Yes,2024-12-11,Damaged,766.91
5302,5607,Yes,2023-06-21,Damaged,881.85
5303,26480,Yes,2025-07-08,"Wrong Item",69.55
5304,29865,Yes,2026-01-11,"Changed Mind",882.77
5305,29416,Yes,2025-03-31,"Changed Mind",451.41
5306,29761,Yes,2024-11-25,"Faulty Product",486.06
5307,1546,Yes,2024-06-19,"Late Delivery",363.72
5308,1852,Yes,2024-12-12,"Wrong Item",921.24
5309,46009,Yes,2023-09-20,"Wrong Item",251.52
5310,10150,Yes,2025-04-28,"Faulty Product",1093.99
5311,16446,Yes,2025-01-31,Damaged,1825.15
5312,16950,Yes,2023-06-12,"Changed Mind",1304.16
5313,30068,Yes,2023-11-01,"Late Delivery",1496.29
5314,44232,Yes,2023-04-27,"Faulty Product",1118.18
5315,9704,Yes,2023-01-15,Damaged,165.56
5316,29644,Yes,2022-03-04,Damaged,888.90
5317,39057,Yes,2025-06-12,"Late Delivery",1143.05
5318,14870,Yes,2024-12-04,"Changed Mind",598.48
5319,20841,Yes,2025-09-17,"Faulty Product",263.04
5320,10695,Yes,2022-06-01,"Late Delivery",527.66
5321,2308,Yes,2025-10-13,Damaged,271.93
5322,24893,Yes,2025-07-20,"Changed Mind",785.47
5323,23258,Yes,2023-09-18,"Late Delivery",478.10
5324,37511,Yes,2024-03-24,"Wrong Item",405.25
5325,27753,Yes,2024-08-17,"Late Delivery",648.68
5326,5656,Yes,2024-05-02,"Faulty Product",426.68
5327,29947,Yes,2022-10-30,"Changed Mind",1075.24
5328,35798,Yes,2025-12-23,"Changed Mind",72.15
5329,12115,Yes,2023-05-07,"Late Delivery",1781.88
5330,7230,Yes,2022-07-20,"Late Delivery",505.99
5331,14214,Yes,2022-05-20,Damaged,136.76
5332,24340,Yes,2023-06-07,"Late Delivery",454.48
5333,19193,Yes,2024-03-08,"Faulty Product",998.36
5334,24110,Yes,2025-12-31,"Faulty Product",1412.99
5335,3958,Yes,2025-06-02,"Wrong Item",485.45
5336,29993,Yes,2024-10-15,Damaged,1436.83
5337,16310,Yes,2024-12-16,Damaged,669.28
5338,44201,Yes,2025-05-30,Damaged,1408.46
5339,18353,Yes,2022-08-14,"Changed Mind",988.59
5340,46164,Yes,2022-02-22,Damaged,576.14
5341,11620,Yes,2024-01-29,Damaged,720.93
5342,28792,Yes,2024-12-13,"Late Delivery",448.01
5343,7921,Yes,2025-05-30,Damaged,564.99
5344,13685,Yes,2025-08-27,Damaged,1524.67
5345,35076,Yes,2023-11-29,"Wrong Item",913.81
5346,22546,Yes,2025-12-19,"Wrong Item",582.17
5347,43412,Yes,2024-07-16,Damaged,505.17
5348,40309,Yes,2022-01-31,"Late Delivery",1222.89
5349,32981,Yes,2023-03-15,"Faulty Product",1066.27
5350,44749,Yes,2024-07-16,Damaged,306.13
5351,30491,Yes,2022-07-30,"Faulty Product",740.27
5352,45576,Yes,2025-12-04,"Late Delivery",144.53
5353,2778,Yes,2022-11-02,Damaged,858.51
5354,45271,Yes,2025-07-30,"Changed Mind",1547.36
5355,2500,Yes,2022-12-17,"Changed Mind",33.72
5356,9023,Yes,2024-10-13,"Changed Mind",573.41
5357,1201,Yes,2024-10-17,Damaged,998.25
5358,27802,Yes,2024-08-14,"Faulty Product",287.23
5359,28356,Yes,2022-07-19,"Changed Mind",763.81
5360,45763,Yes,2022-04-02,Damaged,462.64
5361,34533,Yes,2025-01-03,"Late Delivery",943.63
5362,20921,Yes,2022-07-17,"Faulty Product",1310.59
5363,42230,Yes,2025-04-07,"Changed Mind",302.66
5364,7517,Yes,2024-09-26,"Late Delivery",635.77
5365,1369,Yes,2023-12-06,Damaged,997.96
5366,16694,Yes,2024-05-25,Damaged,808.58
5367,47804,Yes,2025-07-15,"Faulty Product",534.49
5368,21167,Yes,2022-10-30,Damaged,494.12
5369,49116,Yes,2024-12-06,Damaged,75.54
5370,31870,Yes,2025-08-17,"Wrong Item",646.11
5371,38309,Yes,2022-05-29,"Changed Mind",387.92
5372,35036,Yes,2025-04-07,"Faulty Product",1399.78
5373,22071,Yes,2022-12-06,"Wrong Item",300.94
5374,15598,Yes,2024-12-09,"Wrong Item",853.46
5375,6724,Yes,2022-12-22,"Late Delivery",1233.53
5376,24857,Yes,2025-04-20,Damaged,374.89
5377,22031,Yes,2024-10-23,"Faulty Product",1050.03
5378,20819,Yes,2023-06-23,"Faulty Product",118.80
5379,21909,Yes,2025-09-17,"Faulty Product",286.88
5380,8148,Yes,2024-10-21,"Changed Mind",181.68
5381,39305,Yes,2023-11-05,"Changed Mind",607.30
5382,15918,Yes,2022-06-02,"Late Delivery",925.02
5383,16498,Yes,2024-07-04,"Faulty Product",1182.63
5384,36092,Yes,2025-04-06,"Wrong Item",857.51
5385,3597,Yes,2024-09-01,"Wrong Item",268.12
5386,29255,Yes,2025-07-26,"Faulty Product",663.44
5387,35383,Yes,2025-09-28,"Faulty Product",516.66
5388,26629,Yes,2022-09-09,"Late Delivery",843.40
5389,23684,Yes,2023-11-28,"Wrong Item",460.08
5390,20031,Yes,2024-01-03,"Changed Mind",1195.38
5391,33054,Yes,2025-12-26,"Changed Mind",87.54
5392,12621,Yes,2022-07-16,"Wrong Item",275.76
5393,10633,Yes,2024-05-08,"Late Delivery",979.64
5394,10476,Yes,2025-05-13,Damaged,516.79
5395,14498,Yes,2023-11-02,Damaged,869.72
5396,7612,Yes,2024-07-07,"Wrong Item",135.06
5397,45008,Yes,2024-01-23,"Late Delivery",234.64
5398,40581,Yes,2023-07-08,Damaged,679.62
5399,43347,Yes,2022-12-20,"Late Delivery",758.21
5400,16867,Yes,2023-10-31,Damaged,301.67
5401,27728,Yes,2023-10-18,"Changed Mind",375.90
5402,45775,Yes,2024-08-07,"Changed Mind",834.18
5403,43360,Yes,2023-08-04,"Changed Mind",1305.40
5404,43275,Yes,2023-08-25,"Late Delivery",807.90
5405,2409,Yes,2025-09-15,"Faulty Product",1320.39
5406,43468,Yes,2022-10-19,"Late Delivery",239.63
5407,27819,Yes,2024-09-15,"Late Delivery",529.43
5408,33286,Yes,2023-09-21,"Changed Mind",286.30
5409,32658,Yes,2024-07-13,"Late Delivery",1206.59
5410,16998,Yes,2023-11-17,"Late Delivery",113.88
5411,26927,Yes,2024-07-07,"Wrong Item",662.49
5412,31654,Yes,2024-12-26,"Wrong Item",355.85
5413,2760,Yes,2025-09-19,Damaged,513.33
5414,43580,Yes,2025-05-27,"Late Delivery",961.47
5415,17713,Yes,2023-09-18,"Changed Mind",1779.61
5416,1428,Yes,2025-03-15,"Changed Mind",343.26
5417,45414,Yes,2024-06-20,"Late Delivery",966.71
5418,47451,Yes,2025-03-31,"Changed Mind",1043.77
5419,3199,Yes,2024-12-18,"Faulty Product",200.16
5420,49219,Yes,2025-11-13,"Changed Mind",885.67
5421,11632,Yes,2023-05-07,"Changed Mind",78.58
5422,26401,Yes,2024-06-17,"Wrong Item",287.02
5423,28077,Yes,2024-09-13,"Wrong Item",253.20
5424,3126,Yes,2025-12-09,Damaged,798.26
5425,21580,Yes,2022-12-13,"Late Delivery",232.56
5426,21231,Yes,2022-07-17,"Faulty Product",356.10
5427,22417,Yes,2023-02-27,"Wrong Item",648.58
5428,5280,Yes,2025-12-23,"Wrong Item",765.79
5429,1612,Yes,2024-06-28,"Faulty Product",298.16
5430,37014,Yes,2025-08-07,Damaged,1050.09
5431,35208,Yes,2024-08-04,Damaged,209.32
5432,11759,Yes,2024-10-01,Damaged,884.95
5433,36612,Yes,2024-07-23,"Wrong Item",967.62
5434,2518,Yes,2023-12-23,"Wrong Item",212.60
5435,45064,Yes,2024-12-06,"Wrong Item",207.66
5436,41248,Yes,2025-10-31,"Changed Mind",822.54
5437,48687,Yes,2022-10-09,"Wrong Item",66.82
5438,11922,Yes,2024-10-26,Damaged,1169.22
5439,38826,Yes,2022-12-09,"Faulty Product",413.14
5440,46460,Yes,2024-03-16,"Faulty Product",678.25
5441,48091,Yes,2022-01-26,"Faulty Product",486.51
5442,17189,Yes,2023-01-25,"Changed Mind",654.21
5443,32783,Yes,2023-10-25,Damaged,1244.53
5444,30600,Yes,2025-05-27,"Late Delivery",803.72
5445,31960,Yes,2024-07-10,"Late Delivery",370.04
5446,44990,Yes,2024-10-11,"Changed Mind",1802.23
5447,40024,Yes,2025-09-08,"Wrong Item",896.44
5448,6248,Yes,2023-11-28,"Wrong Item",1462.35
5449,36497,Yes,2024-09-02,"Late Delivery",1608.72
5450,11275,Yes,2023-07-10,"Wrong Item",1689.74
5451,37877,Yes,2022-08-16,"Late Delivery",1020.54
5452,2593,Yes,2026-01-09,"Changed Mind",1749.14
5453,30671,Yes,2025-11-30,"Late Delivery",625.38
5454,1921,Yes,2022-05-13,"Changed Mind",704.26
5455,15628,Yes,2023-12-13,"Faulty Product",175.92
5456,13720,Yes,2025-08-22,"Faulty Product",1216.67
5457,40537,Yes,2022-07-04,"Late Delivery",497.90
5458,20151,Yes,2025-06-19,"Faulty Product",1206.07
5459,20871,Yes,2024-04-13,"Changed Mind",473.96
5460,29841,Yes,2024-06-02,Damaged,717.19
5461,8999,Yes,2025-06-09,"Changed Mind",735.40
5462,42714,Yes,2023-11-16,"Changed Mind",8.93
5463,9980,Yes,2024-07-04,"Late Delivery",596.56
5464,43301,Yes,2022-06-14,"Wrong Item",1537.54
5465,37829,Yes,2022-06-23,"Changed Mind",1533.57
5466,36614,Yes,2024-05-29,"Changed Mind",1228.85
5467,4985,Yes,2025-05-04,"Changed Mind",750.31
5468,33503,Yes,2024-02-16,"Late Delivery",726.26
5469,9641,Yes,2025-08-06,"Changed Mind",1264.92
5470,7574,Yes,2022-09-07,"Wrong Item",434.13
5471,28760,Yes,2024-08-11,"Late Delivery",197.47
5472,44757,Yes,2023-11-13,"Faulty Product",286.89
5473,42477,Yes,2024-08-20,"Faulty Product",298.35
5474,29349,Yes,2024-06-23,"Late Delivery",935.47
5475,49851,Yes,2025-04-14,"Changed Mind",1088.28
5476,49450,Yes,2024-07-09,"Faulty Product",252.71
5477,13232,Yes,2022-08-05,"Wrong Item",9.06
5478,46255,Yes,2023-06-02,Damaged,236.12
5479,10853,Yes,2022-08-31,Damaged,722.22
5480,25111,Yes,2022-12-23,Damaged,506.39
5481,38851,Yes,2022-04-22,"Changed Mind",247.27
5482,35751,Yes,2023-06-07,"Changed Mind",679.75
5483,12228,Yes,2023-09-12,"Changed Mind",964.79
5484,1145,Yes,2022-08-20,"Changed Mind",80.62
5485,48118,Yes,2023-05-20,Damaged,881.24
5486,182,Yes,2023-06-08,Damaged,643.79
5487,11634,Yes,2022-02-15,"Changed Mind",79.53
5488,590,Yes,2025-07-15,Damaged,81.24
5489,17064,Yes,2022-09-24,Damaged,1353.96
5490,46581,Yes,2022-07-30,"Late Delivery",1156.58
5491,28133,Yes,2023-04-07,"Changed Mind",199.01
5492,39488,Yes,2023-05-09,"Late Delivery",1112.91
5493,45127,Yes,2024-12-07,Damaged,833.82
5494,10546,Yes,2025-06-09,"Changed Mind",678.26
5495,5340,Yes,2022-01-17,"Wrong Item",623.69
5496,40951,Yes,2024-03-02,"Faulty Product",812.27
5497,20902,Yes,2025-03-23,"Changed Mind",253.57
5498,25712,Yes,2023-05-11,Damaged,590.60
5499,5517,Yes,2022-05-21,Damaged,869.61
5500,12036,Yes,2024-10-12,Damaged,237.08
5501,25675,Yes,2025-04-18,"Changed Mind",931.92
5502,13910,Yes,2024-01-04,"Late Delivery",437.57
5503,20038,Yes,2024-01-15,"Faulty Product",972.95
5504,6007,Yes,2024-12-15,"Changed Mind",1335.34
5505,10122,Yes,2024-12-17,"Wrong Item",411.90
5506,24874,Yes,2023-01-15,"Changed Mind",836.35
5507,32072,Yes,2022-05-17,"Faulty Product",454.98
5508,49988,Yes,2022-05-31,"Changed Mind",171.63
5509,12107,Yes,2025-01-24,"Changed Mind",362.69
5510,5320,Yes,2023-08-16,"Wrong Item",1177.71
5511,12481,Yes,2022-09-18,Damaged,148.44
5512,6340,Yes,2025-12-10,"Faulty Product",657.66
5513,1320,Yes,2025-07-14,"Late Delivery",1084.41
5514,25802,Yes,2024-12-12,"Faulty Product",963.11
5515,12031,Yes,2023-12-10,"Changed Mind",1358.61
5516,45471,Yes,2025-09-25,Damaged,1340.51
5517,38617,Yes,2025-12-07,"Faulty Product",975.56
5518,6630,Yes,2022-05-03,Damaged,902.49
5519,47378,Yes,2024-01-25,"Late Delivery",936.38
5520,36224,Yes,2023-01-07,"Changed Mind",859.06
5521,16889,Yes,2025-10-03,Damaged,1455.83
5522,46854,Yes,2025-09-24,"Wrong Item",1311.13
5523,5583,Yes,2022-06-19,Damaged,1157.45
5524,16518,Yes,2023-03-01,Damaged,411.38
5525,49122,Yes,2024-06-17,"Wrong Item",1428.68
5526,39301,Yes,2024-02-07,"Wrong Item",323.17
5527,27559,Yes,2022-01-14,"Wrong Item",733.64
5528,45347,Yes,2023-12-21,Damaged,303.68
5529,8409,Yes,2024-11-03,"Late Delivery",130.33
5530,45292,Yes,2023-05-23,"Late Delivery",133.00
5531,34129,Yes,2023-08-12,Damaged,1106.76
5532,40684,Yes,2024-11-04,"Wrong Item",1042.70
5533,8144,Yes,2025-03-25,"Wrong Item",663.14
5534,34615,Yes,2023-05-07,"Changed Mind",11.82
5535,476,Yes,2022-06-21,Damaged,1208.66
5536,34300,Yes,2024-10-03,"Late Delivery",417.53
5537,40957,Yes,2022-10-02,"Faulty Product",1134.02
5538,39380,Yes,2025-12-04,"Faulty Product",511.79
5539,9514,Yes,2024-09-16,"Wrong Item",197.44
5540,45710,Yes,2025-08-10,"Wrong Item",277.78
5541,45171,Yes,2024-06-14,"Changed Mind",555.98
5542,18540,Yes,2025-10-01,"Late Delivery",599.35
5543,19349,Yes,2023-05-07,"Changed Mind",382.38
5544,48004,Yes,2022-06-02,"Late Delivery",555.24
5545,31684,Yes,2023-12-13,Damaged,357.40
5546,27489,Yes,2024-11-23,"Wrong Item",438.10
5547,49408,Yes,2022-11-19,"Wrong Item",984.56
5548,48363,Yes,2022-04-24,Damaged,149.19
5549,4841,Yes,2023-07-24,"Late Delivery",470.02
5550,35359,Yes,2024-08-15,"Changed Mind",1711.12
5551,43532,Yes,2023-07-17,"Faulty Product",769.11
5552,31953,Yes,2024-01-13,"Faulty Product",659.26
5553,48778,Yes,2023-09-01,Damaged,676.60
5554,19534,Yes,2022-10-21,"Wrong Item",586.62
5555,46423,Yes,2023-12-19,"Changed Mind",512.03
5556,12870,Yes,2023-12-24,"Wrong Item",1538.99
5557,24944,Yes,2025-07-26,"Wrong Item",830.83
5558,36813,Yes,2022-09-08,"Faulty Product",353.10
5559,14626,Yes,2023-06-10,"Changed Mind",219.44
5560,33475,Yes,2025-09-09,"Late Delivery",658.59
5561,48038,Yes,2022-09-24,"Wrong Item",1656.79
5562,21823,Yes,2022-11-01,"Wrong Item",214.06
5563,36690,Yes,2024-03-11,"Changed Mind",142.59
5564,26445,Yes,2023-12-04,"Late Delivery",1211.41
5565,25889,Yes,2025-12-07,"Late Delivery",1011.52
5566,18653,Yes,2025-06-23,"Changed Mind",667.36
5567,9155,Yes,2024-06-25,Damaged,1438.29
5568,13429,Yes,2025-05-10,"Changed Mind",887.46
5569,21980,Yes,2023-02-10,"Changed Mind",1286.27
5570,36167,Yes,2022-09-15,"Faulty Product",1746.45
5571,31552,Yes,2024-12-07,"Changed Mind",1765.42
5572,49739,Yes,2025-08-31,"Faulty Product",955.20
5573,19947,Yes,2025-10-20,Damaged,1623.06
5574,36367,Yes,2022-05-31,Damaged,443.84
5575,5113,Yes,2022-03-02,"Faulty Product",1444.82
5576,36766,Yes,2024-12-06,"Changed Mind",576.54
5577,13291,Yes,2023-10-11,"Wrong Item",1037.24
5578,14680,Yes,2025-12-20,Damaged,626.61
5579,5361,Yes,2024-04-09,"Changed Mind",1120.26
5580,32802,Yes,2024-11-23,"Faulty Product",436.39
5581,30946,Yes,2022-06-08,"Wrong Item",430.83
5582,45970,Yes,2023-10-11,Damaged,1040.60
5583,45175,Yes,2024-09-13,"Faulty Product",1495.03
5584,33930,Yes,2025-08-19,"Wrong Item",1274.07
5585,42873,Yes,2022-10-21,"Changed Mind",1154.76
5586,10625,Yes,2023-07-27,"Late Delivery",1085.39
5587,27815,Yes,2024-08-21,"Faulty Product",1019.36
5588,35905,Yes,2024-09-28,"Wrong Item",594.07
5589,20597,Yes,2025-06-26,"Late Delivery",652.55
5590,14124,Yes,2022-12-27,"Wrong Item",948.53
5591,39094,Yes,2023-08-11,"Changed Mind",424.97
5592,45585,Yes,2022-09-07,"Wrong Item",581.79
5593,8161,Yes,2022-03-28,"Wrong Item",752.02
5594,16676,Yes,2023-12-28,Damaged,1077.13
5595,20946,Yes,2023-07-05,"Late Delivery",911.48
5596,42860,Yes,2024-08-14,"Late Delivery",946.02
5597,27842,Yes,2023-12-01,"Faulty Product",619.40
5598,44670,Yes,2025-11-23,"Faulty Product",369.21
5599,31676,Yes,2024-08-26,"Late Delivery",243.24
5600,48990,Yes,2026-01-04,Damaged,997.63
5601,883,Yes,2025-11-23,Damaged,158.94
5602,1989,Yes,2025-12-14,Damaged,785.03
5603,29456,Yes,2024-04-03,Damaged,799.23
5604,45368,Yes,2026-01-15,"Wrong Item",229.18
5605,26468,Yes,2022-01-25,Damaged,1235.93
5606,20940,Yes,2025-12-14,Damaged,823.01
5607,18053,Yes,2023-03-06,"Changed Mind",394.94
5608,12994,Yes,2024-03-19,"Late Delivery",160.33
5609,48826,Yes,2024-12-13,"Late Delivery",1280.47
5610,40336,Yes,2023-05-19,Damaged,278.03
5611,33625,Yes,2024-11-05,Damaged,688.12
5612,14119,Yes,2024-08-11,"Wrong Item",135.89
5613,3190,Yes,2025-09-27,"Wrong Item",437.64
5614,13883,Yes,2024-09-27,"Changed Mind",839.77
5615,44211,Yes,2025-04-23,"Wrong Item",362.22
5616,9729,Yes,2025-07-28,"Wrong Item",853.53
5617,31773,Yes,2024-12-07,"Faulty Product",282.88
5618,45131,Yes,2023-10-13,"Wrong Item",230.55
5619,48726,Yes,2023-03-28,"Faulty Product",837.78
5620,40782,Yes,2025-04-02,"Wrong Item",696.28
5621,1510,Yes,2024-08-10,Damaged,824.45
5622,27471,Yes,2022-12-27,Damaged,460.44
5623,20514,Yes,2022-07-02,"Late Delivery",242.33
5624,44725,Yes,2022-04-09,"Faulty Product",314.57
5625,17192,Yes,2024-06-28,"Faulty Product",383.18
5626,8446,Yes,2022-08-23,"Changed Mind",528.13
5627,19351,Yes,2023-09-19,"Late Delivery",557.80
5628,21944,Yes,2024-03-09,"Wrong Item",397.92
5629,7938,Yes,2023-06-22,Damaged,170.00
5630,39546,Yes,2023-12-27,"Late Delivery",619.40
5631,12344,Yes,2024-09-24,"Faulty Product",312.59
5632,44339,Yes,2022-07-07,"Changed Mind",567.96
5633,44408,Yes,2022-12-28,Damaged,364.44
5634,31839,Yes,2024-12-06,"Changed Mind",1303.36
5635,3826,Yes,2025-10-20,Damaged,530.31
5636,9763,Yes,2024-09-23,"Faulty Product",624.20
5637,30239,Yes,2024-12-22,"Late Delivery",114.42
5638,40301,Yes,2025-04-04,Damaged,62.26
5639,47856,Yes,2023-12-03,Damaged,807.92
5640,14163,Yes,2022-11-27,"Late Delivery",545.67
5641,13075,Yes,2023-09-19,Damaged,1253.46
5642,7374,Yes,2024-12-26,"Faulty Product",478.63
5643,31229,Yes,2025-12-23,"Wrong Item",1817.89
5644,30686,Yes,2025-06-13,"Changed Mind",171.52
5645,28188,Yes,2022-07-09,"Faulty Product",479.75
5646,19220,Yes,2022-09-18,"Late Delivery",114.11
5647,4910,Yes,2025-09-24,"Faulty Product",748.50
5648,37493,Yes,2025-08-04,Damaged,774.10
5649,43777,Yes,2022-08-03,Damaged,981.49
5650,39825,Yes,2023-07-11,"Wrong Item",183.49
5651,29708,Yes,2025-12-17,"Late Delivery",720.70
5652,1068,Yes,2025-07-09,"Changed Mind",166.50
5653,43181,Yes,2025-12-25,"Faulty Product",595.01
5654,960,Yes,2022-11-01,"Wrong Item",618.21
5655,6943,Yes,2025-09-10,"Faulty Product",831.85
5656,2568,Yes,2023-03-26,"Faulty Product",678.11
5657,40385,Yes,2022-06-19,"Late Delivery",125.37
5658,41348,Yes,2025-09-02,"Late Delivery",649.11
5659,4912,Yes,2024-12-28,"Changed Mind",1306.46
5660,28262,Yes,2023-12-18,"Wrong Item",649.55
5661,24176,Yes,2023-03-11,"Wrong Item",1391.09
5662,2149,Yes,2024-05-20,Damaged,879.37
5663,7381,Yes,2024-02-23,"Wrong Item",514.54
5664,38333,Yes,2022-10-03,"Faulty Product",1785.88
5665,18794,Yes,2023-06-01,Damaged,8.85
5666,46369,Yes,2025-12-03,"Late Delivery",399.43
5667,13253,Yes,2024-10-09,"Changed Mind",59.59
5668,16500,Yes,2023-04-15,Damaged,357.36
5669,7542,Yes,2023-08-08,Damaged,666.42
5670,31484,Yes,2023-11-21,"Changed Mind",859.39
5671,5213,Yes,2025-05-21,"Faulty Product",1019.66
5672,28598,Yes,2023-08-07,Damaged,1172.35
5673,16474,Yes,2025-02-22,"Late Delivery",109.09
5674,30719,Yes,2022-10-15,"Changed Mind",958.48
5675,16793,Yes,2025-03-25,"Wrong Item",238.17
5676,27659,Yes,2022-06-13,"Late Delivery",205.28
5677,48553,Yes,2022-10-27,Damaged,567.97
5678,23423,Yes,2022-07-18,"Changed Mind",959.65
5679,3456,Yes,2024-09-17,"Wrong Item",9.07
5680,14946,Yes,2022-07-16,"Late Delivery",702.40
5681,1338,Yes,2023-12-23,"Late Delivery",196.56
5682,10647,Yes,2025-11-20,"Faulty Product",723.58
5683,444444,NO,2023-05-31,Damaged,557.99
5684,47826,Yes,2024-07-13,Damaged,220.67
5685,35947,Yes,2023-11-02,"Wrong Item",1274.37
5686,7520,Yes,2022-08-12,"Faulty Product",293.25
5687,16702,Yes,2024-11-14,"Changed Mind",1668.88
5688,20378,Yes,2023-08-15,"Late Delivery",1623.29
5689,29928,Yes,2025-10-31,"Faulty Product",385.78
5690,35926,Yes,2024-02-24,"Wrong Item",1193.96
5691,29948,Yes,2023-08-05,Damaged,722.77
5692,26539,Yes,2022-12-01,"Wrong Item",670.13
5693,42598,Yes,2025-11-25,"Faulty Product",566.75
5694,3488,Yes,2023-08-16,"Faulty Product",72.21
5695,22983,Yes,2023-12-22,"Faulty Product",271.20
5696,47573,Yes,2023-12-26,Damaged,988.88
5697,47522,Yes,2022-08-08,"Changed Mind",187.31
5698,9895,Yes,2023-11-18,Damaged,130.69
5699,21198,Yes,2023-08-14,"Wrong Item",305.80
5700,35082,Yes,2023-07-21,"Wrong Item",395.08
5701,6194,Yes,2025-01-26,"Wrong Item",818.06
5702,19384,Yes,2023-10-25,"Faulty Product",764.39
5703,29961,Yes,2024-09-17,"Faulty Product",870.11
5704,341,Yes,2025-12-13,"Faulty Product",900.16
5705,26598,Yes,2024-06-30,"Late Delivery",354.65
5706,35424,Yes,2023-03-07,"Wrong Item",576.90
5707,37397,Yes,2025-09-25,"Late Delivery",351.00
5708,32564,Yes,2025-05-05,Damaged,394.61
5709,22445,Yes,2022-04-05,"Late Delivery",113.50
5710,13348,Yes,2023-11-25,"Changed Mind",895.59
5711,22601,Yes,2023-07-20,"Faulty Product",653.69
5712,33063,Yes,2024-01-15,"Late Delivery",1222.91
5713,38345,Yes,2023-09-01,"Changed Mind",981.41
5714,5936,Yes,2025-09-09,"Wrong Item",775.26
5715,32322,Yes,2022-09-10,"Wrong Item",1502.40
5716,5003,Yes,2022-12-12,"Faulty Product",1016.36
5717,12406,Yes,2024-06-18,"Faulty Product",1431.88
5718,13811,Yes,2024-05-14,"Changed Mind",818.23
5719,4326,Yes,2023-04-27,"Late Delivery",893.76
5720,11474,Yes,2023-11-30,"Faulty Product",247.25
5721,41157,Yes,2024-11-03,"Faulty Product",1203.07
5722,12941,Yes,2023-09-17,"Faulty Product",662.01
5723,35714,Yes,2023-04-17,Damaged,889.53
5724,47211,Yes,2024-09-29,"Faulty Product",1584.79
5725,18725,Yes,2022-11-04,"Wrong Item",375.25
5726,13668,Yes,2022-05-05,"Late Delivery",553.33
5727,43407,Yes,2025-11-26,"Changed Mind",603.55
5728,29135,Yes,2022-09-10,"Late Delivery",431.32
5729,44442,Yes,2024-11-27,"Late Delivery",1306.59
5730,16868,Yes,2023-11-12,"Late Delivery",1529.73
5731,16302,Yes,2023-03-18,Damaged,599.03
5732,37037,Yes,2023-05-28,"Late Delivery",802.49
5733,47380,Yes,2024-01-23,"Faulty Product",229.11
5734,47063,Yes,2022-03-21,"Late Delivery",513.58
5735,9598,Yes,2022-11-21,"Changed Mind",588.70
5736,45755,Yes,2025-12-09,"Wrong Item",603.78
5737,8208,Yes,2025-07-23,"Wrong Item",860.50
5738,32532,Yes,2022-05-02,"Wrong Item",590.49
5739,24785,Yes,2022-03-27,Damaged,620.03
5740,19928,Yes,2025-04-05,"Wrong Item",777.08
5741,20662,Yes,2022-08-21,Damaged,686.13
5742,37298,Yes,2025-08-01,"Wrong Item",605.16
5743,44096,Yes,2025-07-11,"Late Delivery",162.70
5744,16158,Yes,2024-12-09,"Changed Mind",153.39
5745,44285,Yes,2025-09-05,Damaged,203.25
5746,35180,Yes,2024-06-21,Damaged,96.33
5747,31716,Yes,2022-08-16,"Late Delivery",957.88
5748,46734,Yes,2025-05-07,"Late Delivery",154.41
5749,31942,Yes,2024-04-26,Damaged,1179.49
5750,1449,Yes,2024-08-06,"Changed Mind",80.63
5751,9919,Yes,2025-04-18,"Changed Mind",136.69
5752,1618,Yes,2024-07-27,"Wrong Item",173.18
5753,45909,Yes,2025-05-22,Damaged,1454.19
5754,13056,Yes,2023-06-23,Damaged,842.08
5755,39482,Yes,2025-12-17,"Late Delivery",659.34
5756,26329,Yes,2025-02-19,"Wrong Item",740.14
5757,157,Yes,2024-07-09,"Faulty Product",678.96
5758,44948,Yes,2024-08-14,"Changed Mind",1056.73
5759,39846,Yes,2022-10-11,"Late Delivery",111.68
5760,43338,Yes,2023-07-12,"Wrong Item",1186.60
5761,45539,Yes,2023-07-09,"Faulty Product",934.60
5762,26994,Yes,2022-09-10,"Faulty Product",1236.42
5763,21361,Yes,2023-01-08,"Faulty Product",1565.75
5764,32235,Yes,2022-09-15,"Wrong Item",1179.06
5765,42176,Yes,2024-12-10,Damaged,750.78
5766,12867,Yes,2025-05-04,"Changed Mind",895.41
5767,43756,Yes,2025-06-10,"Late Delivery",752.10
5768,31724,Yes,2022-02-18,"Late Delivery",651.96
5769,34381,Yes,2024-11-03,"Faulty Product",1456.65
5770,26055,Yes,2023-04-19,"Wrong Item",457.44
5771,46802,Yes,2024-10-26,"Late Delivery",119.70
5772,44658,Yes,2025-10-17,"Wrong Item",973.10
5773,8951,Yes,2023-01-08,"Late Delivery",241.79
5774,31016,Yes,2025-09-17,"Late Delivery",381.51
5775,993,Yes,2024-12-28,"Late Delivery",632.25
5776,45708,Yes,2025-07-20,"Wrong Item",54.72
5777,33060,Yes,2024-10-18,"Changed Mind",906.77
5778,43077,Yes,2025-12-17,Damaged,216.75
5779,25280,Yes,2022-12-14,"Late Delivery",65.75
5780,43551,Yes,2023-08-08,"Late Delivery",375.15
5781,34301,Yes,2024-04-28,"Faulty Product",173.13
5782,5193,Yes,2023-10-27,"Changed Mind",396.19
5783,42553,Yes,2022-04-23,"Changed Mind",977.75
5784,3210,Yes,2025-01-17,"Wrong Item",227.33
5785,32611,Yes,2024-12-28,Damaged,1045.23
5786,7458,Yes,2023-06-05,"Changed Mind",872.67
5787,44455,Yes,2024-12-20,"Wrong Item",666.90
5788,20212,Yes,2025-01-04,"Faulty Product",1319.25
5789,21757,Yes,2023-12-09,"Late Delivery",1603.93
5790,43143,Yes,2025-07-27,"Changed Mind",718.86
5791,46996,Yes,2022-08-13,"Changed Mind",73.79
5792,22471,Yes,2024-08-07,Damaged,115.22
5793,15894,Yes,2024-01-30,"Late Delivery",813.62
5794,5041,Yes,2024-07-10,Damaged,66.77
5795,30817,Yes,2023-09-26,"Faulty Product",590.34
5796,6132,Yes,2025-02-15,"Changed Mind",911.36
5797,30133,Yes,2023-08-27,"Changed Mind",605.19
5798,30117,Yes,2023-12-25,"Late Delivery",806.49
5799,17860,Yes,2025-07-18,"Faulty Product",662.03
5800,20048,Yes,2024-12-13,"Changed Mind",623.44
5801,17535,Yes,2022-02-23,"Late Delivery",899.87
5802,37192,Yes,2022-10-12,Damaged,1732.04
5803,4463,Yes,2023-12-28,Damaged,493.93
5804,49462,Yes,2022-11-24,"Changed Mind",606.59
5805,34873,Yes,2022-09-19,"Changed Mind",828.83
5806,20576,Yes,2023-03-22,"Changed Mind",206.80
5807,17844,Yes,2023-10-06,"Changed Mind",358.72
5808,29556,Yes,2022-04-07,Damaged,501.02
5809,17495,Yes,2024-04-02,"Wrong Item",548.69
5810,43002,Yes,2025-06-25,"Faulty Product",429.80
5811,31277,Yes,2025-09-02,"Wrong Item",90.58
5812,39810,Yes,2025-10-05,"Wrong Item",132.64
5813,45611,Yes,2023-03-16,"Changed Mind",127.76
5814,22481,Yes,2025-11-07,Damaged,1473.53
5815,26345,Yes,2022-02-20,Damaged,1115.29
5816,40631,Yes,2023-12-31,"Changed Mind",1037.49
5817,42888,Yes,2025-08-14,"Faulty Product",1426.27
5818,6641,Yes,2022-12-24,Damaged,400.95
5819,42007,Yes,2024-03-26,"Late Delivery",809.04
5820,11400,Yes,2022-05-03,"Faulty Product",1201.02
5821,47897,Yes,2023-12-03,"Late Delivery",608.70
5822,42283,Yes,2024-08-03,Damaged,799.06
5823,8169,Yes,2023-01-04,"Wrong Item",160.25
5824,14068,Yes,2023-05-19,"Late Delivery",1208.44
5825,4919,Yes,2025-01-01,"Faulty Product",662.06
5826,39727,Yes,2024-06-26,"Wrong Item",1457.74
5827,2060,Yes,2025-08-16,"Changed Mind",707.84
5828,3979,Yes,2025-06-26,"Wrong Item",367.90
5829,28973,Yes,2024-07-26,"Late Delivery",1478.58
5830,28273,Yes,2022-09-23,"Wrong Item",1317.39
5831,7857,Yes,2024-07-30,"Faulty Product",1163.65
5832,25043,Yes,2025-07-23,"Changed Mind",224.25
5833,24475,Yes,2025-01-06,"Faulty Product",353.74
5834,27627,Yes,2024-08-20,"Faulty Product",1738.05
5835,13770,Yes,2024-05-22,Damaged,169.91
5836,29147,Yes,2023-06-24,"Wrong Item",1097.21
5837,48369,Yes,2022-08-09,"Changed Mind",520.14
5838,48497,Yes,2024-12-02,"Late Delivery",632.56
5839,34611,Yes,2022-03-15,"Changed Mind",884.01
5840,40493,Yes,2022-11-05,"Wrong Item",1403.12
5841,13682,Yes,2023-03-22,Damaged,1388.16
5842,46219,Yes,2024-07-18,"Changed Mind",535.19
5843,11339,Yes,2023-09-27,"Wrong Item",499.88
5844,31609,Yes,2025-08-08,Damaged,1039.98
5845,7200,Yes,2023-08-15,"Wrong Item",907.37
5846,43112,Yes,2024-12-10,"Changed Mind",61.82
5847,14365,Yes,2024-08-27,"Changed Mind",188.48
5848,37882,Yes,2022-05-23,"Faulty Product",521.47
5849,28899,Yes,2025-06-25,"Late Delivery",37.73
5850,12676,Yes,2024-10-09,"Wrong Item",992.70
5851,17735,Yes,2024-12-26,"Wrong Item",1232.84
5852,3112,Yes,2023-08-02,"Wrong Item",261.42
5853,47890,Yes,2022-07-13,"Changed Mind",77.10
5854,34137,Yes,2022-10-18,Damaged,304.95
5855,12428,Yes,2022-11-12,"Faulty Product",485.59
5856,10700,Yes,2023-12-12,"Wrong Item",995.64
5857,25187,Yes,2023-07-07,"Faulty Product",648.86
5858,444444,NO,2024-11-18,"Changed Mind",662.41
5859,48217,Yes,2024-09-23,"Changed Mind",271.36
5860,25801,Yes,2025-04-09,"Faulty Product",468.74
5861,6578,Yes,2024-12-22,"Changed Mind",868.69
5862,4787,Yes,2022-12-30,Damaged,213.07
5863,39041,Yes,2024-07-16,"Changed Mind",410.36
5864,22605,Yes,2022-11-28,Damaged,1619.23
5865,40978,Yes,2024-08-31,"Faulty Product",771.85
5866,18170,Yes,2024-11-24,"Late Delivery",778.10
5867,35204,Yes,2022-08-27,"Late Delivery",422.19
5868,4235,Yes,2024-11-15,"Late Delivery",982.93
5869,444444,NO,2022-03-26,"Wrong Item",566.15
5870,27690,Yes,2022-12-11,"Faulty Product",1357.31
5871,27151,Yes,2024-09-24,"Wrong Item",813.89
5872,10645,Yes,2022-08-08,Damaged,881.70
5873,22524,Yes,2022-08-11,"Late Delivery",469.23
5874,285,Yes,2025-10-21,Damaged,1111.66
5875,47607,Yes,2023-11-02,"Wrong Item",445.19
5876,3932,Yes,2022-10-24,Damaged,1361.23
5877,15895,Yes,2025-12-19,"Changed Mind",773.86
5878,9174,Yes,2025-07-25,"Late Delivery",420.99
5879,10487,Yes,2022-11-21,Damaged,39.03
5880,13920,Yes,2024-08-20,"Faulty Product",1434.53
5881,15284,Yes,2022-06-28,Damaged,423.29
5882,26152,Yes,2024-09-27,"Wrong Item",26.33
5883,37141,Yes,2024-09-21,"Changed Mind",1141.25
5884,7543,Yes,2022-08-26,"Changed Mind",673.37
5885,45166,Yes,2022-04-08,"Faulty Product",782.88
5886,22428,Yes,2024-01-05,"Changed Mind",353.66
5887,47827,Yes,2024-08-11,"Late Delivery",292.83
5888,16224,Yes,2023-10-28,"Changed Mind",1261.95
5889,21697,Yes,2023-04-14,"Late Delivery",515.04
5890,34254,Yes,2023-07-14,"Wrong Item",948.91
5891,45800,Yes,2023-02-02,Damaged,690.14
5892,36197,Yes,2024-08-10,"Late Delivery",104.49
5893,48015,Yes,2023-01-12,"Faulty Product",309.25
5894,48836,Yes,2023-08-28,"Faulty Product",749.76
5895,18000,Yes,2024-09-22,"Faulty Product",1367.41
5896,8759,Yes,2022-02-16,"Changed Mind",1126.38
5897,41004,Yes,2025-11-07,"Late Delivery",949.42
5898,18813,Yes,2025-08-23,"Late Delivery",766.74
5899,34743,Yes,2025-10-28,"Faulty Product",1081.80
5900,24560,Yes,2022-09-15,Damaged,1068.80
5901,32039,Yes,2024-07-31,"Changed Mind",810.71
5902,20590,Yes,2023-11-29,Damaged,347.77
5903,28653,Yes,2022-06-09,"Wrong Item",140.98
5904,41522,Yes,2025-09-10,"Faulty Product",185.52
5905,25688,Yes,2023-07-06,"Late Delivery",429.17
5906,25643,Yes,2023-10-21,"Faulty Product",732.65
5907,26878,Yes,2022-10-22,"Changed Mind",1000.62
5908,11991,Yes,2025-01-19,Damaged,491.90
5909,35443,Yes,2023-03-05,"Faulty Product",389.73
5910,28967,Yes,2024-06-18,"Late Delivery",781.81
5911,35644,Yes,2022-09-11,"Faulty Product",381.44
5912,27748,Yes,2023-10-21,"Faulty Product",889.43
5913,44249,Yes,2025-01-26,"Changed Mind",233.72
5914,11708,Yes,2023-03-18,"Changed Mind",842.63
5915,41776,Yes,2022-10-13,"Wrong Item",1428.32
5916,6932,Yes,2024-08-10,"Late Delivery",1220.32
5917,47374,Yes,2025-01-18,"Faulty Product",589.59
5918,26416,Yes,2025-08-08,"Wrong Item",367.02
5919,36598,Yes,2022-07-09,"Wrong Item",1042.37
5920,3140,Yes,2024-07-24,"Faulty Product",397.57
5921,10527,Yes,2025-12-15,"Wrong Item",343.91
5922,7021,Yes,2022-08-20,"Changed Mind",1369.48
5923,26949,Yes,2025-12-31,"Faulty Product",783.31
5924,15837,Yes,2024-11-16,"Wrong Item",107.46
5925,8527,Yes,2024-05-08,"Wrong Item",757.87
5926,11690,Yes,2025-11-11,Damaged,1270.05
5927,25869,Yes,2023-02-28,Damaged,522.83
5928,28187,Yes,2025-11-05,Damaged,684.73
5929,46934,Yes,2023-11-27,Damaged,1588.65
5930,33059,Yes,2022-12-01,"Changed Mind",1345.70
5931,3606,Yes,2023-01-13,"Faulty Product",1800.65
5932,21729,Yes,2025-06-13,"Faulty Product",1213.32
5933,21521,Yes,2022-05-18,Damaged,628.61
5934,43724,Yes,2022-12-01,"Late Delivery",1526.94
5935,34747,Yes,2024-11-24,Damaged,158.33
5936,9901,Yes,2024-12-12,"Changed Mind",752.23
5937,45475,Yes,2022-03-11,Damaged,527.18
5938,10132,Yes,2023-02-17,"Faulty Product",615.84
5939,14296,Yes,2025-12-09,Damaged,130.68
5940,28134,Yes,2022-07-03,"Changed Mind",1055.17
5941,49074,Yes,2025-06-08,"Faulty Product",1150.64
5942,30697,Yes,2024-01-27,"Wrong Item",817.04
5943,27873,Yes,2023-08-11,"Changed Mind",9.20
5944,33818,Yes,2025-10-16,"Changed Mind",404.08
5945,11755,Yes,2025-11-14,"Late Delivery",333.33
5946,3775,Yes,2022-03-22,"Changed Mind",192.35
5947,28782,Yes,2024-01-06,"Faulty Product",852.80
5948,5160,Yes,2023-11-26,Damaged,206.01
5949,38946,Yes,2024-12-28,Damaged,364.47
5950,47356,Yes,2025-03-26,Damaged,658.97
5951,17786,Yes,2024-11-05,"Wrong Item",567.72
5952,21556,Yes,2022-04-08,"Wrong Item",579.02
5953,43154,Yes,2024-12-06,"Changed Mind",71.39
5954,444444,NO,2022-11-21,"Changed Mind",1178.81
5955,2288,Yes,2022-10-14,"Wrong Item",118.86
5956,38411,Yes,2022-12-23,Damaged,81.00
5957,6336,Yes,2022-07-12,"Faulty Product",77.49
5958,19488,Yes,2025-06-29,"Changed Mind",687.05
5959,27087,Yes,2024-12-28,Damaged,290.20
5960,46425,Yes,2022-09-28,"Late Delivery",728.27
5961,38861,Yes,2024-03-27,"Faulty Product",1064.75
5962,20801,Yes,2024-04-11,"Late Delivery",795.23
5963,2029,Yes,2024-12-07,"Late Delivery",314.12
5964,39894,Yes,2022-11-06,"Faulty Product",69.16
5965,37609,Yes,2023-02-05,"Wrong Item",179.83
5966,9721,Yes,2022-05-08,"Faulty Product",176.48
5967,46771,Yes,2025-02-08,"Wrong Item",1735.58
5968,19155,Yes,2025-11-26,Damaged,356.82
5969,38160,Yes,2023-12-16,"Changed Mind",1274.84
5970,17238,Yes,2024-06-18,Damaged,862.01
5971,19968,Yes,2025-08-08,Damaged,650.01
5972,42351,Yes,2025-12-15,Damaged,352.30
5973,49625,Yes,2025-08-09,"Faulty Product",637.58
5974,44137,Yes,2023-08-27,"Late Delivery",1088.58
5975,8068,Yes,2025-10-11,"Late Delivery",139.24
5976,33942,Yes,2023-02-20,Damaged,1632.06
5977,49020,Yes,2023-11-17,"Changed Mind",660.93
5978,2345,Yes,2025-06-26,"Wrong Item",780.80
5979,39576,Yes,2023-04-30,"Faulty Product",317.68
5980,39446,Yes,2022-04-26,Damaged,810.03
5981,13926,Yes,2023-04-29,"Changed Mind",820.72
5982,39809,Yes,2023-09-10,"Wrong Item",34.08
5983,20452,Yes,2022-11-16,Damaged,187.63
5984,34422,Yes,2024-07-02,"Changed Mind",648.84
5985,37109,Yes,2024-02-20,"Wrong Item",742.21
5986,44313,Yes,2022-04-03,"Faulty Product",186.07
5987,34729,Yes,2025-11-08,"Wrong Item",399.04
5988,24695,Yes,2025-11-25,"Late Delivery",298.80
5989,48078,Yes,2025-12-24,Damaged,1168.41
5990,15676,Yes,2023-11-10,"Changed Mind",807.36
5991,35043,Yes,2022-08-27,Damaged,1018.97
5992,2190,Yes,2023-11-25,"Changed Mind",488.99
5993,25529,Yes,2023-04-28,"Wrong Item",661.53
5994,14755,Yes,2022-09-04,"Wrong Item",387.89
5995,11850,Yes,2023-04-18,"Changed Mind",993.40
5996,32933,Yes,2024-04-06,"Late Delivery",908.81
5997,39896,Yes,2025-06-02,"Changed Mind",767.27
5998,96,Yes,2023-12-17,"Late Delivery",967.25
5999,33800,Yes,2024-09-07,"Changed Mind",804.53
6000,23493,Yes,2023-05-30,"Faulty Product",554.79
