InventoryID,StoreID,ProductID,StockQuantity,ReorderLevel,LastUpdated
1,22,88,347,54,2024-06-29
2,11,449,230,58,2022-02-20
3,29,3,24,49,2025-08-12
4,16,257,295,45,2022-07-06
5,22,442,371,30,2023-08-04
6,5,264,253,19,2023-10-31
7,1,146,304,43,2024-09-12
8,28,347,16,13,2023-05-15
9,4,75,283,26,2025-08-30
10,23,47,346,28,2024-03-14
11,14,300,209,60,2024-04-03
12,1,81,252,20,2024-06-30
13,15,174,40,36,2023-09-13
14,11,34,139,49,2024-03-07
15,18,314,497,44,2025-05-16
16,20,19,103,21,2025-12-01
17,24,271,205,46,2022-12-23
18,14,171,352,33,2024-05-16
19,17,53,168,19,2024-07-31
20,25,224,220,51,2024-04-25
21,16,77,337,32,2025-04-19
22,12,287,279,21,2022-01-05
23,4,32,264,54,2024-02-17
24,18,67,215,49,2025-05-01
25,30,429,274,18,2023-05-19
26,1,294,449,50,2022-07-12
27,18,354,300,13,2022-08-14
28,28,29,412,52,2025-05-08
29,25,234,94,15,2023-06-06
30,9,435,348,31,2022-12-11
31,18,353,252,50,2023-06-25
32,6,169,331,30,2022-01-01
33,6,407,162,24,2023-07-16
34,2,346,358,55,2022-05-09
35,13,243,183,27,2022-09-03
36,17,281,11,18,2023-05-17
37,17,274,497,29,2025-12-04
38,27,344,391,39,2024-10-31
39,6,193,314,22,2023-07-31
40,13,185,156,38,2022-05-03
41,20,242,410,25,2025-06-24
42,15,103,470,18,2023-12-31
43,14,163,345,37,2025-03-21
44,16,137,93,30,2025-01-23
45,16,420,223,19,2024-07-09
46,2,14,447,48,2023-02-05
47,11,123,443,16,2022-11-03
48,26,79,454,52,2024-09-23
49,8,26,377,56,2024-02-06
50,18,22,360,39,2024-08-22
51,29,141,464,28,2023-05-29
52,16,68,236,43,2022-12-25
53,28,175,194,43,2025-02-27
54,17,10,166,33,2024-04-24
55,1,405,141,16,2022-02-13
56,26,45,463,43,2023-10-10
57,13,221,437,50,2022-11-17
58,12,66666,9,26,2023-04-06
59,16,320,137,40,2025-11-24
60,9,191,288,29,2023-03-08
61,21,131,165,20,2024-01-23
62,30,359,335,20,2025-11-15
63,18,27,63,36,2023-06-23
64,12,410,239,42,2025-12-20
65,16,380,229,37,2024-09-10
66,25,253,159,29,2023-02-04
67,10,275,-442,42,2024-07-05
68,7,256,206,24,2024-10-20
69,17,389,414,42,2025-12-10
70,21,122,344,22,2022-11-16
71,19,57,51,55,2022-07-16
72,15,121,113,15,2023-05-20
73,15,1,318,37,2023-02-18
74,21,367,198,11,2022-02-08
75,8,159,43,13,2022-06-04
76,15,153,372,48,2025-08-06
77,26,194,394,59,2023-08-30
78,4,165,330,19,2023-10-17
79,6,182,182,55,2023-08-14
80,7,448,15,23,2025-07-24
81,15,366,69,56,2023-05-07
82,11,92,1,42,2025-09-01
83,25,335,204,15,2022-01-10
84,25,386,440,17,2023-03-21
85,25,331,229,46,2023-08-09
86,28,90,469,20,2022-08-01
87,15,72,72,28,2024-08-03
88,2,186,175,26,2023-04-24
89,18,54,196,30,2022-05-13
90,8,1,81,29,2024-09-06
91,2,25,401,17,2022-07-09
92,29,401,175,54,2025-06-03
93,3,45,368,10,2024-05-20
94,20,439,201,42,2023-11-11
95,11,243,281,47,2023-12-18
96,20,66666,1,44,2022-06-24
97,15,43,459,55,2022-08-12
98,15,223,122,54,2023-10-03
99,21,284,318,18,2025-03-09
100,3,166,34,44,2025-10-18
101,25,217,10,50,2024-11-30
102,25,259,438,21,2022-10-29
103,12,183,-364,24,2022-03-17
104,16,99,223,55,2024-02-07
105,1,438,191,46,2023-11-22
106,7,99,136,11,2022-06-10
107,8,375,239,30,2022-03-06
108,15,279,431,52,2024-04-23
109,8,344,425,52,2025-01-19
110,5,350,20,18,2023-07-23
111,6,15,99,14,2022-06-16
112,13,438,469,59,2023-12-11
113,18,362,347,56,2022-10-06
114,28,450,153,44,2024-08-03
115,9,51,207,23,2025-10-19
116,7,25,389,48,2023-07-02
117,10,167,85,14,2024-01-22
118,11,3,469,54,2024-10-09
119,25,347,407,60,2022-12-14
120,22,258,24,50,2023-01-19
121,12,145,199,47,2025-10-22
122,18,135,484,39,2024-03-01
123,13,347,241,20,2022-02-08
124,18,219,243,12,2025-07-01
125,10,415,356,27,2025-09-27
126,19,71,383,23,2023-08-27
127,18,289,321,12,2023-04-24
128,20,21,445,31,2023-01-22
129,17,367,180,41,2024-12-21
130,26,290,313,28,2024-10-10
131,27,110,190,28,2024-03-23
132,9,367,368,48,2025-02-27
133,11,307,75,52,2024-06-08
134,6,230,28,55,2023-09-27
135,28,289,41,19,2022-09-29
136,7,7,50,21,2025-04-10
137,8,325,275,23,2025-06-05
138,3,34,448,47,2024-09-13
139,27,218,308,16,2023-05-24
140,8,154,98,16,2023-09-01
141,15,301,196,21,2023-05-15
142,27,273,39,33,2025-02-13
143,20,393,189,19,2023-12-19
144,27,448,363,46,2022-03-15
145,28,316,178,32,2023-01-04
146,5,413,18,44,2022-07-24
147,9,428,145,37,2025-11-15
148,5,382,377,10,2025-03-13
149,5,110,301,18,2024-09-06
150,28,74,496,44,2023-10-30
151,19,66666,395,55,2025-02-11
152,10,37,387,59,2022-04-20
153,6,387,114,42,2022-03-28
154,22,296,342,60,2025-08-28
155,16,70,366,30,2025-04-26
156,20,325,269,21,2022-09-23
157,8,276,265,21,2025-02-03
158,7,217,471,26,2025-07-07
159,15,317,74,13,2022-05-07
160,7,60,481,22,2022-04-29
161,29,106,118,52,2025-11-11
162,23,244,13,47,2023-04-05
163,20,214,324,48,2024-03-31
164,27,384,357,40,2022-08-19
165,3,236,192,38,2024-09-04
166,29,294,451,40,2023-03-02
167,13,420,225,40,2024-12-25
168,17,167,485,46,2023-12-31
169,22,13,421,57,2025-07-03
170,3,151,329,20,2022-12-24
171,13,62,229,16,2024-12-12
172,1,376,495,44,2025-06-29
173,10,60,284,39,2023-02-27
174,9,319,156,40,2025-07-18
175,1,288,469,19,2025-03-12
176,6,433,268,49,2023-06-11
177,19,386,107,39,2024-07-30
178,9,402,209,47,2022-10-31
179,2,152,169,34,2024-03-02
180,6,213,359,34,2025-08-14
181,6,144,229,41,2024-11-25
182,14,78,451,19,2024-11-29
183,29,138,413,17,2022-05-01
184,24,113,20,35,2025-09-08
185,19,58,240,54,2024-05-17
186,21,3,446,31,2022-09-03
187,28,185,70,29,2024-12-23
188,5,14,193,33,2023-06-27
189,23,144,149,17,2023-05-03
190,13,167,381,47,2023-06-06
191,5,214,23,17,2022-11-06
192,2,280,300,26,2025-09-15
193,30,198,333,16,2024-06-03
194,4,292,433,43,2024-12-28
195,13,217,-378,27,2025-03-08
196,17,31,106,30,2025-08-03
197,22,123,146,48,2025-02-04
198,19,248,141,57,2025-07-06
199,26,126,36,46,2025-02-07
200,17,429,282,19,2022-03-20
201,7,220,294,31,2022-01-05
202,18,1,307,25,2023-01-18
203,6,33,416,55,2025-09-14
204,24,7,-119,49,2025-06-29
205,16,46,406,53,2023-01-25
206,16,245,119,15,2025-08-20
207,5,274,230,45,2024-01-21
208,3,44,65,57,2025-07-07
209,4,31,325,50,2024-03-11
210,10,238,262,44,2023-04-12
211,30,230,443,58,2024-08-21
212,8,379,499,59,2025-07-23
213,11,18,253,18,2024-01-24
214,4,380,448,52,2023-06-03
215,29,2,376,25,2022-04-05
216,10,11,225,21,2022-07-21
217,13,142,76,13,2023-10-06
218,22,262,38,13,2025-02-10
219,23,6,75,59,2025-04-23
220,13,108,151,33,2022-07-15
221,26,238,357,41,2024-12-29
222,13,46,332,38,2024-11-05
223,13,24,421,34,2022-07-27
224,11,350,102,20,2024-12-29
225,29,402,158,13,2025-01-16
226,17,24,273,40,2024-10-25
227,4,43,172,11,2023-12-18
228,30,318,84,32,2024-08-02
229,16,53,206,60,2024-05-16
230,28,415,405,30,2023-05-25
231,16,327,128,45,2024-03-12
232,25,158,129,11,2023-10-19
233,10,216,354,31,2025-07-02
234,13,392,367,54,2024-02-26
235,11,210,382,50,2023-05-14
236,24,389,285,40,2024-08-05
237,10,83,487,29,2023-04-27
238,6,322,144,30,2024-01-07
239,29,98,40,19,2022-04-28
240,16,89,277,57,2022-12-15
241,15,191,22,10,2025-08-24
242,8,47,497,59,2022-07-12
243,29,10,265,60,2024-03-07
244,24,233,223,16,2025-07-25
245,3,443,115,56,2024-08-12
246,5,423,274,11,2022-07-27
247,17,318,79,50,2025-05-07
248,14,435,113,29,2022-03-30
249,21,65,149,11,2025-01-24
250,14,229,0,50,2024-05-27
251,8,299,291,10,2022-04-22
252,8,298,191,30,2025-05-14
253,7,85,321,13,2025-03-12
254,27,418,355,13,2024-01-06
255,19,382,465,12,2023-11-06
256,22,101,312,31,2023-02-07
257,30,165,367,40,2022-08-22
258,10,406,412,54,2022-07-13
259,26,403,70,13,2022-04-20
260,22,368,419,12,2023-06-29
261,27,420,316,19,2023-08-24
262,15,415,347,47,2025-04-10
263,25,99,464,29,2023-04-28
264,1,404,426,18,2025-03-20
265,23,65,92,19,2025-04-03
266,18,229,353,56,2022-06-06
267,26,244,320,11,2025-01-27
268,17,60,140,54,2024-02-11
269,9,265,424,35,2022-07-02
270,23,39,101,34,2025-04-27
271,18,82,354,10,2023-03-06
272,17,82,399,49,2023-11-06
273,1,265,11,53,2024-01-09
274,23,5,311,47,2024-11-27
275,1,347,108,32,2024-03-29
276,1,198,366,32,2025-10-03
277,13,36,80,49,2024-02-25
278,5,319,272,22,2023-09-10
279,6,162,137,17,2024-03-21
280,16,228,31,55,2025-06-13
281,30,154,480,41,2024-05-23
282,3,14,252,41,2023-08-13
283,25,83,401,13,2024-01-11
284,10,81,72,12,2025-09-03
285,13,184,106,18,2023-06-16
286,21,83,325,36,2022-06-04
287,1,70,129,49,2022-08-14
288,27,27,243,10,2022-11-08
289,18,313,203,36,2023-03-16
290,25,50,130,33,2022-03-09
291,27,402,241,48,2025-10-22
292,17,393,338,60,2023-08-26
293,16,130,325,16,2025-09-04
294,18,339,333,32,2022-09-09
295,15,136,181,35,2025-05-14
296,13,128,422,56,2022-07-07
297,19,199,402,20,2024-01-31
298,19,428,215,18,2023-03-09
299,19,235,89,29,2023-05-04
300,7,424,8,15,2022-07-18
301,15,132,203,11,2022-05-12
302,18,4,65,21,2024-12-11
303,7,432,478,44,2023-09-24
304,5,444,398,51,2025-12-28
305,12,385,219,31,2024-05-17
306,16,251,496,12,2022-08-06
307,25,388,91,24,2024-04-12
308,16,158,243,19,2023-05-22
309,14,35,472,42,2024-11-27
310,6,101,305,42,2024-01-18
311,29,206,114,59,2025-01-30
312,30,61,227,15,2022-05-31
313,26,142,144,14,2023-06-29
314,20,86,283,14,2024-10-09
315,5,234,311,22,2022-11-10
316,3,208,129,20,2024-10-06
317,9,298,4,46,2022-01-14
318,20,252,322,46,2022-03-11
319,1,227,342,32,2022-02-22
320,14,246,428,33,2024-10-29
321,3,320,424,42,2024-12-14
322,24,91,42,56,2024-10-12
323,13,351,188,55,2023-12-02
324,8,145,374,48,2024-01-27
325,27,279,433,51,2025-02-18
326,3,333,25,23,2025-04-09
327,15,39,443,53,2022-01-25
328,29,378,495,20,2025-10-01
329,2,55,437,42,2024-02-29
330,11,248,407,49,2022-04-25
331,3,58,36,32,2023-08-18
332,24,129,178,21,2024-03-16
333,12,6,218,23,2025-02-23
334,4,4,446,23,2023-07-30
335,4,83,101,53,2025-01-03
336,5,125,60,16,2025-06-28
337,23,254,26,10,2025-10-09
338,11,344,117,47,2023-01-27
339,24,177,367,48,2023-01-14
340,21,17,87,32,2023-11-28
341,21,275,431,27,2023-05-08
342,21,386,77,53,2024-09-12
343,14,440,410,59,2024-04-09
344,14,231,278,28,2022-01-20
345,18,21,375,20,2025-09-07
346,1,229,210,13,2024-08-14
347,8,146,81,47,2025-02-28
348,28,433,186,30,2025-10-22
349,27,140,381,49,2025-02-13
350,23,442,490,46,2025-05-23
351,21,34,227,33,2023-01-16
352,16,48,310,45,2025-04-04
353,30,107,347,30,2023-11-04
354,3,64,249,39,2023-08-11
355,20,95,200,27,2022-09-12
356,24,229,294,53,2024-09-02
357,20,142,211,34,2024-10-11
358,19,352,178,47,2022-11-21
359,19,241,500,53,2023-12-02
360,23,401,195,39,2024-02-25
361,17,357,317,46,2025-12-05
362,30,338,420,57,2022-09-14
363,9,40,71,18,2025-04-13
364,10,384,82,59,2023-05-10
365,1,219,178,34,2024-11-08
366,29,20,101,30,2022-07-20
367,25,109,417,24,2022-03-01
368,24,158,404,11,2025-11-10
369,18,282,44,53,2024-07-17
370,10,256,59,26,2024-03-24
371,28,20,455,29,2025-06-24
372,16,362,271,20,2022-11-29
373,25,57,280,29,2024-05-30
374,25,181,308,54,2023-04-16
375,23,390,469,10,2023-01-12
376,14,303,192,22,2024-11-27
377,27,132,154,54,2023-07-18
378,8,387,311,32,2025-02-03
379,10,333,363,49,2022-07-26
380,23,291,244,50,2024-10-25
381,27,437,5,21,2025-08-07
382,18,326,321,59,2023-02-10
383,29,425,406,42,2025-05-19
384,1,270,485,59,2024-06-05
385,19,261,237,58,2024-07-28
386,9,210,57,26,2022-01-04
387,17,380,321,53,2022-12-05
388,17,273,266,29,2023-08-15
389,9,179,207,46,2025-08-26
390,17,88,153,51,2024-08-02
391,1,66666,246,57,2025-10-15
392,4,190,372,60,2025-02-03
393,11,410,64,15,2024-12-30
394,9,408,233,40,2023-10-06
395,26,434,389,43,2022-08-14
396,27,148,115,24,2022-02-08
397,12,213,214,32,2024-07-11
398,28,339,264,31,2025-01-04
399,26,411,145,32,2024-04-29
400,9,306,183,43,2024-10-14
401,20,205,234,42,2024-09-19
402,11,290,166,21,2022-07-16
403,12,354,197,58,2025-10-06
404,26,264,199,32,2025-03-17
405,18,406,292,40,2023-02-26
406,15,46,437,58,2025-03-31
407,6,276,279,58,2025-06-08
408,2,132,266,59,2023-01-20
409,8,319,458,27,2024-09-04
410,30,382,385,57,2025-07-19
411,18,335,250,18,2025-04-04
412,12,166,382,42,2024-03-08
413,24,179,281,40,2023-05-04
414,17,207,376,29,2023-11-12
415,20,268,210,20,2022-05-07
416,3,159,263,28,2024-07-13
417,1,84,327,12,2023-07-26
418,8,269,3,13,2023-06-23
419,21,434,148,53,2025-03-15
420,25,432,320,22,2025-03-30
421,6,155,91,57,2024-08-12
422,10,402,460,26,2022-01-06
423,3,411,419,24,2023-01-07
424,26,138,339,35,2022-04-09
425,6,406,145,59,2022-01-03
426,19,26,25,23,2024-06-11
427,1,353,416,54,2024-10-30
428,8,433,27,42,2022-12-07
429,10,139,295,51,2023-10-24
430,10,429,313,51,2024-06-21
431,2,117,419,53,2025-06-27
432,24,409,481,37,2025-09-25
433,15,280,221,49,2024-08-29
434,18,383,469,11,2023-10-21
435,8,63,174,47,2023-10-01
436,18,242,213,22,2022-10-12
437,26,35,116,42,2023-02-26
438,8,116,460,54,2024-05-01
439,17,20,226,55,2022-06-22
440,29,327,476,14,2025-07-26
441,20,195,173,40,2025-09-12
442,25,385,87,22,2023-09-06
443,17,115,248,38,2024-07-05
444,24,240,346,43,2024-05-02
445,6,287,172,38,2022-02-12
446,6,450,269,47,2025-12-16
447,25,238,238,21,2025-10-28
448,11,373,372,13,2024-08-25
449,25,66666,126,25,2025-03-27
450,9,354,446,21,2022-05-14
451,18,254,29,43,2024-09-08
452,30,286,139,29,2024-07-28
453,18,13,49,27,2025-05-11
454,23,284,420,55,2024-04-21
455,4,347,468,39,2022-07-31
456,29,64,87,30,2025-07-22
457,9,22,227,14,2022-12-11
458,18,101,384,15,2022-04-10
459,10,433,456,33,2022-01-30
460,17,211,64,56,2024-05-15
461,20,394,422,21,2024-05-20
462,27,88,405,13,2025-04-08
463,22,51,383,25,2023-07-07
464,28,162,357,12,2024-08-11
465,29,304,289,26,2025-01-18
466,25,223,228,33,2022-12-22
467,13,355,23,56,2024-06-02
468,23,83,325,48,2024-12-18
469,6,254,67,41,2022-03-29
470,27,211,43,40,2022-12-02
471,7,87,217,32,2022-02-08
472,7,201,112,38,2022-11-21
473,13,341,223,16,2025-09-16
474,21,51,158,35,2025-05-18
475,16,392,259,22,2024-06-14
476,11,106,56,15,2024-06-23
477,4,28,485,19,2022-11-23
478,26,358,210,43,2023-03-03
479,7,79,307,14,2023-11-02
480,20,373,315,25,2025-02-10
481,27,9,52,46,2025-12-31
482,11,7,90,16,2024-09-26
483,6,447,394,50,2025-09-04
484,9,145,236,19,2023-03-19
485,24,13,-139,12,2022-11-09
486,28,325,73,51,2023-09-01
487,28,101,129,48,2025-07-27
488,9,217,483,36,2022-04-16
489,8,235,122,23,2023-05-20
490,29,443,165,55,2023-10-29
491,10,48,401,49,2025-10-18
492,17,50,200,10,2025-11-20
493,25,167,54,14,2022-03-10
494,7,187,151,38,2024-06-20
495,23,212,269,28,2024-12-23
496,13,349,169,16,2025-11-07
497,12,269,265,49,2025-09-28
498,25,230,489,13,2023-03-01
499,26,66666,121,51,2023-11-05
500,26,2,17,19,2024-03-06
501,12,368,43,15,2024-12-02
502,26,320,363,55,2025-12-06
503,22,244,209,54,2025-05-16
504,2,216,128,59,2024-03-16
505,28,403,5,42,2025-06-21
506,2,41,85,38,2025-07-05
507,28,7,142,24,2024-07-24
508,12,138,207,32,2025-07-23
509,16,272,427,40,2023-06-11
510,13,238,381,53,2024-03-10
511,4,360,86,11,2024-06-08
512,22,136,25,59,2023-04-03
513,5,390,188,55,2025-09-26
514,30,136,383,23,2025-03-25
515,13,377,76,40,2022-11-04
516,28,44,432,40,2023-04-28
517,30,292,425,41,2024-05-16
518,13,410,194,48,2023-03-06
519,11,198,263,18,2025-05-16
520,14,79,231,47,2023-09-05
521,11,204,242,36,2022-06-12
522,27,127,209,20,2023-06-03
523,21,146,-433,30,2023-08-27
524,29,154,173,58,2022-04-02
525,16,418,92,42,2024-09-08
526,3,238,418,23,2022-05-01
527,20,290,59,16,2022-01-04
528,5,224,305,47,2023-01-23
529,26,121,311,27,2023-01-19
530,7,332,119,51,2024-06-16
531,1,62,357,33,2022-11-28
532,28,100,131,60,2024-01-16
533,21,53,368,50,2022-12-15
534,6,382,278,60,2024-02-11
535,2,204,94,18,2025-10-25
536,20,72,46,51,2022-08-25
537,29,270,340,53,2023-03-05
538,30,345,478,19,2024-01-17
539,16,395,500,23,2024-07-19
540,19,375,203,22,2023-01-25
541,11,393,153,14,2023-11-13
542,6,17,225,40,2023-09-04
543,29,228,418,40,2024-01-13
544,20,436,131,12,2023-03-25
545,26,222,138,60,2023-02-07
546,12,401,294,14,2023-05-15
547,17,149,106,27,2022-08-04
548,30,74,357,30,2023-02-10
549,7,309,455,13,2022-08-16
550,11,169,122,27,2024-04-25
551,18,110,442,20,2025-08-09
552,21,321,307,32,2023-02-01
553,6,97,213,13,2022-05-27
554,3,416,256,29,2024-08-06
555,29,63,390,33,2024-08-08
556,22,203,113,50,2025-09-23
557,21,417,358,39,2022-12-25
558,6,35,164,20,2023-01-12
559,8,117,263,59,2025-10-27
560,1,220,487,24,2022-01-25
561,6,336,286,44,2023-09-12
562,28,171,438,24,2023-02-13
563,7,265,383,14,2024-10-20
564,25,152,412,55,2022-08-04
565,30,40,179,19,2022-02-21
566,13,278,234,56,2023-09-26
567,20,22,223,27,2023-04-25
568,10,4,185,27,2024-04-04
569,2,31,209,11,2023-02-27
570,15,239,167,33,2024-10-28
571,4,221,319,52,2024-07-09
572,3,185,288,31,2022-05-28
573,30,350,447,27,2022-06-02
574,26,450,241,32,2025-09-01
575,2,392,11,49,2025-12-29
576,20,130,64,24,2024-03-03
577,18,151,183,37,2023-11-10
578,12,305,260,41,2024-04-28
579,28,231,486,53,2023-10-26
580,28,390,109,55,2025-09-08
581,19,66666,9,22,2023-02-18
582,2,440,131,22,2022-12-19
583,28,199,359,25,2025-06-27
584,18,106,401,40,2022-10-25
585,22,416,315,23,2025-05-01
586,22,155,263,47,2025-07-15
587,23,413,111,50,2024-05-25
588,4,235,463,25,2025-04-27
589,26,349,412,13,2025-12-26
590,11,211,28,48,2024-04-19
591,15,307,243,50,2022-06-11
592,30,39,203,21,2022-04-17
593,14,309,174,52,2023-07-06
594,29,232,221,54,2023-03-22
595,15,350,175,18,2025-11-25
596,5,261,277,43,2022-06-04
597,10,343,63,12,2024-11-10
598,30,42,371,17,2024-02-19
599,22,421,2,28,2022-05-05
600,21,357,390,30,2022-07-04
601,1,210,385,42,2025-04-02
602,5,377,47,17,2024-03-25
603,17,231,274,20,2024-01-29
604,16,205,242,30,2025-01-30
605,4,362,360,20,2025-03-29
606,17,182,54,21,2024-07-08
607,16,60,482,41,2024-11-12
608,13,84,291,12,2025-07-03
609,7,321,15,29,2023-10-18
610,7,293,154,30,2022-02-18
611,5,193,453,37,2023-08-17
612,22,283,407,46,2024-06-12
613,20,175,63,13,2022-12-29
614,6,228,259,38,2024-03-08
615,9,19,185,52,2024-04-03
616,23,374,319,22,2024-10-13
617,7,247,489,59,2025-08-16
618,19,47,221,55,2022-11-18
619,25,47,377,51,2025-06-17
620,10,194,411,18,2024-12-22
621,3,371,91,24,2022-03-14
622,13,65,234,17,2023-04-04
623,4,24,490,19,2023-01-04
624,8,29,364,52,2025-09-20
625,26,32,128,44,2025-04-03
626,21,408,221,26,2023-07-30
627,10,286,169,24,2025-01-20
628,22,362,60,39,2023-10-17
629,6,235,209,22,2023-03-31
630,7,143,297,21,2025-12-06
631,22,364,345,60,2023-06-09
632,9,444,487,20,2025-05-21
633,25,122,136,14,2024-04-17
634,27,410,325,12,2022-08-28
635,7,344,148,52,2025-08-27
636,19,118,473,29,2023-07-16
637,15,323,441,39,2023-12-15
638,19,203,266,16,2023-12-21
639,25,400,392,18,2022-09-27
640,6,244,263,58,2025-09-19
641,26,332,26,55,2025-07-05
642,18,260,85,33,2023-06-03
643,13,385,404,40,2023-03-07
644,7,117,329,30,2025-11-02
645,13,253,52,40,2022-10-06
646,24,392,48,48,2023-05-21
647,4,46,178,10,2025-11-27
648,21,390,242,26,2024-09-02
649,3,242,132,39,2022-08-29
650,8,390,169,27,2022-05-28
651,9,418,120,21,2025-02-11
652,3,42,351,47,2024-03-30
653,28,423,235,31,2022-03-02
654,12,26,243,19,2023-06-01
655,23,314,372,51,2025-12-07
656,28,249,275,58,2022-10-29
657,26,282,82,20,2022-10-09
658,14,323,139,13,2025-03-14
659,16,125,334,13,2024-03-09
660,25,429,334,47,2023-03-12
661,10,57,172,57,2023-10-26
662,8,203,249,33,2023-12-25
663,9,2,332,11,2025-12-09
664,7,231,180,34,2024-12-11
665,2,388,225,29,2023-02-03
666,15,102,451,30,2024-04-19
667,30,164,421,49,2022-09-30
668,3,15,189,57,2024-02-21
669,10,396,447,59,2024-08-04
670,13,443,399,13,2024-08-05
671,3,55,285,17,2023-06-04
672,16,260,326,37,2022-12-27
673,19,331,73,35,2022-10-24
674,16,16,82,21,2023-06-08
675,15,413,408,17,2022-05-08
676,16,407,163,55,2022-11-12
677,26,19,200,12,2024-04-08
678,27,310,252,22,2022-02-26
679,6,181,199,45,2025-08-15
680,26,398,83,44,2024-12-05
681,18,337,389,15,2023-05-03
682,11,430,451,21,2024-05-27
683,16,33,310,34,2023-12-24
684,1,268,459,56,2025-01-28
685,9,337,414,32,2022-05-20
686,9,250,147,42,2022-04-12
687,20,449,292,49,2022-07-05
688,15,284,89,33,2025-05-25
689,30,219,482,49,2024-07-28
690,29,122,305,60,2023-08-02
691,1,29,207,50,2023-12-12
692,24,348,55,50,2023-07-27
693,24,383,296,22,2024-10-28
694,5,256,391,28,2023-10-01
695,22,115,94,29,2022-02-24
696,21,216,345,17,2025-08-07
697,20,169,194,14,2022-03-25
698,27,276,139,39,2022-12-18
699,24,259,361,51,2022-08-28
700,2,22,88,42,2023-01-09
701,12,393,24,35,2023-11-01
702,22,209,71,21,2025-03-18
703,17,365,391,38,2022-10-05
704,24,120,94,12,2024-01-31
705,21,5,238,19,2022-10-11
706,17,21,90,23,2022-05-27
707,10,408,220,48,2025-03-04
708,3,290,108,13,2023-11-04
709,23,273,300,60,2025-11-30
710,16,370,78,51,2024-12-27
711,6,175,427,37,2023-02-12
712,8,228,305,51,2022-09-22
713,8,57,-71,20,2025-06-29
714,24,330,458,60,2022-05-19
715,10,66666,391,26,2025-08-17
716,2,233,144,49,2024-09-18
717,23,365,-291,25,2025-01-10
718,13,100,273,35,2025-10-30
719,5,412,322,28,2023-05-20
720,2,198,431,55,2022-11-25
721,6,278,328,55,2023-02-01
722,30,146,309,41,2025-02-23
723,30,320,120,20,2024-06-14
724,15,214,377,60,2023-05-07
725,11,61,434,53,2023-01-24
726,18,15,63,20,2022-07-05
727,26,89,347,15,2025-01-14
728,25,32,111,26,2023-07-08
729,20,339,121,17,2023-12-31
730,25,128,135,52,2022-02-19
731,20,357,261,30,2023-06-16
732,4,132,380,28,2024-07-10
733,26,15,210,22,2025-05-31
734,27,275,376,42,2024-09-09
735,12,405,442,22,2025-07-31
736,22,83,451,14,2022-10-06
737,9,20,190,60,2023-12-11
738,28,24,82,46,2024-09-12
739,16,55,130,47,2023-07-10
740,2,272,456,48,2025-05-29
741,20,48,323,45,2022-06-30
742,15,115,152,45,2022-12-23
743,27,421,463,10,2022-06-09
744,21,346,91,18,2022-08-16
745,9,6,128,32,2023-06-06
746,10,212,192,49,2023-04-24
747,17,435,391,18,2023-01-31
748,13,265,268,38,2024-09-15
749,8,432,445,27,2024-05-19
750,24,347,313,31,2025-08-10
751,5,79,116,12,2022-01-25
752,21,225,289,40,2022-10-18
753,7,184,318,15,2025-10-28
754,20,353,307,26,2022-03-13
755,1,313,10,26,2025-06-30
756,22,111,266,31,2024-02-18
757,11,399,405,54,2023-11-26
758,5,406,371,26,2022-06-04
759,30,424,296,60,2024-08-05
760,3,307,422,27,2023-05-15
761,3,35,211,46,2022-05-03
762,28,373,488,16,2025-10-05
763,19,137,362,11,2023-09-11
764,27,120,359,50,2023-01-19
765,12,376,60,56,2024-03-12
766,26,330,333,60,2025-01-14
767,30,201,407,27,2025-04-28
768,8,50,176,25,2024-03-08
769,20,40,213,47,2024-05-13
770,1,233,187,53,2025-01-17
771,5,139,306,36,2025-09-26
772,23,398,19,42,2023-12-03
773,20,441,497,35,2025-03-19
774,7,359,180,30,2023-10-01
775,10,385,438,42,2023-08-15
776,7,103,101,54,2022-12-24
777,25,288,444,30,2022-09-05
778,5,385,117,50,2024-11-27
779,24,209,430,11,2025-09-06
780,22,75,242,50,2025-06-01
781,23,397,-136,28,2024-03-02
782,23,200,273,41,2024-01-16
783,1,172,162,42,2024-12-03
784,23,410,9,51,2022-01-31
785,13,406,206,47,2024-01-21
786,1,287,104,52,2025-06-15
787,29,386,311,60,2025-10-16
788,4,224,345,11,2024-08-29
789,8,64,160,38,2023-01-15
790,24,119,55,23,2023-11-25
791,5,175,57,10,2025-10-23
792,15,420,181,52,2023-08-20
793,10,414,119,36,2024-03-27
794,22,66666,312,23,2024-07-28
795,26,353,471,48,2024-05-16
796,20,251,334,48,2024-07-24
797,3,82,441,51,2022-07-24
798,15,271,494,37,2023-04-30
799,17,433,26,38,2022-10-21
800,11,168,290,17,2022-07-16
801,2,377,420,50,2022-05-14
802,27,337,95,43,2022-01-23
803,8,411,418,56,2025-10-25
804,16,340,431,47,2022-08-16
805,18,355,358,53,2025-02-20
806,16,50,265,36,2024-09-17
807,10,315,76,55,2023-08-15
808,26,85,419,10,2025-03-22
809,10,72,111,45,2025-08-14
810,11,419,307,40,2024-01-29
811,9,42,161,49,2024-08-12
812,7,414,472,48,2024-02-22
813,27,449,137,14,2022-08-29
814,30,243,364,23,2022-02-11
815,12,113,72,54,2022-12-27
816,9,391,192,20,2022-01-19
817,20,196,104,48,2022-09-19
818,17,397,244,24,2023-05-18
819,22,298,183,55,2025-10-27
820,11,161,337,42,2024-12-03
821,3,315,96,58,2024-02-07
822,7,224,47,15,2025-12-29
823,3,352,170,48,2025-12-26
824,17,218,247,52,2022-04-13
825,20,255,257,55,2023-07-08
826,10,182,48,45,2025-06-27
827,8,108,56,21,2022-06-09
828,11,448,311,20,2022-07-19
829,22,62,375,24,2023-12-04
830,2,333,261,39,2024-04-10
831,17,198,111,27,2022-12-22
832,28,81,383,23,2023-10-31
833,10,445,5,45,2025-02-08
834,11,79,79,54,2022-03-15
835,30,305,289,38,2024-02-12
836,22,57,208,25,2023-01-13
837,30,47,334,45,2025-02-23
838,5,182,39,48,2023-06-12
839,29,271,391,31,2025-03-19
840,9,262,119,41,2025-03-17
841,21,43,380,40,2024-10-22
842,8,425,18,31,2022-04-06
843,5,153,300,21,2025-02-10
844,4,379,258,30,2022-01-20
845,16,106,326,32,2025-09-08
846,28,441,190,29,2025-02-16
847,12,375,223,26,2025-05-03
848,16,100,343,20,2022-08-06
849,15,418,423,57,2024-07-03
850,25,193,82,32,2022-12-05
851,27,303,384,54,2025-05-21
852,4,66666,255,44,2025-05-21
853,22,317,8,12,2025-03-31
854,25,36,476,31,2024-07-26
855,22,428,89,53,2025-02-28
856,13,10,316,28,2022-03-08
857,26,343,374,28,2022-09-24
858,12,180,338,57,2024-03-25
859,20,244,260,37,2023-01-09
860,29,144,379,29,2025-04-18
861,15,448,360,20,2025-05-24
862,29,61,483,35,2024-06-18
863,21,178,251,38,2022-12-25
864,27,60,208,55,2023-03-01
865,29,379,275,16,2024-09-02
866,8,216,300,52,2024-06-24
867,2,259,349,46,2023-07-25
868,28,73,473,30,2025-05-10
869,13,81,246,15,2025-12-13
870,15,258,369,55,2023-12-31
871,29,54,4,31,2023-06-19
872,11,400,305,31,2025-10-31
873,8,125,259,48,2024-03-05
874,24,156,333,56,2024-04-28
875,27,194,246,22,2022-04-23
876,23,45,203,49,2022-01-18
877,8,339,91,48,2024-08-18
878,6,296,76,59,2022-12-25
879,28,352,166,42,2025-05-05
880,6,66666,180,19,2022-12-02
881,25,96,223,38,2022-05-14
882,29,5,464,26,2022-09-23
883,8,394,421,48,2023-02-23
884,13,118,131,45,2022-03-16
885,28,178,-334,33,2025-04-23
886,16,74,264,50,2023-01-04
887,25,18,339,32,2022-04-10
888,25,248,251,26,2025-05-06
889,3,100,148,27,2022-07-29
890,27,225,494,26,2023-07-21
891,30,295,351,58,2025-02-22
892,9,234,166,24,2024-06-18
893,30,7,328,54,2024-04-21
894,15,149,273,14,2024-07-18
895,23,95,383,59,2024-04-01
896,7,381,430,33,2023-09-23
897,9,156,217,35,2024-02-09
898,29,66666,17,24,2023-12-18
899,15,368,470,57,2025-04-24
900,17,317,417,46,2023-11-15
901,8,422,345,58,2022-02-07
902,30,425,354,22,2025-04-27
903,17,148,36,12,2024-03-13
904,2,345,203,31,2024-09-01
905,28,274,8,31,2025-03-08
906,22,169,472,42,2022-12-11
907,30,102,484,45,2022-10-28
908,28,15,93,24,2023-02-04
909,21,274,474,19,2025-12-14
910,8,355,287,33,2025-08-31
911,17,256,336,20,2022-10-26
912,12,423,48,26,2023-01-04
913,8,7,253,32,2023-01-24
914,20,119,348,36,2025-12-25
915,20,233,2,24,2025-06-25
916,9,154,333,13,2023-11-24
917,17,247,312,24,2023-08-25
918,11,73,224,22,2023-12-06
919,28,160,423,47,2023-08-03
920,5,138,262,34,2023-06-25
921,14,150,427,21,2024-08-05
922,13,91,358,37,2023-10-09
923,30,245,59,48,2022-11-30
924,19,380,67,23,2024-04-26
925,3,377,9,36,2025-11-01
926,4,448,403,42,2025-02-08
927,18,182,81,37,2023-02-04
928,26,147,415,22,2025-05-13
929,1,102,118,24,2023-11-26
930,8,315,307,15,2022-02-08
931,16,442,453,36,2023-11-25
932,20,122,50,13,2024-06-20
933,16,326,146,50,2023-06-30
934,16,348,422,39,2022-03-07
935,13,7,220,49,2024-01-14
936,8,384,34,35,2023-02-28
937,22,276,280,31,2023-05-21
938,29,136,279,23,2025-11-09
939,14,203,180,44,2025-03-25
940,11,292,498,48,2022-05-26
941,18,333,427,55,2025-08-24
942,18,361,269,15,2023-07-02
943,30,374,316,16,2024-08-20
944,2,446,450,52,2024-08-13
945,30,274,277,45,2023-12-24
946,6,428,345,33,2025-05-01
947,8,181,469,42,2023-11-08
948,1,243,52,17,2025-10-19
949,29,179,50,21,2025-03-13
950,14,53,315,39,2023-02-02
951,28,116,319,54,2022-11-08
952,26,295,456,52,2024-07-14
953,20,64,54,41,2024-10-29
954,19,416,420,46,2025-02-11
955,17,205,103,25,2024-09-14
956,6,432,409,14,2024-04-28
957,14,105,112,58,2023-05-03
958,7,235,74,27,2022-09-10
959,9,400,112,35,2024-12-23
960,8,101,374,50,2022-02-18
961,22,257,418,24,2023-07-08
962,4,418,286,57,2022-11-25
963,16,139,245,25,2025-05-03
964,17,240,292,44,2023-05-17
965,9,87,2,19,2023-06-14
966,8,12,71,52,2022-07-15
967,7,403,447,21,2023-09-30
968,26,54,228,35,2025-10-09
969,14,2,268,31,2025-06-27
970,9,29,59,59,2025-02-09
971,21,267,175,47,2023-03-03
972,14,407,431,13,2025-12-29
973,21,280,333,30,2025-09-21
974,3,192,473,13,2022-09-10
975,3,1,288,28,2023-12-18
976,17,309,326,51,2025-03-05
977,6,431,265,25,2023-11-24
978,18,344,481,12,2024-03-15
979,25,116,435,19,2024-04-20
980,24,32,302,36,2024-02-24
981,10,20,164,51,2025-07-16
982,5,284,470,26,2022-08-06
983,3,378,22,17,2023-02-23
984,19,215,401,22,2022-04-11
985,21,88,474,32,2022-07-13
986,18,408,450,28,2024-09-02
987,4,233,414,41,2025-08-21
988,4,299,409,36,2022-05-26
989,5,287,-378,50,2025-09-26
990,21,395,-260,44,2022-06-04
991,13,29,143,20,2023-09-28
992,6,170,222,20,2022-03-08
993,18,57,175,47,2025-03-25
994,5,342,221,40,2025-11-14
995,23,226,213,41,2024-03-09
996,26,70,220,40,2025-04-29
997,30,176,419,41,2023-04-15
998,3,117,395,30,2023-10-18
999,9,215,363,26,2022-03-13
1000,5,415,393,39,2023-06-24
1001,6,1,414,12,2022-02-28
1002,23,161,109,54,2024-02-11
1003,10,227,26,11,2023-06-28
1004,21,426,492,24,2024-06-01
1005,6,238,34,17,2023-09-18
1006,9,53,366,52,2022-11-20
1007,9,362,385,54,2024-07-18
1008,3,68,436,37,2022-10-25
1009,19,211,460,16,2025-09-14
1010,30,83,342,52,2022-10-31
1011,2,393,156,42,2025-05-29
1012,25,51,275,26,2022-02-26
1013,1,31,278,53,2024-11-09
1014,13,102,273,45,2025-01-24
1015,22,85,374,51,2024-12-31
1016,25,184,313,18,2024-07-26
1017,22,417,277,20,2025-09-28
1018,17,236,167,40,2024-03-15
1019,22,280,134,10,2025-06-06
1020,25,283,419,10,2025-12-30
1021,5,76,368,46,2024-10-11
1022,30,448,208,19,2024-04-13
1023,12,11,100,46,2022-08-01
1024,29,231,228,44,2025-07-01
1025,10,247,319,44,2024-05-21
1026,29,124,45,29,2025-11-01
1027,25,86,469,16,2025-02-02
1028,23,351,449,33,2022-09-04
1029,23,105,36,54,2025-07-23
1030,8,137,235,41,2025-03-24
1031,6,24,300,28,2022-01-31
1032,15,321,167,27,2025-08-01
1033,29,286,242,36,2023-04-21
1034,17,369,254,45,2023-09-20
1035,22,112,351,36,2025-03-30
1036,4,55,334,26,2024-05-15
1037,15,392,355,47,2024-05-09
1038,3,353,397,31,2025-06-09
1039,29,354,8,42,2023-09-21
1040,15,32,431,35,2025-01-03
1041,6,76,472,21,2023-07-13
1042,24,337,293,29,2023-12-28
1043,2,361,148,31,2025-05-27
1044,26,20,265,55,2024-05-20
1045,14,3,347,26,2023-10-08
1046,25,142,1,45,2022-12-26
1047,13,66666,180,56,2023-01-01
1048,11,25,140,36,2023-01-16
1049,18,124,293,48,2022-12-12
1050,4,288,499,34,2024-07-21
1051,4,312,245,30,2022-11-05
1052,2,111,67,32,2025-12-30
1053,28,165,95,58,2022-01-15
1054,13,227,83,43,2025-06-15
1055,6,141,309,47,2022-01-07
1056,7,286,6,18,2023-05-10
1057,13,296,133,49,2024-08-08
1058,1,420,207,31,2024-06-01
1059,15,249,251,47,2024-01-01
1060,12,294,408,40,2024-09-01
1061,20,143,114,51,2025-10-23
1062,30,436,32,25,2023-10-31
1063,1,215,397,26,2023-10-19
1064,21,62,90,45,2024-07-13
1065,18,432,215,14,2025-04-22
1066,2,61,177,60,2024-10-27
1067,16,385,32,49,2022-12-23
1068,3,446,236,57,2025-12-14
1069,9,288,446,29,2024-09-16
1070,26,191,160,34,2022-01-11
1071,16,215,235,36,2022-05-18
1072,6,207,72,30,2024-05-10
1073,6,196,463,12,2025-10-08
1074,5,429,344,15,2025-02-10
1075,2,93,317,23,2023-03-29
1076,19,429,459,47,2023-01-15
1077,23,34,399,40,2024-08-29
1078,29,272,172,35,2023-06-04
1079,28,258,490,33,2023-10-21
1080,27,401,430,14,2023-12-30
1081,24,417,118,47,2022-04-03
1082,3,404,341,55,2025-11-10
1083,23,256,196,54,2022-03-18
1084,19,279,337,36,2025-09-12
1085,4,73,471,56,2024-06-11
1086,3,173,85,29,2025-01-25
1087,24,314,250,42,2025-10-02
1088,8,157,7,18,2024-03-26
1089,27,400,331,53,2024-10-23
1090,25,89,333,12,2024-03-06
1091,25,303,311,15,2022-10-22
1092,8,244,329,35,2023-03-18
1093,30,55,257,34,2023-10-26
1094,6,50,131,36,2025-02-04
1095,7,150,455,23,2025-12-27
1096,6,185,36,39,2023-10-22
1097,23,126,235,43,2022-05-15
1098,14,355,326,24,2025-05-27
1099,9,82,392,33,2023-04-21
1100,16,426,83,57,2023-07-23
1101,6,271,113,14,2024-12-22
1102,23,353,-53,22,2025-09-24
1103,2,159,111,33,2023-11-16
1104,14,114,418,34,2024-07-10
1105,29,369,217,47,2022-03-26
1106,20,36,59,51,2022-04-06
1107,15,86,183,43,2023-03-16
1108,5,386,417,27,2025-03-31
1109,30,137,245,11,2024-02-20
1110,1,51,220,48,2025-08-23
1111,20,413,174,29,2025-07-18
1112,29,88,316,34,2024-08-27
1113,29,81,231,26,2025-10-20
1114,26,298,227,31,2023-07-11
1115,23,224,-158,31,2023-11-24
1116,28,410,99,58,2025-01-07
1117,24,363,487,36,2022-06-18
1118,6,360,337,15,2025-12-23
1119,22,288,342,11,2023-03-02
1120,12,124,205,36,2024-08-29
1121,8,170,432,10,2025-11-20
1122,1,100,245,27,2023-03-17
1123,24,65,472,28,2024-06-15
1124,24,428,10,54,2025-07-19
1125,13,187,358,37,2023-07-12
1126,1,186,41,28,2025-12-28
1127,1,239,447,26,2022-05-12
1128,19,86,35,53,2024-01-24
1129,17,72,290,22,2022-03-09
1130,24,184,146,22,2022-08-15
1131,1,35,232,40,2025-03-23
1132,24,291,37,56,2023-05-26
1133,7,37,-221,46,2025-01-09
1134,24,376,279,11,2024-10-26
1135,28,56,168,19,2023-04-22
1136,29,341,327,26,2023-11-21
1137,23,26,492,20,2024-08-29
1138,12,108,104,48,2022-08-28
1139,1,258,431,19,2025-01-08
1140,13,235,410,27,2024-11-06
1141,5,15,78,38,2023-11-10
1142,18,273,204,25,2025-04-06
1143,8,44,238,17,2023-08-16
1144,5,353,245,40,2022-11-24
1145,6,258,91,47,2025-06-25
1146,6,252,140,14,2025-02-04
1147,18,211,44,59,2025-10-05
1148,23,265,2,46,2025-12-30
1149,3,267,365,56,2024-09-23
1150,23,252,147,58,2022-06-19
1151,22,363,247,13,2022-01-09
1152,5,375,315,26,2023-12-06
1153,2,10,111,53,2024-02-28
1154,17,11,92,47,2024-10-30
1155,21,81,104,23,2022-07-27
1156,2,60,144,43,2023-06-08
1157,1,61,407,16,2024-09-17
1158,29,428,78,19,2024-10-24
1159,3,25,220,24,2025-05-18
1160,26,309,228,45,2024-05-24
1161,2,313,500,39,2024-07-27
1162,3,191,48,56,2023-01-12
1163,27,348,36,25,2023-05-10
1164,18,204,84,42,2025-09-21
1165,27,297,311,20,2023-12-12
1166,24,374,137,27,2022-08-12
1167,29,186,356,16,2025-04-08
1168,3,207,126,58,2022-06-25
1169,19,59,26,10,2023-03-27
1170,12,174,65,56,2023-09-05
1171,23,134,155,35,2025-01-22
1172,22,429,178,29,2023-11-29
1173,3,60,318,40,2023-11-08
1174,3,403,422,53,2025-01-30
1175,1,277,438,59,2023-08-27
1176,9,406,147,45,2023-04-25
1177,3,62,264,15,2023-11-05
1178,26,33,24,39,2024-11-12
1179,30,193,-103,23,2022-05-18
1180,17,410,114,38,2023-10-03
1181,23,216,95,57,2024-07-08
1182,5,354,258,58,2023-07-20
1183,30,89,40,22,2022-03-01
1184,30,187,293,13,2025-03-10
1185,5,249,389,44,2022-03-07
1186,10,119,493,30,2023-05-16
1187,14,268,63,13,2023-05-16
1188,21,351,484,13,2023-03-12
1189,10,293,236,38,2025-04-24
1190,4,291,173,16,2023-09-29
1191,18,221,101,10,2024-10-02
1192,15,401,69,13,2022-05-27
1193,26,287,242,43,2023-03-26
1194,28,305,272,58,2024-07-02
1195,18,145,414,18,2023-03-25
1196,6,404,241,34,2025-02-17
1197,27,178,140,48,2025-11-10
1198,10,104,410,42,2024-05-14
1199,14,251,38,29,2024-11-28
1200,10,349,286,18,2022-01-09
1201,22,357,477,52,2025-05-25
1202,4,177,64,46,2022-10-06
1203,23,127,478,28,2025-09-17
1204,8,337,205,60,2023-09-20
1205,18,356,401,13,2025-02-28
1206,11,297,287,41,2022-01-02
1207,6,16,3,11,2024-09-01
1208,1,39,233,31,2023-10-10
1209,30,271,322,33,2022-05-06
1210,13,156,465,42,2022-07-14
1211,22,213,494,59,2022-02-07
1212,27,447,44,49,2025-08-29
1213,12,252,287,25,2025-08-10
1214,22,294,188,15,2024-05-22
1215,11,273,270,17,2025-04-19
1216,27,281,190,59,2025-11-12
1217,9,158,494,46,2023-11-29
1218,20,31,402,50,2024-06-05
1219,5,364,55,55,2024-04-10
1220,16,213,490,55,2022-09-17
1221,9,63,15,26,2023-09-21
1222,17,27,119,54,2025-11-13
1223,18,162,41,32,2024-10-04
1224,10,149,340,54,2022-09-05
1225,30,294,375,50,2022-11-21
1226,21,382,373,31,2023-09-08
1227,24,11,-274,18,2024-04-14
1228,24,94,155,60,2022-08-21
1229,8,224,27,52,2024-08-20
1230,2,150,183,21,2022-12-28
1231,22,64,98,57,2023-12-09
1232,23,434,90,10,2023-07-22
1233,22,430,179,25,2022-07-27
1234,25,266,263,11,2022-09-02
1235,10,255,139,56,2024-08-19
1236,10,234,461,22,2024-04-23
1237,4,156,304,17,2024-08-21
1238,5,88,170,15,2022-11-02
1239,8,399,395,45,2025-06-09
1240,29,380,99,31,2025-11-29
1241,11,397,63,28,2024-01-28
1242,13,141,480,50,2022-06-13
1243,11,149,382,41,2022-09-30
1244,13,52,439,43,2024-02-24
1245,25,210,340,34,2023-11-17
1246,9,164,23,22,2024-10-10
1247,9,380,449,48,2023-08-20
1248,7,35,129,29,2022-01-24
1249,24,223,194,15,2025-03-30
1250,5,215,128,21,2025-05-01
1251,21,439,304,51,2023-12-25
1252,13,96,297,38,2023-03-01
1253,13,340,364,42,2022-07-09
1254,24,292,9,43,2022-06-05
1255,3,301,101,32,2025-03-04
1256,16,368,422,52,2022-10-12
1257,9,333,423,14,2025-08-04
1258,20,338,106,59,2025-09-03
1259,19,448,20,60,2023-11-02
1260,5,21,298,54,2022-04-12
1261,2,90,134,20,2024-08-28
1262,28,341,-366,41,2024-01-21
1263,22,66,258,56,2024-06-21
1264,2,163,79,18,2024-07-19
1265,19,324,41,44,2023-10-03
1266,10,284,237,56,2024-05-22
1267,20,211,481,40,2022-07-30
1268,20,127,30,53,2025-11-30
1269,3,245,317,46,2022-02-17
1270,24,63,418,56,2022-06-28
1271,22,158,410,32,2022-11-15
1272,11,91,453,37,2024-09-21
1273,18,299,347,34,2025-09-29
1274,25,345,285,16,2023-10-25
1275,30,23,51,44,2025-06-17
1276,28,58,-375,42,2024-03-24
1277,25,261,133,42,2025-04-15
1278,24,33,490,26,2024-08-02
1279,29,165,175,51,2024-08-12
1280,11,365,410,53,2023-09-01
1281,28,4,309,58,2023-02-12
1282,10,237,294,59,2023-03-12
1283,17,370,384,57,2023-01-24
1284,22,374,-32,42,2024-02-19
1285,14,243,3,56,2025-08-12
1286,19,83,280,52,2022-07-30
1287,16,37,170,33,2022-05-28
1288,22,195,181,26,2024-09-22
1289,6,219,380,38,2022-03-17
1290,9,376,287,10,2023-03-31
1291,7,142,262,35,2025-03-07
1292,8,140,480,58,2022-10-20
1293,19,319,195,34,2025-02-06
1294,30,37,404,29,2023-03-07
1295,22,242,268,40,2025-01-28
1296,16,303,189,36,2023-06-04
1297,26,339,416,40,2023-08-18
1298,18,396,262,31,2024-03-15
1299,20,447,237,28,2024-07-05
1300,27,146,343,34,2024-01-26
1301,11,207,251,19,2025-01-16
1302,24,220,471,19,2023-07-05
1303,11,53,482,18,2025-08-29
1304,4,416,223,44,2024-06-04
1305,4,424,158,22,2022-10-13
1306,16,122,197,30,2025-11-27
1307,15,51,239,15,2022-02-11
1308,20,27,-19,22,2022-07-19
1309,21,97,156,53,2023-01-16
1310,29,398,497,29,2024-01-04
1311,11,278,252,52,2023-02-18
1312,22,10,498,26,2025-04-06
1313,4,356,397,29,2024-06-13
1314,17,252,249,14,2024-06-02
1315,9,70,110,13,2022-07-10
1316,2,404,367,10,2024-01-17
1317,4,399,80,13,2022-12-29
1318,10,135,36,20,2024-11-28
1319,28,149,106,36,2023-07-22
1320,26,438,341,29,2022-03-26
1321,28,253,420,23,2023-10-22
1322,12,229,124,19,2025-03-25
1323,9,155,289,15,2025-04-29
1324,17,18,434,36,2023-10-27
1325,23,439,138,58,2024-12-01
1326,8,300,275,14,2024-02-18
1327,26,387,-145,21,2022-09-23
1328,15,313,174,55,2024-02-06
1329,5,253,-267,19,2025-10-03
1330,17,128,353,10,2024-08-10
1331,23,117,208,44,2023-12-22
1332,24,341,203,12,2025-12-09
1333,20,419,77,19,2025-09-08
1334,12,265,51,19,2024-02-18
1335,21,55,251,18,2022-12-10
1336,2,187,239,40,2024-06-10
1337,18,417,93,50,2025-08-28
1338,13,301,410,29,2025-02-05
1339,1,446,56,17,2024-05-02
1340,27,113,279,15,2025-04-28
1341,2,100,484,22,2023-12-14
1342,18,74,341,37,2024-11-29
1343,23,133,197,11,2022-10-25
1344,28,202,385,10,2022-07-13
1345,4,343,197,26,2024-05-25
1346,17,306,323,12,2024-06-29
1347,7,348,217,13,2025-04-21
1348,11,340,442,24,2022-08-17
1349,23,325,214,38,2022-05-09
1350,23,209,206,10,2022-06-24
1351,6,106,259,48,2022-12-16
1352,15,58,456,22,2025-02-22
1353,25,441,86,36,2025-02-14
1354,22,2,476,55,2025-06-27
1355,7,120,285,15,2022-05-21
1356,24,186,146,58,2022-04-19
1357,25,257,150,14,2023-03-19
1358,27,10,20,53,2025-11-15
1359,29,147,466,46,2023-01-09
1360,16,371,44,44,2022-12-15
1361,1,254,107,35,2022-09-26
1362,14,95,489,38,2022-04-20
1363,15,8,51,20,2025-05-31
1364,24,81,425,55,2024-06-09
1365,30,159,456,44,2025-01-05
1366,4,76,301,60,2024-06-26
1367,27,326,262,30,2023-07-19
1368,8,23,293,12,2022-12-20
1369,17,64,473,46,2022-07-12
1370,25,298,306,15,2024-05-06
1371,1,373,359,33,2025-08-08
1372,13,240,182,39,2024-03-07
1373,15,220,499,39,2023-04-01
1374,18,419,352,21,2023-10-07
1375,18,346,231,48,2023-12-09
1376,28,318,198,43,2023-01-14
1377,29,114,448,31,2022-06-19
1378,13,289,288,21,2024-07-26
1379,6,5,18,28,2025-09-05
1380,4,427,253,28,2023-01-26
1381,23,269,431,33,2025-03-24
1382,18,413,92,26,2023-02-22
1383,22,307,49,32,2024-04-02
1384,23,229,-472,34,2022-07-08
1385,11,288,451,36,2024-02-07
1386,8,133,432,58,2023-01-08
1387,3,4,484,25,2023-01-13
1388,8,31,17,53,2023-12-07
1389,27,406,498,16,2024-07-22
1390,25,215,392,11,2025-07-25
1391,20,56,400,35,2022-08-06
1392,1,237,430,30,2022-07-16
1393,29,242,275,27,2022-06-12
1394,7,173,127,10,2022-06-25
1395,30,241,239,16,2022-10-03
1396,5,327,387,35,2025-10-22
1397,29,364,206,42,2025-07-11
1398,18,368,213,26,2023-01-14
1399,1,331,492,45,2025-01-06
1400,10,268,479,39,2025-10-18
1401,12,233,178,30,2023-05-07
1402,25,341,20,10,2024-06-17
1403,17,277,372,28,2025-05-10
1404,9,314,293,59,2024-10-17
1405,11,117,90,23,2024-07-18
1406,15,205,472,51,2025-02-06
1407,19,414,78,41,2024-11-19
1408,10,388,195,51,2025-04-14
1409,30,184,84,23,2022-09-19
1410,12,194,466,33,2023-10-12
1411,12,7,343,39,2025-05-12
1412,2,214,154,32,2025-05-04
1413,19,164,51,40,2025-08-14
1414,30,260,444,50,2024-05-12
1415,28,59,481,11,2022-03-20
1416,4,320,134,22,2024-07-23
1417,26,90,191,41,2024-02-05
1418,11,177,306,39,2025-03-19
1419,19,213,48,17,2025-05-21
1420,20,103,-377,45,2025-07-28
1421,19,249,421,29,2025-02-12
1422,15,143,183,30,2023-12-26
1423,9,89,111,32,2022-05-16
1424,24,267,317,36,2023-12-17
1425,20,49,384,16,2024-06-08
1426,16,88,317,58,2024-05-31
1427,17,220,264,60,2024-09-06
1428,1,269,10,49,2023-10-26
1429,3,366,442,23,2025-09-15
1430,13,199,100,55,2023-12-23
1431,5,268,288,19,2025-02-04
1432,23,94,432,42,2022-07-11
1433,29,105,390,53,2022-06-04
1434,17,216,97,44,2023-06-07
1435,28,86,29,20,2025-02-17
1436,20,421,267,54,2023-08-22
1437,25,195,379,20,2024-03-10
1438,27,364,292,24,2025-05-30
1439,20,113,201,47,2025-08-22
1440,16,104,49,14,2023-08-26
1441,30,328,72,31,2023-09-17
1442,4,194,145,25,2025-09-01
1443,16,66666,373,33,2022-01-04
1444,20,109,164,26,2022-01-06
1445,6,100,85,53,2022-10-29
1446,7,145,114,58,2025-08-18
1447,23,205,90,44,2023-06-23
1448,26,56,362,16,2022-10-12
1449,24,136,474,20,2022-03-20
1450,10,359,447,33,2023-01-14
1451,28,317,262,24,2022-11-01
1452,19,269,103,59,2024-10-25
1453,10,101,20,16,2022-09-13
1454,10,131,309,13,2023-08-07
1455,14,419,288,27,2023-11-08
1456,10,121,91,15,2025-01-09
1457,24,31,432,19,2024-12-11
1458,4,374,296,25,2023-10-16
1459,14,93,234,15,2024-12-21
1460,7,108,141,16,2022-05-29
1461,17,190,332,59,2023-02-05
1462,22,231,96,12,2025-08-04
1463,1,66666,210,40,2025-10-03
1464,17,250,312,26,2023-10-30
1465,14,338,214,42,2024-09-12
1466,2,183,322,45,2024-06-24
1467,27,77,112,25,2022-03-07
1468,26,254,93,55,2023-11-02
1469,9,218,314,41,2024-01-24
1470,6,147,4,23,2025-09-08
1471,13,30,269,38,2022-04-06
1472,19,122,395,46,2024-12-02
1473,22,202,109,17,2023-10-20
1474,18,388,94,40,2022-04-22
1475,9,351,188,34,2023-05-16
1476,19,374,199,37,2022-11-23
1477,26,21,359,17,2025-03-13
1478,15,25,334,49,2024-03-22
1479,11,101,131,17,2024-01-04
1480,26,376,39,12,2025-11-26
1481,27,389,307,14,2025-11-06
1482,28,176,462,39,2025-10-20
1483,14,173,139,18,2024-07-15
1484,23,171,222,20,2023-03-31
1485,4,397,1,27,2022-11-05
1486,21,438,387,36,2024-10-03
1487,13,288,-275,13,2022-05-23
1488,14,88,106,52,2024-07-01
1489,10,1,153,40,2024-07-19
1490,15,312,372,17,2025-10-08
1491,28,322,344,23,2024-07-25
1492,14,66666,128,29,2023-01-08
1493,12,284,130,43,2025-08-29
1494,13,225,444,20,2022-11-27
1495,13,157,473,53,2025-09-27
1496,11,17,422,17,2023-05-01
1497,17,350,192,23,2025-10-01
1498,28,155,56,58,2022-10-29
1499,29,308,177,24,2025-04-28
1500,15,137,455,26,2024-09-20
1501,26,363,46,38,2022-05-04
1502,20,343,490,14,2024-02-17
1503,8,268,240,34,2024-12-30
1504,18,61,217,48,2023-11-22
1505,21,292,4,33,2025-07-05
1506,15,293,137,48,2024-12-01
1507,2,230,193,44,2022-03-24
1508,9,79,335,37,2024-06-11
1509,6,325,231,19,2023-01-16
1510,26,393,186,56,2023-08-23
1511,9,198,298,27,2024-06-18
1512,4,331,298,17,2025-11-23
1513,5,55,304,52,2022-02-12
1514,24,99,480,50,2025-12-28
1515,20,291,21,24,2022-06-12
1516,27,145,395,33,2025-09-10
1517,26,432,106,35,2024-08-16
1518,11,272,37,31,2024-03-06
1519,20,123,368,52,2025-02-01
1520,16,329,254,48,2024-05-14
1521,16,195,177,59,2024-03-14
1522,19,192,280,47,2025-08-05
1523,23,274,54,23,2023-05-30
1524,30,172,-399,48,2024-11-07
1525,24,192,151,50,2024-10-07
1526,26,307,145,46,2025-01-24
1527,6,108,139,15,2024-02-23
1528,21,100,207,26,2025-08-08
1529,20,68,418,39,2023-09-12
1530,20,332,263,37,2025-12-29
1531,22,439,193,42,2024-10-21
1532,25,113,277,41,2023-07-19
1533,13,33,65,60,2022-05-09
1534,10,169,116,60,2023-10-31
1535,22,31,159,40,2024-03-07
1536,23,109,320,10,2024-12-07
1537,3,129,324,52,2024-11-01
1538,13,89,53,40,2025-09-23
1539,27,217,330,18,2023-08-11
1540,20,360,247,11,2024-10-05
1541,19,401,209,18,2024-02-03
1542,5,83,107,57,2024-02-16
1543,29,417,168,58,2024-01-31
1544,3,296,401,60,2022-07-10
1545,19,157,25,17,2023-09-21
1546,7,61,208,40,2022-05-03
1547,24,243,50,20,2023-06-04
1548,2,54,470,13,2023-11-14
1549,28,337,398,38,2022-08-31
1550,26,351,361,35,2025-04-13
1551,6,259,175,54,2023-04-12
1552,26,431,342,59,2025-04-09
1553,18,223,181,51,2024-11-05
1554,20,81,361,14,2025-05-30
1555,2,52,62,35,2023-09-30
1556,7,69,359,37,2022-11-29
1557,2,96,27,30,2024-05-04
1558,1,27,143,16,2022-06-30
1559,18,97,288,58,2025-11-22
1560,21,174,478,30,2024-09-22
1561,19,201,254,31,2024-10-05
1562,9,229,206,13,2025-11-06
1563,23,143,375,37,2025-02-20
1564,11,152,147,29,2023-11-13
1565,28,245,331,45,2023-04-10
1566,1,348,343,57,2024-06-09
1567,26,322,253,11,2025-04-27
1568,25,81,323,26,2022-04-08
1569,14,384,216,50,2023-09-10
1570,8,190,299,18,2023-07-05
1571,8,347,354,50,2024-03-06
1572,29,299,415,51,2024-06-02
1573,25,205,294,31,2024-10-18
1574,5,439,240,42,2022-11-02
1575,24,160,415,43,2023-05-27
1576,5,75,104,40,2025-03-31
1577,28,377,134,13,2025-06-17
1578,23,384,325,60,2023-11-18
1579,18,129,173,24,2023-11-26
1580,13,337,278,26,2022-08-07
1581,17,33,400,48,2025-07-27
1582,3,119,16,54,2022-08-28
1583,6,226,289,57,2022-10-07
1584,9,257,484,43,2024-05-21
1585,24,144,469,53,2024-11-24
1586,27,108,369,46,2024-04-08
1587,1,204,418,35,2024-04-19
1588,27,382,283,57,2025-12-07
1589,12,54,473,54,2022-07-29
1590,19,90,425,38,2025-09-07
1591,12,181,486,12,2024-07-21
1592,1,301,406,44,2025-01-18
1593,13,333,202,21,2024-09-27
1594,9,334,472,59,2022-08-26
1595,16,291,457,60,2023-03-18
1596,6,392,468,32,2024-11-17
1597,24,24,153,58,2022-03-05
1598,12,312,-329,19,2025-08-04
1599,22,41,379,30,2024-11-23
1600,27,66666,274,20,2024-09-21
1601,14,282,204,50,2022-03-13
1602,2,38,42,14,2022-06-04
1603,12,130,231,19,2022-07-29
1604,30,129,189,34,2023-07-31
1605,4,395,410,43,2025-08-13
1606,3,346,409,17,2022-01-11
1607,14,185,249,37,2025-12-03
1608,5,66666,295,16,2022-07-02
1609,12,417,438,46,2024-03-07
1610,1,187,82,34,2023-03-02
1611,15,320,304,53,2024-10-10
1612,8,351,52,13,2023-05-06
1613,11,50,389,58,2024-01-26
1614,23,86,370,16,2025-09-18
1615,21,138,305,11,2024-05-29
1616,11,55,89,43,2024-07-11
1617,7,91,27,29,2023-08-19
1618,23,310,390,59,2022-09-17
1619,25,381,226,55,2025-07-25
1620,11,29,314,11,2023-07-19
1621,7,138,178,42,2023-06-25
1622,29,422,60,60,2023-06-15
1623,10,332,450,42,2022-09-08
1624,24,172,431,18,2023-01-27
1625,16,13,423,19,2023-04-23
1626,29,246,345,24,2025-01-12
1627,12,297,167,59,2025-11-01
1628,20,145,342,32,2022-07-05
1629,16,305,283,48,2024-01-21
1630,21,429,450,60,2023-12-29
1631,12,177,278,45,2022-07-11
1632,25,45,6,39,2023-08-05
1633,4,10,207,58,2022-11-25
1634,4,196,91,10,2022-05-07
1635,13,380,420,43,2022-03-14
1636,14,66666,426,52,2023-12-25
1637,29,145,94,39,2024-08-11
1638,20,121,289,18,2025-05-12
1639,13,112,454,36,2024-11-08
1640,7,300,309,58,2023-10-05
1641,11,80,211,22,2024-12-30
1642,30,367,334,59,2022-03-15
1643,20,168,34,19,2022-09-25
1644,20,269,211,15,2023-11-09
1645,25,398,-51,28,2025-05-25
1646,26,23,274,40,2024-12-19
1647,7,298,456,41,2024-12-07
1648,6,277,492,50,2025-06-11
1649,30,53,118,15,2023-01-21
1650,27,90,117,59,2023-02-09
1651,23,213,175,13,2025-08-19
1652,28,91,460,45,2023-08-22
1653,1,178,134,58,2025-05-09
1654,20,295,125,35,2022-03-06
1655,11,417,30,56,2022-07-18
1656,27,36,119,23,2024-11-13
1657,20,365,72,52,2022-06-22
1658,24,369,404,14,2022-08-05
1659,2,143,470,21,2024-08-27
1660,4,375,205,16,2024-12-13
1661,10,43,499,49,2022-06-09
1662,27,314,171,38,2025-06-06
1663,17,185,369,50,2024-09-23
1664,29,423,151,39,2022-08-15
1665,1,332,253,22,2024-08-18
1666,20,249,284,10,2022-03-29
1667,20,428,458,21,2024-05-19
1668,20,258,201,52,2022-04-06
1669,14,206,46,43,2024-05-15
1670,21,419,203,30,2025-03-23
1671,6,139,199,24,2025-05-04
1672,11,314,274,16,2025-05-22
1673,21,313,437,45,2025-02-13
1674,6,65,103,34,2022-09-17
1675,8,368,346,56,2024-05-14
1676,22,96,219,44,2024-09-16
1677,28,370,123,15,2025-05-31
1678,19,41,313,23,2023-06-17
1679,22,196,108,55,2024-11-07
1680,28,189,319,33,2025-03-03
1681,15,176,133,33,2024-03-31
1682,6,214,452,60,2024-12-24
1683,30,225,272,28,2024-04-02
1684,2,292,83,52,2024-04-15
1685,12,202,208,52,2023-10-12
1686,15,82,69,26,2022-05-11
1687,11,184,91,57,2024-04-03
1688,25,221,248,55,2024-06-28
1689,6,366,214,28,2024-09-12
1690,27,179,471,48,2025-09-04
1691,24,108,356,42,2024-06-25
1692,26,216,466,27,2022-05-24
1693,8,373,497,11,2023-06-26
1694,29,227,335,58,2025-05-03
1695,7,384,397,49,2022-01-20
1696,6,367,192,21,2023-01-20
1697,4,351,119,31,2025-01-13
1698,6,72,-439,21,2022-11-07
1699,25,274,204,53,2023-06-08
1700,10,444,473,38,2023-09-26
1701,18,424,410,52,2024-06-11
1702,6,440,428,44,2022-02-23
1703,11,100,399,15,2023-02-13
1704,21,424,496,28,2025-07-16
1705,13,230,130,32,2023-06-21
1706,6,204,302,24,2025-05-17
1707,21,91,133,57,2025-03-16
1708,6,166,72,15,2023-08-05
1709,4,207,13,54,2025-09-03
1710,6,309,426,34,2023-11-29
1711,19,14,175,11,2023-10-17
1712,21,450,425,44,2024-12-04
1713,24,206,150,23,2025-07-02
1714,3,351,125,49,2023-09-27
1715,26,361,352,49,2022-07-31
1716,27,48,283,16,2024-09-06
1717,30,321,363,52,2022-06-27
1718,6,350,236,49,2023-09-20
1719,19,104,24,54,2024-06-27
1720,21,310,434,55,2022-12-17
1721,16,169,187,17,2024-02-11
1722,14,110,228,43,2022-12-30
1723,27,416,75,60,2022-01-17
1724,25,420,130,54,2025-12-14
1725,10,244,247,32,2024-11-27
1726,11,63,404,21,2024-04-28
1727,1,271,393,18,2025-05-25
1728,24,382,230,37,2022-08-03
1729,17,221,113,29,2025-12-12
1730,3,318,168,17,2024-04-01
1731,30,115,396,14,2023-03-24
1732,6,148,447,13,2024-05-21
1733,18,39,157,38,2023-05-26
1734,1,163,41,20,2022-05-19
1735,15,144,32,53,2022-08-10
1736,6,137,70,55,2023-01-06
1737,9,120,412,39,2025-07-15
1738,15,363,316,42,2024-11-28
1739,20,372,446,45,2024-05-26
1740,7,13,3,30,2022-01-12
1741,30,407,167,18,2023-11-16
1742,25,342,446,50,2023-05-23
1743,2,141,90,10,2025-06-06
1744,24,83,316,31,2023-01-16
1745,3,80,486,20,2022-05-19
1746,29,177,293,58,2023-11-25
1747,28,312,328,47,2022-04-24
1748,28,200,488,23,2022-04-28
1749,3,233,458,35,2025-09-28
1750,16,283,495,21,2025-08-25
1751,4,89,12,37,2025-10-20
1752,29,442,154,13,2022-11-06
1753,15,213,486,18,2024-09-03
1754,11,403,386,25,2025-11-13
1755,1,247,292,28,2023-05-09
1756,10,290,131,32,2024-04-14
1757,6,338,40,42,2025-11-10
1758,20,445,18,36,2023-10-04
1759,10,226,41,56,2025-04-20
1760,21,409,500,41,2025-12-04
1761,23,402,487,12,2022-02-03
1762,21,123,12,13,2023-09-27
1763,23,88,428,47,2022-11-27
1764,29,279,493,44,2022-09-29
1765,5,52,92,46,2023-04-18
1766,2,148,4,10,2022-09-14
1767,18,79,225,55,2025-10-18
1768,6,247,489,32,2024-12-14
1769,27,173,194,38,2024-12-23
1770,2,179,263,57,2024-07-17
1771,26,408,110,11,2023-04-18
1772,2,381,29,41,2022-06-30
1773,19,440,299,40,2023-06-10
1774,15,299,482,45,2023-10-08
1775,19,170,152,48,2024-07-09
1776,12,343,10,20,2025-06-16
1777,11,414,287,46,2025-05-27
1778,22,401,296,58,2022-09-28
1779,1,383,121,44,2022-07-08
1780,13,135,215,35,2025-01-26
1781,15,19,295,57,2022-02-22
1782,23,419,485,13,2025-09-13
1783,26,127,85,53,2023-01-21
1784,24,288,335,13,2022-01-05
1785,5,282,228,49,2023-12-19
1786,14,20,43,58,2024-03-12
1787,21,259,416,15,2024-02-29
1788,3,269,283,20,2024-05-04
1789,22,77,494,59,2024-06-21
1790,25,144,367,32,2024-07-18
1791,27,371,251,54,2024-11-24
1792,14,19,5,46,2024-12-28
1793,20,66666,132,28,2022-11-28
1794,21,104,356,51,2023-02-02
1795,26,152,75,15,2023-07-07
1796,9,45,479,50,2022-10-08
1797,13,145,276,35,2022-03-05
1798,23,376,279,55,2024-09-13
1799,25,194,167,59,2025-09-27
1800,12,147,274,18,2023-04-14
1801,25,107,410,10,2022-01-26
1802,4,251,106,11,2023-10-07
1803,1,19,153,55,2023-10-31
1804,6,268,398,60,2022-09-05
1805,22,341,62,49,2022-10-01
1806,17,152,353,16,2024-03-10
1807,10,350,333,57,2025-01-28
1808,23,238,307,25,2025-03-02
1809,7,250,237,53,2022-05-21
1810,18,208,256,42,2025-06-19
1811,15,104,379,42,2023-06-26
1812,12,236,175,54,2024-12-06
1813,26,401,289,29,2025-08-04
1814,7,122,351,58,2025-11-23
1815,5,425,422,14,2024-07-23
1816,9,57,455,38,2023-12-10
1817,13,139,42,26,2023-07-04
1818,28,223,2,15,2024-03-01
1819,29,74,445,48,2024-07-08
1820,24,361,403,44,2023-08-09
1821,10,443,143,21,2025-06-18
1822,25,300,169,42,2022-11-01
1823,11,317,206,45,2022-03-01
1824,21,20,281,13,2025-04-08
1825,11,19,314,53,2024-09-08
1826,26,419,441,33,2023-01-16
1827,12,243,404,57,2023-09-17
1828,12,440,277,11,2025-11-11
1829,30,279,289,20,2022-09-21
1830,12,373,253,47,2023-07-21
1831,15,405,474,15,2025-09-29
1832,17,189,128,38,2022-07-22
1833,24,98,403,11,2023-01-27
1834,25,123,133,28,2024-04-18
1835,27,412,35,43,2023-08-20
1836,23,363,285,14,2025-12-20
1837,17,66666,472,53,2023-05-02
1838,11,219,358,16,2022-09-28
1839,3,255,483,20,2024-07-02
1840,30,52,241,25,2024-11-10
1841,16,208,486,13,2025-12-26
1842,28,117,101,55,2025-12-23
1843,20,314,339,49,2024-07-07
1844,22,304,131,48,2025-03-23
1845,13,346,173,46,2025-12-16
1846,13,419,77,54,2025-06-03
1847,2,291,80,59,2024-08-11
1848,24,439,128,52,2025-12-07
1849,17,294,218,25,2022-05-10
1850,26,34,94,44,2024-04-10
1851,24,275,207,39,2022-03-07
1852,4,269,363,49,2024-10-21
1853,10,395,207,35,2024-12-08
1854,5,94,15,17,2022-09-30
1855,12,398,31,18,2023-01-25
1856,11,44,191,38,2022-06-21
1857,1,273,188,47,2025-11-19
1858,22,365,14,59,2024-09-24
1859,8,100,355,15,2024-03-30
1860,11,31,412,52,2024-02-23
1861,18,5,263,38,2024-03-18
1862,30,404,229,58,2023-11-30
1863,18,44,82,20,2022-03-12
1864,16,279,482,47,2023-01-22
1865,28,193,490,60,2024-09-23
1866,15,53,72,48,2022-02-01
1867,19,362,120,33,2022-01-28
1868,5,400,373,60,2024-06-23
1869,15,178,259,31,2023-08-06
1870,15,122,452,47,2025-12-01
1871,28,291,471,52,2022-03-06
1872,1,140,454,46,2022-02-08
1873,7,407,25,36,2024-09-27
1874,16,6,280,18,2023-05-28
1875,18,269,91,18,2025-09-20
1876,18,46,451,59,2025-03-14
1877,19,424,206,14,2022-11-06
1878,28,331,131,16,2024-09-15
1879,21,151,113,16,2024-05-07
1880,3,398,105,40,2022-10-16
1881,14,159,476,47,2024-08-27
1882,8,171,326,23,2023-12-03
1883,30,410,437,32,2025-09-21
1884,20,6,148,14,2024-07-06
1885,14,285,77,17,2022-01-20
1886,10,23,243,38,2024-08-17
1887,14,84,143,12,2022-04-05
1888,25,370,286,27,2022-02-05
1889,22,86,233,11,2025-05-19
1890,18,439,374,12,2022-10-03
1891,21,49,93,31,2022-06-12
1892,28,108,495,60,2025-02-01
1893,6,307,289,20,2024-08-13
1894,28,240,156,40,2024-06-14
1895,10,24,256,28,2025-03-22
1896,20,277,90,31,2024-02-02
1897,30,450,361,44,2024-07-18
1898,30,182,467,37,2023-07-24
1899,10,151,24,21,2023-04-01
1900,11,216,213,20,2025-07-17
1901,23,33,483,44,2024-12-11
1902,17,138,267,18,2024-01-29
1903,18,50,214,43,2024-05-21
1904,12,253,346,43,2024-01-27
1905,7,200,88,48,2023-04-23
1906,22,232,227,12,2025-08-06
1907,18,195,130,13,2023-11-14
1908,12,47,161,56,2023-11-26
1909,7,429,152,30,2025-10-24
1910,7,272,152,48,2023-04-30
1911,12,59,84,33,2023-10-26
1912,30,441,424,27,2023-01-27
1913,21,89,103,19,2023-10-16
1914,28,10,325,48,2024-09-15
1915,28,93,58,29,2025-06-06
1916,30,379,15,13,2022-04-06
1917,30,344,469,21,2025-12-22
1918,28,34,436,15,2022-09-13
1919,30,339,422,18,2025-08-13
1920,22,144,264,46,2025-02-28
1921,27,30,238,35,2024-04-01
1922,27,104,293,52,2025-03-26
1923,24,360,451,51,2022-05-08
1924,26,130,237,13,2025-09-09
1925,23,234,368,32,2022-12-20
1926,9,150,264,50,2024-03-27
1927,22,38,205,30,2025-09-12
1928,21,220,332,56,2024-11-23
1929,8,253,259,55,2023-06-12
1930,29,284,370,15,2024-11-06
1931,27,443,163,13,2023-01-06
1932,4,411,296,15,2024-09-04
1933,18,108,347,38,2022-03-05
1934,9,409,389,53,2022-06-17
1935,15,273,343,58,2023-10-19
1936,24,131,48,46,2024-03-05
1937,1,450,405,48,2025-08-17
1938,6,104,105,60,2024-02-24
1939,26,409,99,20,2022-09-14
1940,18,227,-331,39,2023-09-20
1941,25,24,44,42,2025-04-04
1942,22,379,215,28,2023-06-03
1943,9,245,242,16,2022-06-21
1944,20,140,316,33,2025-09-07
1945,24,100,22,36,2025-05-27
1946,6,375,74,19,2025-07-07
1947,19,412,315,59,2022-08-21
1948,20,328,3,24,2023-11-16
1949,17,377,138,42,2022-06-29
1950,10,389,71,24,2023-08-09
1951,3,254,91,47,2022-12-20
1952,2,382,334,39,2024-01-01
1953,17,300,161,24,2024-10-04
1954,19,54,324,15,2024-12-28
1955,15,297,276,53,2022-05-24
1956,30,33,350,16,2022-08-28
1957,5,97,192,15,2024-04-11
1958,19,202,57,50,2023-01-01
1959,25,66666,329,43,2025-07-03
1960,25,173,103,46,2025-07-16
1961,17,219,87,48,2022-08-12
1962,17,136,275,11,2025-09-23
1963,29,34,192,32,2023-10-18
1964,26,123,398,34,2025-07-19
1965,6,352,299,17,2025-03-11
1966,10,166,358,17,2025-09-22
1967,6,37,316,54,2025-11-07
1968,26,98,394,56,2022-05-21
1969,9,233,476,51,2024-04-03
1970,29,438,446,28,2022-11-09
1971,20,322,311,20,2022-08-31
1972,1,174,145,52,2022-02-18
1973,1,190,92,24,2025-01-04
1974,22,106,470,24,2023-01-05
1975,25,384,87,57,2024-06-09
1976,18,382,7,58,2024-08-19
1977,18,176,75,15,2022-07-23
1978,4,372,117,15,2024-04-10
1979,26,108,393,12,2024-01-13
1980,22,18,193,49,2024-09-25
1981,15,139,360,42,2022-10-21
1982,5,28,162,58,2022-12-10
1983,17,45,382,38,2024-02-13
1984,9,389,218,19,2022-06-27
1985,4,220,346,25,2022-10-15
1986,22,326,264,34,2025-02-04
1987,7,208,454,18,2022-11-25
1988,25,297,19,46,2023-12-11
1989,9,77,85,21,2023-03-09
1990,7,255,123,29,2023-06-19
1991,11,35,358,40,2024-02-03
1992,17,428,307,53,2024-03-13
1993,25,22,477,19,2024-09-20
1994,3,350,487,27,2024-08-20
1995,8,128,196,13,2025-06-18
1996,8,252,164,10,2022-11-30
1997,30,440,369,32,2023-07-08
1998,12,172,174,27,2023-11-16
1999,7,380,446,52,2022-03-21
2000,26,422,75,34,2023-02-12
2001,4,195,310,55,2025-02-12
2002,11,241,23,37,2024-02-02
2003,14,255,411,26,2025-05-03
2004,11,121,424,47,2024-11-13
2005,24,394,371,32,2023-03-18
2006,5,71,299,49,2022-04-22
2007,27,56,146,29,2023-07-24
2008,20,307,231,33,2023-12-13
2009,25,368,170,33,2024-11-01
2010,7,166,277,18,2025-09-11
2011,19,381,300,19,2023-07-25
2012,13,144,10,16,2022-10-23
2013,22,382,379,32,2022-11-05
2014,23,97,40,17,2023-01-08
2015,19,200,377,49,2025-05-30
2016,28,130,333,19,2022-05-13
2017,21,440,121,28,2025-06-23
2018,12,323,408,20,2025-12-22
2019,1,6,302,34,2025-10-06
2020,28,404,259,26,2025-01-20
2021,5,326,460,17,2023-06-29
2022,2,343,4,46,2022-09-12
2023,19,447,127,29,2025-06-24
2024,15,131,411,31,2022-11-22
2025,23,57,140,17,2022-06-14
2026,10,369,375,38,2024-10-26
2027,29,118,307,59,2025-01-17
2028,5,336,172,23,2024-07-05
2029,29,296,120,37,2022-01-17
2030,4,314,4,10,2023-10-17
2031,7,335,62,15,2025-01-30
2032,27,240,212,22,2022-12-19
2033,20,58,419,50,2025-10-31
2034,5,238,60,14,2024-07-27
2035,2,43,497,20,2025-09-25
2036,25,280,411,22,2023-08-26
2037,7,59,57,53,2025-09-15
2038,19,229,290,17,2024-03-24
2039,22,254,324,35,2025-08-12
2040,26,355,377,39,2025-12-08
2041,2,36,-473,22,2022-01-11
2042,21,375,451,21,2022-12-14
2043,1,66666,57,43,2024-10-18
2044,10,257,84,53,2024-02-14
2045,2,415,73,28,2024-02-25
2046,17,438,324,56,2025-12-28
2047,14,152,4,26,2023-06-21
2048,24,416,401,49,2025-06-08
2049,25,241,115,34,2022-06-28
2050,30,94,271,55,2023-11-25
2051,26,210,133,27,2024-06-10
2052,10,42,216,46,2022-04-15
2053,19,255,142,57,2024-10-07
2054,25,434,102,47,2023-01-16
2055,21,108,479,30,2022-07-05
2056,5,288,496,10,2025-10-06
2057,13,138,414,38,2025-11-30
2058,19,302,207,52,2022-09-06
2059,13,176,78,43,2025-02-13
2060,7,245,402,54,2025-08-24
2061,10,17,187,18,2022-03-27
2062,4,336,30,59,2022-11-04
2063,30,10,444,40,2023-01-12
2064,1,266,179,48,2023-12-12
2065,16,401,398,60,2022-01-23
2066,8,338,409,10,2024-06-11
2067,11,274,372,40,2024-10-07
2068,25,189,101,16,2022-09-08
2069,28,28,495,28,2022-06-08
2070,10,148,349,53,2022-10-04
2071,18,222,15,15,2023-03-14
2072,4,402,328,46,2024-12-31
2073,7,446,428,60,2023-09-13
2074,13,25,464,52,2022-07-15
2075,14,121,176,23,2024-05-31
2076,13,257,81,14,2025-03-01
2077,15,159,119,18,2024-08-02
2078,3,23,442,17,2023-07-20
2079,3,283,237,38,2025-06-06
2080,11,312,239,38,2023-07-30
2081,8,444,45,18,2025-10-10
2082,1,99,381,16,2022-05-14
2083,22,338,388,39,2022-11-01
2084,16,108,293,45,2023-06-23
2085,14,447,138,45,2025-05-25
2086,1,135,198,41,2023-12-15
2087,6,437,124,47,2023-03-17
2088,23,356,98,56,2022-12-06
2089,12,430,482,26,2022-04-20
2090,24,333,299,29,2024-07-09
2091,3,408,290,30,2022-07-15
2092,4,110,126,28,2022-06-13
2093,19,389,288,25,2023-07-02
2094,26,132,202,22,2022-08-27
2095,20,105,149,25,2025-08-18
2096,21,278,334,54,2022-04-01
2097,22,74,239,47,2024-02-07
2098,9,343,232,31,2022-07-01
2099,18,8,309,10,2024-08-21
2100,15,237,218,15,2023-01-11
2101,12,414,189,15,2025-08-03
2102,14,340,174,30,2025-02-19
2103,18,72,256,42,2022-05-14
2104,6,402,281,41,2024-01-01
2105,24,433,181,34,2024-06-26
2106,23,122,353,51,2024-11-29
2107,19,126,85,31,2025-04-22
2108,1,261,260,33,2023-02-16
2109,29,185,193,23,2025-07-09
2110,10,116,392,43,2024-02-24
2111,18,283,229,10,2022-10-31
2112,17,55,54,10,2024-10-19
2113,23,409,494,18,2024-04-24
2114,29,83,294,36,2025-11-14
2115,7,41,370,21,2022-06-18
2116,4,325,174,24,2025-01-17
2117,17,44,118,47,2024-09-27
2118,14,192,455,20,2025-06-02
2119,10,356,337,60,2023-04-07
2120,17,430,32,32,2025-01-02
2121,15,347,397,55,2023-10-25
2122,2,298,231,24,2025-10-29
2123,10,192,341,31,2024-10-18
2124,13,270,266,26,2022-06-28
2125,18,322,488,38,2023-05-20
2126,12,95,339,60,2023-12-07
2127,24,295,430,53,2025-09-24
2128,11,420,368,41,2024-11-09
2129,26,4,88,21,2023-04-08
2130,22,250,191,36,2025-06-25
2131,13,163,193,21,2022-06-14
2132,9,345,336,44,2023-09-06
2133,2,212,418,33,2022-10-21
2134,7,275,478,48,2025-09-01
2135,21,205,494,10,2025-06-19
2136,6,448,469,55,2025-12-28
2137,9,167,478,12,2023-11-15
2138,3,424,190,47,2024-04-10
2139,21,244,87,49,2024-10-27
2140,4,265,164,16,2023-11-06
2141,3,360,210,31,2022-08-17
2142,11,84,83,31,2022-09-18
2143,22,130,41,16,2024-07-10
2144,26,107,177,37,2024-02-12
2145,19,405,76,52,2022-12-24
2146,19,19,244,18,2023-08-17
2147,2,47,26,58,2025-06-06
2148,27,282,254,37,2024-03-07
2149,14,242,186,41,2025-06-15
2150,10,390,224,59,2024-01-03
2151,20,147,284,44,2025-10-01
2152,28,54,256,20,2025-05-01
2153,1,447,399,12,2024-09-07
2154,19,246,159,18,2022-09-11
2155,2,325,35,44,2022-07-24
2156,19,290,460,53,2023-07-14
2157,18,85,68,30,2023-07-24
2158,14,280,265,22,2024-07-07
2159,18,352,331,18,2024-04-25
2160,6,164,73,26,2025-01-12
2161,9,421,141,55,2022-03-08
2162,9,294,378,38,2022-02-22
2163,4,223,379,21,2022-03-31
2164,16,364,259,59,2024-08-31
2165,18,312,124,29,2024-03-03
2166,18,236,277,17,2023-08-31
2167,27,277,27,44,2022-10-06
2168,7,358,251,15,2024-03-10
2169,4,77,75,29,2024-04-22
2170,28,395,465,22,2025-05-02
2171,26,313,30,45,2022-02-17
2172,13,21,169,55,2022-10-26
2173,30,92,287,14,2024-04-09
2174,7,436,98,20,2025-05-15
2175,29,359,87,29,2025-12-18
2176,5,418,41,44,2025-10-01
2177,28,40,322,39,2025-09-17
2178,28,315,178,18,2025-06-17
2179,15,18,342,55,2025-08-30
2180,18,366,391,20,2023-05-19
2181,23,35,397,54,2024-07-20
2182,18,88,133,21,2022-08-08
2183,12,428,336,36,2025-07-04
2184,14,324,286,58,2025-06-30
2185,11,245,103,19,2024-03-11
2186,21,344,35,10,2025-12-08
2187,4,204,369,34,2025-10-27
2188,16,369,49,26,2024-01-13
2189,3,124,426,46,2022-01-31
2190,23,101,68,36,2023-05-22
2191,16,117,356,34,2025-09-18
2192,13,367,234,57,2022-07-18
2193,29,356,235,34,2023-01-11
2194,19,341,227,55,2022-02-09
2195,10,61,389,24,2025-09-11
2196,23,225,96,20,2022-10-21
2197,1,177,12,51,2024-12-20
2198,28,299,317,26,2023-12-15
2199,4,64,274,16,2025-07-08
2200,29,127,160,24,2023-06-30
2201,15,242,162,50,2022-05-02
2202,13,67,300,13,2024-09-18
2203,9,73,147,14,2022-08-22
2204,16,341,281,37,2023-12-31
2205,5,305,399,12,2025-06-19
2206,6,396,276,46,2025-10-15
2207,26,205,83,59,2025-08-22
2208,2,206,64,54,2025-10-20
2209,2,207,481,27,2025-05-25
2210,26,368,227,52,2025-06-18
2211,7,333,-372,51,2025-11-17
2212,20,334,110,37,2022-12-05
2213,16,86,207,16,2022-05-03
2214,22,256,318,54,2024-09-19
2215,5,313,148,14,2024-08-31
2216,20,238,323,13,2025-07-11
2217,9,371,383,18,2024-05-17
2218,26,124,283,25,2024-10-09
2219,16,278,366,51,2024-04-13
2220,28,430,33,59,2022-07-20
2221,19,306,158,59,2022-06-29
2222,29,265,119,33,2025-05-12
2223,27,231,76,23,2023-11-10
2224,6,436,22,55,2023-07-03
2225,7,175,102,34,2025-02-13
2226,25,58,377,19,2024-01-20
2227,19,120,382,26,2023-06-28
2228,19,345,391,52,2023-04-09
2229,2,151,339,49,2022-05-05
2230,25,352,489,10,2023-12-25
2231,13,390,186,28,2022-03-19
2232,23,403,400,50,2023-08-04
2233,16,410,467,29,2022-04-22
2234,2,284,145,21,2023-06-11
2235,4,111,243,52,2025-09-30
2236,2,134,455,20,2023-02-06
2237,22,89,154,32,2024-02-02
2238,26,91,385,36,2024-12-10
2239,5,191,306,26,2023-08-14
2240,30,81,420,43,2025-04-02
2241,18,140,132,25,2024-02-29
2242,6,78,43,25,2024-09-09
2243,25,449,394,33,2023-05-05
2244,26,9,304,33,2022-12-18
2245,1,109,-408,57,2024-05-04
2246,4,66,471,58,2023-02-21
2247,11,145,355,14,2022-06-07
2248,29,281,300,37,2023-10-22
2249,23,138,200,29,2022-12-05
2250,3,127,412,41,2025-12-25
2251,26,113,-126,23,2022-03-19
2252,14,148,124,11,2022-06-05
2253,14,292,265,53,2024-06-19
2254,4,5,336,36,2023-12-11
2255,5,172,328,36,2024-02-21
2256,20,128,451,21,2022-04-29
2257,19,370,284,11,2025-12-05
2258,10,13,95,40,2024-05-15
2259,2,252,33,60,2022-10-12
2260,15,325,219,18,2023-08-12
2261,24,29,162,38,2025-09-03
2262,30,221,443,23,2025-09-03
2263,13,236,27,12,2024-07-26
2264,24,375,215,31,2025-07-13
2265,13,93,118,39,2023-10-25
2266,29,324,463,44,2025-03-17
2267,29,430,147,41,2025-06-19
2268,21,311,55,59,2023-01-20
2269,16,264,88,30,2023-01-26
2270,2,201,358,53,2023-10-21
2271,9,373,492,25,2024-01-12
2272,13,248,444,30,2023-04-15
2273,21,113,154,49,2024-03-02
2274,14,54,262,18,2024-03-27
2275,24,170,185,60,2025-09-13
2276,14,293,445,26,2022-08-19
2277,8,377,118,57,2024-01-04
2278,5,135,430,58,2024-11-09
2279,27,441,9,40,2025-08-30
2280,13,148,280,50,2024-06-01
2281,27,325,357,58,2023-08-17
2282,28,371,285,51,2025-03-13
2283,26,378,74,26,2023-03-04
2284,8,436,113,19,2022-09-06
2285,10,70,336,51,2023-05-11
2286,12,71,263,48,2022-09-30
2287,5,338,217,26,2024-11-15
2288,3,78,69,28,2023-02-01
2289,29,437,303,29,2023-05-16
2290,11,226,416,19,2024-02-18
2291,27,189,-347,51,2022-07-20
2292,20,282,66,52,2025-06-22
2293,6,92,498,11,2023-10-08
2294,17,342,129,50,2025-04-24
2295,7,38,336,45,2024-06-11
2296,30,160,248,24,2024-05-11
2297,9,270,335,33,2024-03-03
2298,28,209,262,13,2024-02-15
2299,1,381,372,36,2023-05-29
2300,2,103,394,10,2022-11-25
2301,23,334,416,28,2022-01-06
2302,8,197,185,43,2023-11-08
2303,21,442,190,54,2023-06-30
2304,19,288,117,50,2024-01-12
2305,10,180,414,56,2024-07-28
2306,15,10,348,19,2022-02-13
2307,13,405,218,43,2025-03-09
2308,1,262,245,45,2024-04-07
2309,25,439,344,45,2025-10-25
2310,15,257,213,14,2022-06-08
2311,3,37,361,47,2022-11-28
2312,16,417,315,17,2025-04-25
2313,12,162,303,45,2024-07-01
2314,4,326,276,17,2022-06-03
2315,18,336,343,48,2023-10-03
2316,9,153,246,55,2025-10-20
2317,5,44,371,48,2022-10-15
2318,12,163,62,59,2024-09-30
2319,8,219,255,49,2022-11-16
2320,6,423,164,59,2024-06-29
2321,28,321,66,46,2024-04-24
2322,27,432,13,43,2022-01-07
2323,29,266,497,31,2022-01-06
2324,21,145,452,43,2023-01-23
2325,13,206,202,59,2024-06-16
2326,23,352,224,24,2025-04-02
2327,18,45,40,58,2023-04-03
2328,12,14,54,24,2022-02-22
2329,16,421,100,39,2023-04-24
2330,4,157,101,29,2025-03-31
2331,14,166,439,32,2024-12-06
2332,10,399,199,45,2024-05-31
2333,18,251,10,34,2025-08-14
2334,5,301,399,52,2024-03-10
2335,3,169,420,47,2022-01-06
2336,7,29,43,25,2024-11-13
2337,14,116,290,57,2025-11-23
2338,28,251,496,10,2022-08-07
2339,14,96,369,39,2024-09-17
2340,17,336,115,11,2025-03-01
2341,30,75,375,10,2022-09-01
2342,11,98,325,48,2022-09-03
2343,22,310,233,40,2022-04-30
2344,4,101,117,50,2025-07-16
2345,23,155,116,17,2024-05-21
2346,12,42,245,23,2025-04-23
2347,15,168,132,25,2022-10-15
2348,6,105,207,41,2024-09-20
2349,13,111,353,10,2024-10-11
2350,7,63,208,41,2024-11-27
2351,16,177,22,28,2024-03-16
2352,30,430,311,11,2024-09-10
2353,25,136,153,20,2023-03-04
2354,11,155,343,59,2023-06-26
2355,16,287,196,18,2023-11-05
2356,7,43,456,10,2022-01-31
2357,19,283,5,49,2025-01-08
2358,25,170,309,50,2022-08-15
2359,2,396,457,21,2024-04-02
2360,28,30,66,42,2025-11-07
2361,10,251,407,32,2025-01-03
2362,10,165,99,35,2025-12-06
2363,1,318,135,32,2023-03-14
2364,13,258,158,52,2024-04-25
2365,16,356,396,29,2025-05-22
2366,2,372,483,31,2022-12-29
2367,4,417,351,14,2023-12-15
2368,12,62,2,30,2022-12-31
2369,26,326,14,40,2022-10-26
2370,26,416,3,40,2024-10-14
2371,19,110,6,18,2023-09-25
2372,15,189,266,35,2022-05-01
2373,28,27,155,57,2022-03-04
2374,2,94,65,57,2022-06-17
2375,5,210,419,42,2022-04-17
2376,25,168,144,26,2022-10-19
2377,9,346,404,57,2023-11-21
2378,20,66,374,21,2025-12-31
2379,5,11,129,47,2023-07-29
2380,27,342,258,22,2023-10-06
2381,12,75,382,16,2022-08-25
2382,28,164,348,19,2022-07-17
2383,1,20,143,30,2024-02-07
2384,25,140,284,48,2022-10-22
2385,28,78,282,16,2025-02-08
2386,22,11,348,13,2025-02-27
2387,24,256,290,34,2023-11-14
2388,21,67,315,27,2024-07-27
2389,24,88,431,46,2024-12-16
2390,1,63,281,33,2022-10-22
2391,25,186,387,53,2022-02-23
2392,11,181,21,33,2024-11-08
2393,2,26,109,47,2022-01-24
2394,11,46,436,25,2022-11-13
2395,9,166,440,47,2024-07-14
2396,20,256,212,28,2022-11-02
2397,27,440,337,55,2024-04-14
2398,23,192,482,11,2022-10-27
2399,19,62,157,59,2022-03-22
2400,4,144,192,59,2024-02-21
2401,10,316,136,16,2022-09-13
2402,1,193,316,52,2023-04-13
2403,26,99,27,35,2024-11-30
2404,25,358,462,19,2022-01-01
2405,8,280,322,21,2025-05-05
2406,28,338,196,10,2022-07-19
2407,21,163,335,58,2025-01-05
2408,1,60,323,34,2023-05-09
2409,16,334,402,13,2022-01-22
2410,9,410,98,32,2023-05-13
2411,27,299,489,47,2024-05-30
2412,3,308,59,46,2022-04-08
2413,24,354,217,60,2024-01-27
2414,11,238,293,25,2022-03-20
2415,21,400,109,42,2022-11-12
2416,21,306,431,46,2022-02-13
2417,10,155,31,19,2024-01-02
2418,12,85,265,33,2025-12-05
2419,21,370,443,33,2022-10-31
2420,19,296,441,42,2025-11-27
2421,26,62,496,53,2022-01-03
2422,4,129,402,11,2024-05-30
2423,5,58,395,35,2024-03-05
2424,11,348,-223,48,2024-02-18
2425,1,137,367,13,2025-04-01
2426,29,73,167,59,2022-08-12
2427,21,363,397,34,2025-05-21
2428,3,74,331,39,2025-08-26
2429,14,138,323,12,2023-02-28
2430,11,197,48,11,2023-05-02
2431,20,429,388,11,2023-12-11
2432,5,141,169,31,2022-06-03
2433,8,366,172,55,2025-10-10
2434,14,16,312,39,2024-04-19
2435,17,66666,314,46,2022-06-11
2436,20,193,387,39,2023-09-28
2437,23,427,345,19,2025-02-09
2438,24,281,314,22,2022-07-10
2439,25,393,158,35,2024-10-12
2440,4,164,444,43,2023-12-02
2441,30,84,265,17,2025-12-12
2442,7,32,317,16,2022-06-02
2443,5,421,135,34,2022-03-31
2444,5,309,77,50,2024-03-31
2445,16,359,436,50,2025-08-08
2446,1,241,319,45,2025-11-03
2447,16,294,71,25,2022-05-02
2448,21,92,59,49,2024-11-25
2449,26,283,322,31,2025-08-03
2450,27,283,157,17,2022-10-25
2451,29,129,13,43,2025-05-22
2452,3,115,37,23,2024-03-25
2453,18,169,448,58,2022-10-15
2454,9,43,477,43,2023-10-15
2455,17,137,482,51,2024-01-12
2456,5,219,443,59,2023-09-16
2457,2,170,176,47,2024-10-12
2458,10,278,168,52,2024-12-24
2459,18,249,153,57,2022-09-15
2460,13,332,117,10,2023-05-14
2461,18,420,454,27,2022-10-11
2462,9,146,283,57,2024-12-28
2463,10,245,154,31,2023-03-19
2464,6,26,428,35,2024-04-16
2465,11,445,91,31,2022-10-16
2466,12,424,67,21,2024-11-19
2467,3,94,252,17,2024-11-03
2468,27,336,251,19,2025-09-21
2469,7,210,303,35,2022-10-16
2470,8,206,85,59,2022-12-21
2471,16,180,483,41,2025-01-09
2472,21,249,332,28,2024-12-07
2473,3,380,448,25,2022-11-13
2474,1,48,441,15,2023-02-03
2475,8,243,282,15,2022-02-12
2476,15,216,336,47,2024-12-14
2477,20,359,115,20,2025-04-13
2478,8,256,5,59,2022-08-01
2479,12,367,17,37,2025-10-10
2480,23,27,467,60,2024-12-31
2481,29,100,268,49,2025-02-08
2482,5,154,10,57,2025-02-07
2483,10,110,301,59,2024-03-07
2484,26,183,216,24,2023-11-08
2485,4,373,415,53,2022-05-16
2486,16,280,258,28,2025-08-09
2487,30,68,306,50,2024-07-31
2488,6,8,57,49,2023-11-09
2489,7,3,81,10,2023-04-28
2490,9,83,138,32,2022-04-17
2491,14,405,295,57,2024-08-02
2492,25,93,114,11,2025-09-10
2493,19,438,297,37,2025-08-18
2494,4,113,12,24,2023-05-19
2495,7,8,479,28,2025-05-09
2496,14,111,413,22,2022-02-20
2497,21,115,427,53,2023-01-25
2498,10,338,327,18,2023-03-25
2499,4,9,468,32,2024-02-21
2500,14,140,363,55,2022-01-20
2501,23,158,204,53,2023-01-06
2502,6,70,436,37,2023-05-21
2503,11,313,15,33,2022-12-31
2504,24,82,253,12,2022-08-20
2505,30,59,53,45,2024-04-30
2506,20,157,324,57,2022-05-09
2507,19,11,264,32,2024-01-13
2508,8,254,269,27,2022-07-03
2509,22,264,300,36,2025-01-04
2510,15,361,104,20,2022-12-13
2511,20,399,476,42,2022-03-04
2512,25,289,54,23,2025-10-19
2513,14,56,467,37,2022-09-03
2514,1,395,110,47,2025-03-07
2515,11,148,188,44,2022-08-03
2516,30,447,477,54,2022-04-17
2517,3,67,203,29,2022-05-22
2518,26,433,-385,53,2023-07-25
2519,21,365,320,58,2025-03-28
2520,1,188,369,12,2025-11-20
2521,6,362,256,14,2024-05-17
2522,8,316,265,16,2023-06-19
2523,7,149,-176,49,2025-04-14
2524,10,97,194,37,2022-10-25
2525,23,62,476,17,2022-10-08
2526,22,99,134,26,2023-08-17
2527,4,102,203,34,2024-06-23
2528,24,30,92,59,2022-07-31
2529,16,165,416,47,2024-11-03
2530,30,264,306,60,2024-05-30
2531,19,335,97,29,2025-05-26
2532,24,403,334,59,2025-11-20
2533,3,114,29,55,2023-07-19
2534,25,337,193,28,2025-02-02
2535,1,66666,108,29,2025-07-28
2536,19,154,231,26,2022-06-08
2537,29,91,257,26,2023-06-17
2538,14,151,373,49,2023-02-16
2539,25,180,220,29,2023-07-27
2540,7,356,305,40,2024-03-14
2541,27,44,267,43,2023-09-30
2542,20,115,345,52,2025-07-28
2543,2,323,119,41,2023-10-21
2544,30,262,364,47,2024-05-15
2545,23,100,239,43,2024-06-30
2546,25,108,142,43,2025-06-11
2547,18,200,227,57,2024-10-11
2548,2,228,159,18,2022-06-21
2549,8,447,279,45,2023-01-04
2550,24,320,267,44,2024-12-18
2551,20,402,320,48,2025-06-13
2552,24,51,416,16,2024-03-02
2553,9,447,387,58,2025-03-12
2554,1,205,385,31,2024-12-05
2555,28,67,34,35,2024-01-20
2556,3,433,480,58,2023-10-17
2557,25,79,338,55,2023-08-30
2558,23,12,418,38,2025-02-01
2559,23,246,83,20,2023-09-14
2560,10,287,92,48,2025-04-15
2561,11,86,500,31,2024-08-15
2562,20,172,435,42,2024-05-22
2563,29,347,471,24,2022-05-13
2564,2,374,133,57,2022-07-31
2565,13,245,83,47,2023-03-01
2566,25,247,417,50,2022-01-18
2567,10,86,40,28,2025-06-07
2568,14,306,288,34,2023-10-07
2569,20,51,409,58,2023-11-24
2570,11,66,111,48,2022-07-08
2571,16,243,431,27,2024-09-11
2572,2,269,163,58,2022-05-19
2573,9,144,304,39,2023-12-16
2574,20,336,301,11,2022-10-09
2575,4,366,32,22,2024-05-17
2576,2,384,375,44,2024-03-09
2577,29,388,290,19,2024-03-09
2578,7,180,199,21,2024-12-10
2579,25,172,177,45,2025-01-26
2580,25,354,483,54,2022-10-09
2581,10,112,254,48,2024-11-03
2582,27,298,94,32,2024-06-18
2583,12,366,497,33,2023-09-05
2584,18,278,121,50,2022-02-19
2585,29,38,414,55,2022-01-29
2586,24,151,188,27,2022-07-10
2587,10,21,385,44,2023-04-27
2588,20,94,6,31,2023-06-27
2589,19,297,450,24,2024-04-12
2590,15,295,22,19,2024-08-17
2591,19,257,77,51,2022-12-16
2592,9,176,347,15,2024-01-31
2593,12,73,123,23,2025-09-29
2594,23,381,282,26,2024-11-05
2595,5,20,367,39,2025-06-19
2596,8,247,-486,37,2024-01-25
2597,21,355,206,56,2024-09-19
2598,15,54,259,15,2023-12-06
2599,22,361,117,24,2025-08-06
2600,28,19,109,50,2025-05-25
2601,13,302,254,22,2025-12-21
2602,6,57,203,39,2024-10-10
2603,9,60,346,41,2024-10-18
2604,24,340,467,25,2024-07-03
2605,3,210,463,54,2022-11-25
2606,2,23,316,30,2022-01-21
2607,27,23,272,21,2024-05-09
2608,3,402,414,52,2023-08-01
2609,14,289,16,49,2022-12-08
2610,21,233,376,58,2022-05-25
2611,5,67,228,56,2023-06-21
2612,30,44,326,45,2023-03-17
2613,12,210,374,32,2023-11-19
2614,13,66666,479,41,2025-06-16
2615,26,84,388,17,2022-10-09
2616,11,305,448,50,2025-06-09
2617,7,185,0,18,2025-05-12
2618,8,448,106,14,2023-10-28
2619,11,182,373,31,2023-04-18
2620,4,82,345,36,2022-01-07
2621,2,116,193,41,2025-01-05
2622,28,46,128,56,2024-07-26
2623,9,190,301,29,2023-01-05
2624,13,344,418,39,2025-10-09
2625,4,334,92,29,2025-08-18
2626,9,134,422,26,2022-07-04
2627,20,159,159,11,2024-11-03
2628,18,148,277,26,2025-03-16
2629,6,88,22,37,2024-03-24
2630,18,386,205,48,2022-12-24
2631,10,73,356,39,2025-12-21
2632,17,362,246,50,2022-12-24
2633,19,252,41,28,2024-08-30
2634,8,15,486,21,2022-03-17
2635,21,447,375,36,2022-11-16
2636,26,268,493,59,2022-06-22
2637,12,286,353,29,2025-05-22
2638,23,304,410,43,2022-09-13
2639,22,97,484,44,2024-08-04
2640,23,373,252,27,2023-05-07
2641,16,19,237,46,2023-01-31
2642,4,298,338,24,2022-09-16
2643,16,110,385,54,2024-06-05
2644,20,259,354,25,2025-10-12
2645,4,353,145,17,2025-01-23
2646,28,124,167,26,2024-06-04
2647,8,200,430,13,2025-08-20
2648,4,148,371,14,2025-04-04
2649,9,21,226,53,2022-04-08
2650,16,275,394,12,2023-12-12
2651,21,47,253,22,2022-09-03
2652,27,439,269,20,2025-01-31
2653,29,121,50,30,2025-12-22
2654,28,139,224,24,2025-09-01
2655,30,327,373,17,2023-02-23
2656,10,352,333,44,2024-09-04
2657,26,93,311,21,2023-09-25
2658,27,72,362,54,2022-11-04
2659,14,411,29,35,2022-07-16
2660,17,266,426,54,2025-12-10
2661,30,357,237,51,2025-11-13
2662,14,178,297,27,2025-07-12
2663,22,306,42,11,2023-11-30
2664,17,104,207,35,2024-02-23
2665,15,226,492,33,2025-05-12
2666,6,206,418,47,2025-03-06
2667,21,448,454,40,2022-09-10
2668,20,411,36,36,2022-06-10
2669,24,408,423,13,2022-01-23
2670,7,77,19,10,2022-03-05
2671,17,34,349,56,2024-03-18
2672,1,15,197,35,2022-08-08
2673,27,153,398,26,2023-08-21
2674,22,366,383,20,2024-08-27
2675,29,56,341,56,2023-12-01
2676,9,61,132,16,2025-11-28
2677,29,19,496,37,2022-12-16
2678,12,219,154,54,2024-08-17
2679,13,140,393,52,2024-08-01
2680,19,76,483,30,2024-12-15
2681,12,403,145,13,2023-12-21
2682,15,409,91,46,2025-09-23
2683,14,314,210,55,2024-12-19
2684,4,307,340,14,2023-03-31
2685,10,300,425,45,2022-08-09
2686,17,169,112,20,2022-08-10
2687,23,74,243,59,2025-03-23
2688,12,116,80,19,2022-01-23
2689,28,310,41,56,2025-06-30
2690,27,22,411,46,2024-05-24
2691,21,253,78,54,2023-05-20
2692,15,370,477,36,2022-03-29
2693,26,301,160,36,2022-06-14
2694,25,252,48,23,2022-11-10
2695,29,1,46,30,2025-04-04
2696,14,426,360,36,2022-10-07
2697,21,139,366,43,2022-09-11
2698,8,410,78,18,2022-03-10
2699,25,435,165,60,2025-06-15
2700,6,223,87,18,2024-06-06
2701,3,123,230,12,2025-06-12
2702,25,150,24,33,2023-04-09
2703,7,415,303,42,2022-11-26
2704,17,297,353,58,2022-12-11
2705,12,364,182,55,2022-05-07
2706,8,267,77,10,2024-10-18
2707,8,220,405,51,2024-12-08
2708,2,231,134,18,2023-04-23
2709,2,266,124,27,2025-01-06
2710,4,317,190,54,2025-11-08
2711,26,1,345,42,2025-11-04
2712,23,173,374,45,2022-04-24
2713,12,167,144,27,2022-11-02
2714,23,195,448,50,2025-04-28
2715,6,270,294,60,2025-01-12
2716,13,57,410,21,2023-12-17
2717,26,112,330,25,2024-02-22
2718,12,199,453,19,2022-07-09
2719,5,272,148,29,2024-08-08
2720,20,348,11,30,2022-03-29
2721,30,362,90,11,2025-12-14
2722,15,177,452,16,2023-08-29
2723,21,374,196,24,2022-06-02
2724,2,155,79,25,2025-12-15
2725,12,192,354,10,2024-09-08
2726,3,104,482,15,2022-10-02
2727,3,332,265,52,2022-01-10
2728,15,326,30,45,2022-11-19
2729,16,150,243,53,2025-11-08
2730,10,211,54,53,2024-10-16
2731,20,65,356,59,2024-01-14
2732,15,129,8,51,2025-01-14
2733,9,15,156,40,2022-05-10
2734,29,362,-410,33,2023-04-22
2735,22,151,104,35,2025-12-02
2736,15,277,104,26,2023-05-19
2737,8,83,275,34,2023-07-12
2738,21,242,207,11,2023-04-09
2739,9,252,34,10,2022-01-12
2740,22,117,460,15,2025-08-22
2741,1,312,199,26,2023-07-28
2742,28,242,27,43,2023-11-20
2743,25,433,479,56,2025-10-03
2744,3,286,145,35,2022-12-26
2745,20,153,183,59,2023-03-14
2746,18,188,10,24,2025-11-29
2747,18,109,68,19,2022-08-01
2748,8,118,450,30,2022-02-21
2749,12,308,102,55,2022-10-04
2750,18,363,270,36,2023-03-26
2751,15,289,34,53,2024-01-06
2752,5,434,132,23,2022-05-23
2753,22,207,251,45,2023-12-01
2754,5,12,333,57,2023-10-15
2755,21,166,134,41,2023-06-11
2756,15,27,445,58,2023-07-14
2757,5,259,42,47,2022-11-22
2758,11,214,376,24,2024-05-15
2759,28,372,152,60,2025-09-05
2760,19,113,41,41,2024-03-14
2761,24,127,200,58,2023-05-31
2762,7,269,116,12,2022-02-24
2763,28,208,394,42,2024-07-14
2764,19,100,0,42,2024-10-27
2765,25,75,419,60,2023-12-11
2766,1,131,31,17,2023-11-26
2767,10,213,244,28,2025-07-07
2768,16,261,29,50,2024-11-09
2769,26,228,246,28,2023-12-10
2770,25,276,266,19,2025-11-08
2771,9,171,492,18,2022-10-30
2772,5,171,151,47,2024-08-06
2773,9,441,470,24,2023-03-09
2774,15,399,-407,45,2024-08-13
2775,5,69,284,13,2022-10-13
2776,16,386,127,48,2022-03-10
2777,23,218,480,26,2022-05-31
2778,10,66666,50,38,2023-08-21
2779,14,344,58,17,2022-05-17
2780,8,112,-172,24,2022-06-10
2781,24,85,179,43,2023-02-09
2782,14,181,59,33,2023-07-20
2783,18,240,289,11,2023-11-09
2784,30,394,406,42,2024-09-17
2785,8,431,251,54,2024-11-22
2786,14,304,393,57,2023-12-08
2787,4,431,487,22,2023-05-21
2788,27,361,481,17,2024-07-09
2789,20,228,273,23,2025-08-15
2790,6,167,333,52,2023-10-02
2791,2,92,498,43,2022-06-17
2792,21,333,14,28,2023-09-10
2793,13,22,123,13,2025-04-10
2794,17,122,253,10,2025-07-30
2795,18,349,243,37,2022-03-14
2796,12,67,85,26,2024-05-24
2797,20,237,51,58,2023-08-10
2798,19,145,349,32,2022-01-05
2799,2,281,246,43,2022-01-15
2800,30,252,258,36,2022-08-01
2801,14,24,313,11,2022-07-09
2802,19,403,492,20,2023-08-10
2803,16,269,140,16,2025-08-24
2804,19,340,-368,47,2025-11-03
2805,11,370,169,18,2024-09-18
2806,22,212,32,32,2022-06-16
2807,11,192,139,37,2022-10-19
2808,21,381,55,58,2023-09-23
2809,26,420,345,52,2022-09-24
2810,28,190,59,29,2022-03-05
2811,4,163,123,43,2022-09-15
2812,4,413,101,38,2024-03-04
2813,6,123,301,41,2022-01-17
2814,2,50,233,33,2025-06-04
2815,23,404,228,23,2022-10-13
2816,12,298,325,49,2022-01-31
2817,12,106,388,27,2025-01-22
2818,14,439,452,49,2023-06-08
2819,13,31,480,40,2025-11-30
2820,30,319,442,41,2024-09-25
2821,30,45,389,41,2024-06-17
2822,21,66666,81,30,2023-03-10
2823,13,124,145,47,2024-11-30
2824,4,300,296,17,2023-08-16
2825,30,216,163,41,2024-12-12
2826,24,448,179,42,2024-08-08
2827,28,169,206,25,2022-09-02
2828,9,361,261,21,2025-08-05
2829,14,177,333,51,2025-10-19
2830,3,121,53,54,2024-09-07
2831,1,196,109,53,2024-05-20
2832,6,385,413,54,2025-09-23
2833,7,378,492,50,2023-11-15
2834,30,114,401,14,2025-12-29
2835,27,343,466,57,2025-10-06
2836,27,329,164,11,2025-10-07
2837,1,79,448,21,2025-02-11
2838,22,410,461,42,2022-01-19
2839,25,343,301,47,2024-03-21
2840,29,328,192,35,2023-06-28
2841,19,351,440,16,2025-04-23
2842,29,62,237,55,2023-05-31
2843,27,301,426,45,2024-09-14
2844,29,103,81,37,2023-05-28
2845,22,272,36,60,2024-01-23
2846,13,201,85,10,2023-08-29
2847,11,122,302,37,2022-05-17
2848,20,440,328,19,2022-09-15
2849,15,70,60,16,2022-07-13
2850,27,73,492,34,2022-08-29
2851,4,236,61,55,2024-12-13
2852,16,107,243,56,2022-02-16
2853,2,352,109,11,2025-11-01
2854,27,228,488,60,2022-01-30
2855,23,77,144,42,2024-08-27
2856,26,57,28,33,2022-09-19
2857,16,343,390,56,2022-05-26
2858,24,391,184,33,2024-06-07
2859,22,27,30,47,2022-10-03
2860,11,111,60,18,2024-04-22
2861,16,274,313,45,2025-02-24
2862,10,318,71,27,2023-11-09
2863,9,208,70,33,2023-11-27
2864,25,355,498,59,2023-02-21
2865,17,66666,108,11,2025-05-20
2866,14,167,494,52,2023-06-23
2867,15,269,194,46,2022-06-23
2868,3,77,110,37,2024-05-18
2869,1,253,250,37,2025-02-12
2870,23,199,350,52,2023-01-24
2871,27,219,471,50,2023-02-15
2872,24,219,276,54,2025-03-08
2873,17,385,449,10,2023-09-21
2874,26,257,360,13,2025-12-25
2875,4,329,30,43,2024-11-09
2876,25,372,207,58,2023-08-21
2877,24,244,257,29,2024-10-15
2878,8,17,45,37,2023-01-12
2879,4,29,215,46,2022-02-28
2880,27,375,475,53,2023-03-10
2881,30,268,107,33,2022-11-12
2882,23,426,67,56,2022-11-18
2883,4,206,79,19,2024-07-20
2884,25,332,62,60,2024-03-25
2885,10,172,181,30,2025-12-31
2886,14,66,283,12,2022-06-16
2887,4,69,286,51,2025-07-08
2888,8,73,437,40,2024-05-10
2889,5,233,428,20,2022-01-14
2890,11,407,429,21,2025-03-03
2891,25,296,461,18,2025-12-25
2892,23,364,491,21,2025-10-21
2893,10,432,415,28,2025-05-19
2894,23,1,288,18,2025-04-11
2895,26,197,435,48,2023-04-21
2896,9,440,195,15,2025-07-03
2897,30,210,16,46,2025-12-16
2898,6,93,400,13,2024-11-04
2899,5,254,387,57,2023-06-18
2900,1,145,241,25,2023-08-06
2901,26,66666,368,20,2024-01-09
2902,29,71,418,38,2023-12-22
2903,25,52,336,52,2024-03-31
2904,8,389,429,16,2022-03-25
2905,30,254,440,52,2025-09-26
2906,21,255,381,45,2025-09-14
2907,10,319,343,52,2023-11-27
2908,28,180,87,34,2022-04-22
2909,28,447,102,48,2023-04-19
2910,6,290,297,37,2024-06-07
2911,25,329,74,21,2025-10-30
2912,2,246,69,38,2022-06-17
2913,9,203,36,15,2023-06-07
2914,15,286,354,43,2025-06-26
2915,20,146,260,53,2023-06-14
2916,26,182,7,20,2024-11-14
2917,24,208,425,49,2022-10-12
2918,20,381,97,12,2025-12-12
2919,9,101,212,34,2024-01-01
2920,28,354,305,44,2022-10-04
2921,14,351,370,38,2025-02-18
2922,5,442,433,57,2025-08-09
2923,16,299,326,56,2024-06-04
2924,4,136,292,37,2025-05-13
2925,26,312,256,43,2025-12-08
2926,21,156,431,54,2025-07-10
2927,16,302,122,46,2023-10-06
2928,4,48,69,13,2023-08-08
2929,26,324,139,46,2023-12-10
2930,30,267,292,42,2024-06-02
2931,19,400,62,22,2024-07-20
2932,5,248,491,32,2025-06-14
2933,26,333,189,56,2024-08-15
2934,21,236,185,48,2024-06-29
2935,13,103,50,10,2022-04-15
2936,29,200,332,29,2024-09-14
2937,14,119,311,14,2025-01-25
2938,1,225,-45,36,2025-11-16
2939,30,244,291,40,2022-01-10
2940,22,59,12,16,2023-03-24
2941,4,98,369,21,2025-07-22
2942,3,355,430,46,2023-09-08
2943,14,348,391,54,2022-06-18
2944,30,162,412,42,2024-05-06
2945,20,312,22,54,2023-07-19
2946,1,142,266,54,2025-02-01
2947,24,287,291,55,2024-03-19
2948,21,107,411,30,2022-07-09
2949,17,39,121,30,2024-05-13
2950,8,66,21,23,2024-05-27
2951,6,320,205,20,2023-11-18
2952,23,250,298,41,2025-03-12
2953,20,99,397,53,2023-08-30
2954,13,223,247,53,2022-01-14
2955,7,320,153,50,2023-06-23
2956,4,401,331,45,2022-06-17
2957,7,305,479,56,2023-03-06
2958,6,201,488,50,2024-12-13
2959,28,448,164,18,2022-10-01
2960,5,78,97,53,2024-05-16
2961,9,272,232,50,2024-06-21
2962,9,429,224,46,2024-02-17
2963,18,37,271,58,2023-07-21
2964,18,246,94,38,2023-04-13
2965,8,150,263,25,2024-07-08
2966,26,294,402,29,2024-07-17
2967,29,107,350,26,2025-07-01
2968,21,391,347,30,2023-12-26
2969,7,368,99,23,2025-09-02
2970,26,37,98,50,2024-05-16
2971,22,403,425,35,2022-01-13
2972,9,23,187,10,2024-08-06
2973,6,229,194,11,2022-06-07
2974,25,243,156,10,2023-01-31
2975,10,186,106,51,2024-03-24
2976,18,403,370,15,2023-09-27
2977,26,87,4,22,2022-01-21
2978,26,440,93,29,2022-07-29
2979,7,363,16,37,2024-12-23
2980,1,417,270,24,2023-05-21
2981,3,348,235,10,2023-02-28
2982,15,62,83,51,2022-07-19
2983,11,244,203,29,2025-07-08
2984,29,234,444,35,2025-12-03
2985,29,199,309,32,2022-07-26
2986,11,351,383,46,2022-05-15
2987,24,5,402,20,2024-01-04
2988,25,149,17,27,2024-08-15
2989,12,433,408,40,2025-02-17
2990,14,270,45,12,2022-01-21
2991,2,356,174,28,2025-07-11
2992,26,181,202,11,2023-12-11
2993,28,177,401,32,2025-05-01
2994,2,312,176,27,2023-12-29
2995,15,95,269,12,2022-11-08
2996,30,192,106,21,2024-09-26
2997,24,90,83,46,2023-05-19
2998,16,176,339,41,2024-02-17
2999,17,86,183,36,2022-06-16
3000,17,13,295,49,2025-09-30
3001,16,336,186,24,2023-05-02
3002,16,149,83,25,2022-05-16
3003,21,153,384,28,2024-11-06
3004,9,318,251,22,2022-11-23
3005,27,86,259,20,2024-04-20
3006,2,329,426,54,2023-06-03
3007,5,245,224,22,2022-03-31
3008,8,345,401,59,2024-07-23
3009,16,445,202,47,2025-01-28
3010,30,96,159,39,2023-01-01
3011,4,230,47,26,2022-07-21
3012,22,210,368,26,2023-01-06
3013,12,340,465,58,2024-08-22
3014,8,223,450,52,2022-07-22
3015,19,391,310,32,2025-05-23
3016,27,340,122,21,2023-07-01
3017,15,47,3,33,2025-09-23
3018,11,242,467,33,2024-04-06
3019,28,444,79,31,2025-12-11
3020,6,43,99,37,2024-10-26
3021,17,356,97,44,2025-09-21
3022,4,45,438,48,2023-08-05
3023,25,410,50,52,2025-02-02
3024,13,379,291,55,2025-12-24
3025,13,359,47,59,2025-11-26
3026,8,273,264,14,2025-11-01
3027,20,397,301,33,2022-08-06
3028,19,142,476,29,2022-07-25
3029,30,390,468,27,2022-11-25
3030,11,8,13,29,2022-03-09
3031,15,241,123,60,2025-03-08
3032,11,16,486,14,2025-06-08
3033,13,272,190,14,2022-03-23
3034,14,101,309,22,2023-12-21
3035,23,25,421,49,2023-05-18
3036,8,222,290,18,2025-07-29
3037,15,201,29,47,2023-10-22
3038,9,105,96,55,2024-10-08
3039,25,98,303,31,2022-07-16
3040,13,299,434,26,2025-07-01
3041,9,110,95,38,2024-06-03
3042,4,119,298,13,2022-01-04
3043,14,220,5,14,2022-09-17
3044,6,371,407,42,2023-08-01
3045,30,423,500,55,2022-12-10
3046,17,325,293,57,2023-06-06
3047,19,240,398,47,2022-03-03
3048,23,92,269,51,2022-12-08
3049,13,273,164,46,2024-02-28
3050,14,315,237,48,2024-10-19
3051,13,54,415,16,2025-06-20
3052,7,402,189,47,2024-12-16
3053,30,117,54,57,2023-06-30
3054,5,255,201,49,2023-11-06
3055,22,330,410,37,2024-05-16
3056,18,130,125,22,2023-12-21
3057,1,44,34,57,2024-08-19
3058,11,190,-84,14,2025-01-04
3059,11,95,186,12,2024-10-28
3060,9,331,125,17,2024-11-10
3061,29,348,185,52,2022-05-25
3062,20,144,46,57,2025-06-27
3063,20,305,232,34,2022-05-10
3064,11,386,36,49,2025-09-09
3065,2,277,132,46,2024-04-26
3066,30,258,488,31,2022-11-11
3067,6,132,146,30,2023-11-20
3068,2,147,192,18,2025-10-07
3069,4,104,271,47,2022-06-12
3070,26,105,16,14,2022-11-20
3071,19,127,114,56,2022-04-15
3072,30,381,474,27,2023-09-01
3073,30,13,493,31,2025-04-04
3074,15,36,85,42,2022-07-23
3075,16,217,318,47,2025-05-22
3076,3,436,12,17,2022-05-15
3077,12,92,267,47,2022-04-12
3078,26,235,357,35,2024-05-08
3079,20,306,189,51,2023-03-04
3080,19,244,479,17,2024-12-10
3081,21,402,367,14,2024-04-29
3082,30,329,411,29,2024-04-17
3083,8,396,243,60,2023-12-31
3084,12,389,54,39,2025-10-17
3085,13,155,457,14,2025-08-03
3086,2,337,247,18,2025-12-17
3087,25,285,-430,56,2023-03-28
3088,13,9,486,49,2022-10-07
3089,7,194,310,38,2024-09-02
3090,22,109,71,19,2022-07-29
3091,10,47,290,21,2025-12-04
3092,25,310,134,60,2022-07-15
3093,16,75,398,35,2025-10-04
3094,13,154,182,39,2024-11-26
3095,8,46,1,10,2023-03-27
3096,7,182,82,22,2022-04-12
3097,17,97,400,29,2025-12-10
3098,12,274,161,51,2023-12-03
3099,9,80,437,52,2025-09-06
3100,17,150,16,55,2023-01-14
3101,7,47,146,35,2023-12-29
3102,27,328,476,46,2025-01-04
3103,17,202,207,51,2023-05-30
3104,1,435,6,19,2025-03-12
3105,20,414,272,17,2024-06-02
3106,24,66,459,33,2023-10-24
3107,8,341,36,25,2024-10-19
3108,29,120,462,26,2022-02-15
3109,26,63,407,36,2024-09-12
3110,9,117,192,41,2022-11-18
3111,21,335,460,53,2023-09-16
3112,16,66,57,48,2022-12-13
3113,18,75,446,24,2024-10-08
3114,26,122,-102,30,2023-10-17
3115,7,121,166,46,2025-09-23
3116,21,332,405,37,2025-03-14
3117,12,449,340,26,2022-04-11
3118,9,94,362,39,2025-03-20
3119,14,283,170,55,2025-09-14
3120,21,396,305,21,2025-08-29
3121,21,433,121,48,2022-02-03
3122,26,316,437,58,2024-10-01
3123,5,184,408,55,2022-08-31
3124,27,232,238,18,2022-04-03
3125,22,140,141,26,2023-09-13
3126,7,411,232,10,2022-01-05
3127,9,368,374,44,2022-10-10
3128,18,83,216,51,2025-06-09
3129,23,13,476,52,2023-01-31
3130,23,188,112,35,2024-05-26
3131,5,306,10,49,2023-07-14
3132,22,45,141,35,2023-08-13
3133,17,174,412,23,2025-10-26
3134,1,128,362,45,2024-12-15
3135,24,204,344,29,2024-07-03
3136,26,269,197,32,2023-09-11
3137,22,137,110,32,2025-06-20
3138,1,104,79,53,2025-01-15
3139,18,209,237,53,2022-01-18
3140,7,254,8,36,2022-12-21
3141,9,52,226,44,2024-08-17
3142,16,66666,179,55,2022-01-11
3143,26,373,4,51,2025-07-09
3144,19,4,76,22,2025-12-22
3145,22,201,189,51,2025-04-10
3146,23,303,102,48,2024-07-16
3147,20,240,283,50,2023-09-04
3148,1,314,415,14,2025-11-01
3149,9,407,400,47,2025-09-07
3150,2,433,51,22,2025-01-24
3151,11,302,162,37,2025-07-05
3152,30,181,344,22,2025-05-16
3153,12,212,285,40,2022-08-28
3154,4,200,243,52,2024-03-06
3155,13,446,346,16,2022-03-21
3156,30,297,471,47,2022-01-27
3157,5,59,290,19,2024-02-08
3158,7,107,74,39,2025-04-24
3159,28,125,54,54,2022-06-01
3160,28,144,-454,12,2025-02-19
3161,29,336,98,39,2023-05-11
3162,20,340,490,30,2022-01-03
3163,13,56,273,39,2024-06-01
3164,10,156,124,44,2023-02-10
3165,17,378,329,28,2025-08-06
3166,11,187,192,14,2023-08-18
3167,27,407,347,54,2024-02-01
3168,11,68,263,29,2024-11-04
3169,18,203,177,49,2022-10-30
3170,20,74,227,40,2022-09-15
3171,12,48,201,37,2025-04-29
3172,24,299,19,37,2024-06-17
3173,30,118,176,34,2025-05-10
3174,25,126,336,49,2023-12-12
3175,1,272,111,39,2022-07-24
3176,14,368,134,60,2024-06-12
3177,9,442,323,19,2025-09-27
3178,6,55,204,43,2022-12-16
3179,29,146,5,30,2022-11-05
3180,5,318,476,18,2023-04-20
3181,18,224,123,41,2025-04-04
3182,29,95,197,39,2023-09-11
3183,12,239,447,42,2023-03-07
3184,12,36,447,60,2023-04-15
3185,4,42,42,21,2022-12-24
3186,25,20,81,60,2024-09-18
3187,9,251,41,58,2024-07-17
3188,12,396,498,58,2024-09-09
3189,14,232,125,38,2024-12-06
3190,7,105,206,32,2022-11-13
3191,18,137,55,14,2025-03-06
3192,18,199,201,53,2022-09-07
3193,24,248,489,48,2025-07-18
3194,23,242,243,46,2024-11-16
3195,29,332,195,33,2025-09-14
3196,15,194,23,24,2024-10-31
3197,27,91,383,48,2022-04-17
3198,3,376,491,46,2022-11-28
3199,2,42,481,53,2022-06-13
3200,20,380,49,20,2022-07-06
3201,12,319,219,44,2023-08-19
3202,12,207,415,28,2025-06-29
3203,20,52,278,39,2024-05-16
3204,18,14,221,33,2022-02-23
3205,7,94,25,43,2023-04-04
3206,14,169,220,37,2024-05-09
3207,1,412,389,42,2024-11-08
3208,8,192,379,57,2023-03-21
3209,8,113,63,23,2023-01-01
3210,10,103,216,35,2022-07-02
3211,3,112,290,26,2024-12-10
3212,9,149,377,21,2022-06-17
3213,15,147,137,50,2024-10-29
3214,21,27,111,51,2022-02-15
3215,6,408,350,40,2022-01-29
3216,30,140,451,44,2025-02-10
3217,30,282,38,41,2025-03-04
3218,20,315,413,28,2025-03-09
3219,16,355,15,21,2024-02-19
3220,24,175,287,52,2024-09-25
3221,16,73,-293,27,2024-10-28
3222,30,426,205,57,2022-09-07
3223,13,50,457,49,2022-01-18
3224,10,412,448,17,2025-09-29
3225,20,60,367,34,2024-07-10
3226,11,12,310,39,2025-12-17
3227,21,45,36,29,2025-02-02
3228,6,427,499,30,2023-10-17
3229,29,285,138,47,2022-10-19
3230,27,236,437,13,2025-05-20
3231,2,130,247,20,2025-03-09
3232,20,362,433,53,2022-12-07
3233,8,291,184,40,2024-09-21
3234,27,100,374,16,2025-07-20
3235,24,426,354,12,2024-12-21
3236,9,125,227,24,2023-12-08
3237,4,419,488,22,2022-02-25
3238,23,68,100,15,2022-01-09
3239,19,176,378,15,2023-02-22
3240,21,407,353,49,2023-12-16
3241,18,384,33,38,2025-02-22
3242,3,375,430,29,2025-11-16
3243,30,110,81,13,2023-02-07
3244,10,205,39,13,2024-07-26
3245,19,327,186,26,2025-07-13
3246,6,117,233,51,2025-12-06
3247,21,121,368,60,2023-04-29
3248,21,319,229,16,2024-12-07
3249,12,296,455,40,2022-02-22
3250,9,172,473,29,2024-07-20
3251,13,407,489,36,2022-04-30
3252,18,152,199,23,2022-12-07
3253,10,178,365,55,2025-06-09
3254,12,259,424,29,2025-02-17
3255,4,429,151,16,2025-10-12
3256,20,286,335,33,2024-12-27
3257,8,212,317,30,2022-06-09
3258,28,397,52,44,2023-11-25
3259,16,262,167,12,2024-11-08
3260,10,285,385,47,2025-05-28
3261,26,289,6,53,2023-06-15
3262,27,11,382,20,2025-12-22
3263,19,437,-227,55,2022-04-04
3264,2,229,392,36,2025-08-06
3265,30,358,175,47,2024-02-27
3266,27,379,426,56,2025-09-05
3267,25,375,115,35,2022-03-10
3268,1,326,264,23,2023-08-19
3269,16,253,461,19,2023-05-24
3270,7,397,308,16,2022-11-29
3271,15,185,208,55,2022-11-13
3272,20,131,416,22,2023-12-31
3273,29,445,38,45,2022-12-08
3274,18,181,472,26,2025-11-25
3275,2,256,309,58,2025-01-10
3276,29,301,151,49,2023-10-21
3277,10,74,76,37,2023-08-12
3278,17,12,179,24,2024-03-11
3279,15,172,404,47,2022-08-17
3280,14,250,467,39,2022-03-17
3281,13,8,225,59,2022-10-26
3282,19,377,321,29,2025-07-04
3283,19,193,481,34,2023-05-10
3284,18,134,55,38,2022-07-25
3285,3,29,21,10,2025-06-17
3286,2,421,60,57,2024-05-01
3287,27,118,-439,46,2025-04-22
3288,16,403,368,34,2022-12-03
3289,17,343,93,49,2023-06-20
3290,12,66,478,23,2022-02-28
3291,22,353,434,14,2022-07-05
3292,23,343,302,14,2024-05-10
3293,9,299,130,38,2022-07-06
3294,10,15,362,59,2024-05-09
3295,25,34,404,44,2023-09-22
3296,18,157,437,30,2024-03-28
3297,19,268,197,41,2024-01-11
3298,26,392,337,24,2024-09-28
3299,4,36,161,55,2025-05-16
3300,1,139,168,44,2024-04-07
3301,11,384,203,42,2023-11-06
3302,26,151,391,14,2023-09-05
3303,8,49,68,46,2022-12-06
3304,29,395,372,16,2024-02-12
3305,28,192,382,26,2023-01-15
3306,17,120,494,42,2024-03-11
3307,2,263,151,52,2022-06-26
3308,5,312,18,14,2024-11-12
3309,13,315,108,30,2022-12-01
3310,8,359,204,47,2024-08-29
3311,12,8,28,15,2025-03-20
3312,17,22,468,22,2025-11-06
3313,12,446,61,14,2023-02-24
3314,28,353,85,53,2022-04-18
3315,22,53,15,59,2023-04-10
3316,18,329,475,12,2023-06-02
3317,21,348,165,41,2023-07-12
3318,1,134,230,50,2024-12-21
3319,19,132,296,57,2022-04-03
3320,24,438,309,34,2023-12-20
3321,19,188,106,43,2022-11-01
3322,16,323,256,19,2022-11-11
3323,3,367,168,45,2025-03-21
3324,8,333,390,22,2022-10-27
3325,11,164,332,36,2023-03-30
3326,20,85,211,48,2023-02-02
3327,24,142,169,21,2025-02-21
3328,15,89,105,31,2022-05-07
3329,27,324,252,15,2022-02-28
3330,1,322,418,42,2024-01-11
3331,29,97,23,31,2025-03-24
3332,1,123,412,26,2024-11-30
3333,10,129,480,31,2022-04-03
3334,1,351,257,52,2022-12-06
3335,13,388,-343,41,2024-12-12
3336,12,115,372,42,2022-07-31
3337,23,215,78,39,2023-11-20
3338,22,50,191,19,2022-10-29
3339,2,248,100,23,2022-07-24
3340,10,243,469,29,2022-03-04
3341,21,150,465,49,2022-03-03
3342,9,13,452,49,2024-12-31
3343,23,300,382,27,2023-03-09
3344,21,399,86,47,2023-07-30
3345,13,49,407,54,2024-10-25
3346,6,157,259,21,2023-11-05
3347,15,12,130,33,2022-08-09
3348,26,288,84,26,2023-05-11
3349,8,248,356,11,2022-09-24
3350,1,175,250,19,2023-12-13
3351,4,435,180,23,2023-04-01
3352,9,168,191,45,2022-10-17
3353,9,66666,264,49,2023-08-19
3354,30,66,260,27,2023-08-28
3355,22,131,218,44,2025-10-05
3356,14,179,262,21,2022-06-17
3357,6,242,143,24,2024-12-17
3358,29,309,466,32,2023-06-17
3359,11,21,189,55,2023-04-23
3360,24,252,440,44,2022-11-17
3361,23,22,164,19,2023-09-26
3362,18,310,69,37,2024-05-18
3363,21,7,-129,32,2024-04-08
3364,26,371,78,21,2024-06-15
3365,19,233,341,28,2024-05-20
3366,19,64,166,32,2022-11-26
3367,14,259,67,57,2025-02-08
3368,25,66666,256,23,2024-07-21
3369,28,342,147,23,2023-08-03
3370,24,399,442,49,2023-10-21
3371,7,230,488,39,2023-06-10
3372,1,370,463,25,2022-05-03
3373,15,221,62,18,2024-08-26
3374,27,106,461,39,2025-03-25
3375,14,104,331,19,2024-09-22
3376,4,2,438,54,2024-03-24
3377,23,315,206,18,2025-04-29
3378,9,289,225,34,2022-12-30
3379,30,116,420,21,2022-10-27
3380,10,282,118,57,2025-06-16
3381,2,30,56,31,2023-06-27
3382,13,41,231,13,2022-10-13
3383,26,137,208,11,2023-04-24
3384,26,29,354,20,2025-06-09
3385,11,289,59,58,2023-12-22
3386,9,185,84,54,2022-09-29
3387,20,75,106,37,2025-11-12
3388,11,358,281,37,2023-05-03
3389,9,69,120,57,2023-03-19
3390,5,2,101,31,2024-10-03
3391,7,405,256,13,2023-04-15
3392,6,264,193,43,2023-04-19
3393,7,88,388,53,2022-07-16
3394,9,122,326,33,2025-05-12
3395,16,179,224,37,2023-08-19
3396,11,70,442,42,2025-06-07
3397,16,428,102,59,2024-05-03
3398,8,30,297,55,2024-03-25
3399,1,126,38,31,2024-05-03
3400,10,36,301,39,2025-11-08
3401,6,58,-377,14,2023-03-06
3402,26,428,58,58,2025-01-24
3403,30,119,14,19,2023-06-25
3404,11,385,112,19,2024-10-30
3405,14,425,-312,26,2024-04-03
3406,9,439,442,38,2023-12-09
3407,5,86,455,57,2024-04-12
3408,1,315,389,57,2025-10-17
3409,26,161,206,38,2025-06-11
3410,13,416,81,53,2022-06-17
3411,20,330,332,24,2024-01-23
3412,30,421,104,13,2025-08-16
3413,20,235,279,27,2024-12-29
3414,11,1,143,48,2022-11-20
3415,18,144,260,54,2024-11-03
3416,6,272,362,19,2025-01-05
3417,25,336,397,53,2023-03-24
3418,3,444,190,26,2024-06-13
3419,6,96,262,55,2022-07-16
3420,11,324,103,54,2023-06-22
3421,26,284,185,14,2022-08-25
3422,16,102,450,28,2022-04-13
3423,6,359,410,47,2023-06-30
3424,13,429,409,38,2023-10-18
3425,28,132,433,24,2022-12-07
3426,23,330,52,15,2025-02-28
3427,2,3,125,21,2022-12-23
3428,21,179,63,39,2022-10-19
3429,14,86,58,16,2024-01-02
3430,26,133,473,31,2023-08-17
3431,14,164,308,35,2022-10-02
3432,21,118,484,36,2025-05-04
3433,19,33,176,28,2023-11-22
3434,9,243,324,13,2025-06-29
3435,1,161,480,40,2025-11-01
3436,9,226,250,20,2023-01-22
3437,27,82,279,54,2024-12-24
3438,24,207,275,53,2025-04-30
3439,1,302,293,55,2023-11-23
3440,14,371,223,43,2022-08-26
3441,3,357,479,37,2023-03-19
3442,14,350,221,19,2023-11-27
3443,18,243,455,12,2022-12-09
3444,25,131,83,14,2022-04-29
3445,25,299,225,50,2023-01-25
3446,8,186,345,29,2023-10-04
3447,14,424,146,46,2024-08-27
3448,13,73,261,27,2023-03-13
3449,1,114,26,11,2025-05-08
3450,29,99,2,32,2024-01-12
3451,2,430,169,52,2022-12-18
3452,11,423,363,24,2025-07-10
3453,22,68,170,45,2022-12-31
3454,13,282,329,47,2023-05-01
3455,22,392,225,55,2022-02-28
3456,22,445,185,52,2025-06-09
3457,2,402,394,35,2023-03-05
3458,14,66666,241,15,2023-07-22
3459,13,356,-211,39,2024-08-30
3460,11,418,225,25,2023-01-05
3461,14,365,353,21,2025-02-27
3462,5,307,260,43,2022-08-19
3463,18,78,142,56,2025-08-12
3464,10,85,135,42,2025-12-06
3465,21,295,173,29,2023-09-25
3466,6,216,320,55,2022-02-10
3467,25,344,99,20,2023-07-19
3468,12,109,3,60,2022-06-27
3469,1,346,9,23,2025-12-18
3470,30,175,287,22,2025-10-10
3471,20,425,55,45,2022-02-16
3472,12,179,331,43,2022-03-29
3473,30,405,298,12,2023-04-19
3474,15,204,269,27,2025-07-31
3475,13,159,182,16,2023-06-26
3476,30,134,383,42,2024-12-02
3477,12,266,121,30,2022-02-16
3478,13,196,343,18,2023-11-20
3479,19,384,435,51,2022-09-17
3480,7,445,295,20,2025-06-27
3481,27,28,414,45,2025-07-26
3482,28,50,362,45,2023-12-04
3483,7,123,173,55,2025-02-19
3484,14,390,85,13,2022-09-17
3485,16,248,367,35,2023-11-22
3486,23,382,235,22,2025-06-14
3487,7,64,228,17,2024-04-27
3488,14,142,449,33,2022-03-27
3489,14,100,69,21,2023-12-06
3490,14,422,122,46,2022-02-17
3491,10,160,278,31,2022-07-22
3492,29,195,162,30,2025-02-15
3493,10,176,72,25,2022-09-16
3494,6,112,427,32,2023-05-08
3495,3,434,174,33,2022-04-11
3496,29,96,143,36,2023-07-01
3497,13,382,372,58,2023-05-24
3498,20,371,105,44,2025-10-03
3499,9,180,104,26,2023-04-10
3500,17,379,106,44,2023-12-07
3501,18,153,335,22,2025-01-28
3502,28,137,339,46,2022-05-05
3503,16,71,57,57,2022-07-14
3504,7,387,156,15,2025-12-29
3505,2,125,268,30,2022-10-18
3506,22,154,393,30,2025-05-26
3507,4,257,-393,29,2024-06-23
3508,26,8,352,49,2025-06-16
3509,13,178,304,34,2025-10-31
3510,14,364,466,12,2024-05-18
3511,26,185,218,11,2023-12-06
3512,8,126,229,30,2023-12-03
3513,10,277,126,45,2025-08-10
3514,26,220,159,43,2024-10-05
3515,22,308,78,22,2023-10-27
3516,21,358,411,16,2022-10-31
3517,28,343,72,28,2022-06-26
3518,4,180,314,23,2023-01-18
3519,6,415,159,52,2022-05-13
3520,12,144,166,55,2024-05-19
3521,30,101,304,15,2023-07-19
3522,20,225,261,26,2023-04-09
3523,17,388,135,40,2025-05-10
3524,24,185,449,59,2024-08-20
3525,23,268,141,43,2025-03-01
3526,9,48,376,50,2024-08-18
3527,22,128,127,12,2023-12-11
3528,27,424,348,45,2025-05-19
3529,25,135,275,49,2022-07-30
3530,17,130,372,59,2025-10-30
3531,20,318,171,39,2025-08-06
3532,1,426,29,53,2022-02-10
3533,11,104,120,45,2022-06-03
3534,7,354,165,50,2025-01-08
3535,24,265,130,14,2025-07-06
3536,24,338,145,37,2024-12-22
3537,16,62,373,58,2024-09-03
3538,30,388,448,60,2023-06-23
3539,18,239,227,45,2024-03-10
3540,12,435,0,17,2022-10-18
3541,16,160,315,31,2022-07-10
3542,27,339,153,45,2022-05-17
3543,25,187,221,47,2023-03-22
3544,25,78,431,56,2024-12-13
3545,27,321,-213,37,2023-05-11
3546,6,145,75,36,2022-04-20
3547,25,330,270,13,2022-06-04
3548,11,144,311,23,2022-09-14
3549,4,127,163,33,2022-07-16
3550,20,354,151,42,2025-08-12
3551,3,362,335,43,2025-07-31
3552,29,16,335,10,2024-11-28
3553,11,364,274,25,2024-03-17
3554,26,426,236,38,2023-05-24
3555,4,358,183,35,2024-07-12
3556,19,69,295,54,2022-07-20
3557,23,276,425,22,2025-12-01
3558,12,345,181,46,2024-09-05
3559,13,115,67,19,2023-08-06
3560,3,179,82,52,2022-11-07
3561,26,255,57,23,2023-08-06
3562,18,449,315,16,2025-10-27
3563,29,168,22,48,2022-10-25
3564,28,84,159,52,2022-06-28
3565,19,101,316,35,2023-07-16
3566,2,181,293,52,2022-09-20
3567,3,9,108,10,2025-09-26
3568,2,395,61,33,2023-01-18
3569,11,67,399,21,2023-06-23
3570,21,416,294,52,2024-04-07
3571,28,145,29,40,2023-06-28
3572,21,281,222,28,2024-11-03
3573,26,348,289,44,2022-07-12
3574,7,322,415,12,2023-02-01
3575,27,307,214,17,2023-05-25
3576,8,423,79,31,2023-06-08
3577,4,122,464,35,2025-11-06
3578,3,190,449,54,2023-09-06
3579,26,139,99,24,2024-10-22
3580,23,255,12,28,2023-10-09
3581,3,274,195,47,2025-03-18
3582,20,82,155,41,2024-05-19
3583,21,378,380,37,2023-07-12
3584,26,281,405,50,2025-09-08
3585,7,198,328,55,2024-07-24
3586,23,438,292,58,2022-08-21
3587,12,282,357,32,2023-02-22
3588,3,69,134,30,2024-09-15
3589,1,372,207,53,2025-11-19
3590,23,228,217,56,2025-04-04
3591,21,303,110,45,2025-05-22
3592,1,257,266,50,2025-06-17
3593,28,105,208,54,2023-01-12
3594,26,111,191,52,2022-11-18
3595,21,423,81,34,2022-06-26
3596,29,405,324,38,2024-09-12
3597,7,72,444,54,2024-03-14
3598,24,450,485,44,2025-04-18
3599,22,443,487,43,2023-01-26
3600,30,257,483,50,2025-01-01
3601,13,317,375,27,2024-09-18
3602,9,342,124,43,2022-03-24
3603,11,282,13,47,2024-09-29
3604,10,220,9,55,2022-12-23
3605,11,428,224,60,2023-12-29
3606,8,156,5,19,2023-04-23
3607,9,103,477,32,2024-05-07
3608,11,369,367,47,2023-06-25
3609,30,399,329,32,2024-07-22
3610,26,315,469,15,2022-02-02
3611,22,168,294,41,2022-10-26
3612,6,381,106,14,2025-10-27
3613,24,353,472,32,2025-10-02
3614,1,207,78,45,2022-04-21
3615,17,394,397,23,2024-03-17
3616,15,322,122,18,2024-06-15
3617,7,238,476,33,2024-01-14
3618,6,288,116,55,2023-09-15
3619,23,85,430,39,2025-09-06
3620,4,198,108,48,2024-10-12
3621,5,168,479,10,2025-10-09
3622,30,150,172,12,2023-01-28
3623,7,279,237,35,2022-07-31
3624,20,263,134,54,2025-02-18
3625,4,117,425,55,2024-11-03
3626,17,68,80,14,2023-05-22
3627,3,108,-436,50,2022-05-22
3628,28,118,333,20,2023-08-11
3629,2,215,485,41,2023-05-30
3630,7,278,283,36,2023-12-04
3631,13,242,52,23,2025-12-14
3632,4,370,497,11,2024-03-18
3633,14,274,107,20,2022-12-26
3634,11,188,164,53,2022-01-04
3635,16,112,130,56,2022-02-26
3636,12,291,479,57,2023-01-04
3637,2,190,56,15,2025-02-08
3638,2,128,406,25,2022-11-30
3639,23,46,433,16,2025-10-31
3640,7,84,131,42,2024-11-21
3641,18,112,31,13,2025-11-19
3642,1,367,1,20,2023-04-22
3643,19,228,91,37,2025-06-11
3644,4,8,353,10,2023-07-16
3645,19,99,407,33,2024-08-08
3646,8,107,454,50,2025-03-14
3647,29,415,295,58,2023-11-13
3648,2,379,424,53,2022-01-19
3649,21,127,134,22,2024-03-28
3650,14,341,197,58,2024-10-22
3651,28,72,469,37,2025-11-06
3652,8,245,43,48,2024-10-28
3653,19,444,169,48,2025-06-15
3654,26,114,199,14,2022-11-16
3655,17,359,295,38,2025-09-08
3656,3,288,161,53,2024-12-27
3657,20,186,475,21,2025-04-02
3658,14,398,246,28,2024-12-23
3659,1,2,287,55,2023-07-07
3660,5,33,429,49,2025-12-20
3661,18,138,90,14,2025-05-04
3662,23,422,24,34,2022-12-13
3663,8,361,475,12,2022-06-18
3664,14,115,308,50,2025-11-19
3665,13,174,238,32,2023-01-07
3666,25,110,482,54,2024-06-05
3667,10,435,221,34,2023-10-09
3668,2,242,18,44,2025-08-28
3669,30,58,170,15,2025-09-23
3670,10,426,486,33,2023-01-12
3671,21,200,421,51,2024-07-12
3672,25,317,89,38,2023-07-26
3673,20,15,276,43,2024-06-09
3674,19,80,274,54,2023-12-27
3675,10,102,89,55,2023-05-02
3676,7,346,81,28,2022-10-30
3677,25,133,101,42,2022-12-06
3678,26,386,35,28,2024-02-27
3679,20,223,416,43,2023-02-06
3680,29,72,245,36,2022-06-29
3681,30,142,158,60,2022-06-28
3682,16,58,113,13,2022-05-10
3683,30,224,253,38,2022-12-02
3684,29,343,363,34,2022-03-24
3685,2,324,474,25,2024-11-14
3686,28,275,201,59,2025-12-15
3687,19,48,435,55,2023-07-04
3688,18,161,38,14,2022-07-01
3689,23,149,367,35,2023-03-27
3690,17,241,491,53,2025-09-15
3691,7,23,47,35,2024-12-10
3692,1,267,193,57,2022-12-02
3693,14,237,471,45,2022-03-09
3694,24,89,477,15,2024-11-08
3695,17,19,430,30,2023-07-10
3696,1,54,104,49,2022-03-27
3697,23,386,90,25,2024-09-17
3698,28,228,35,45,2025-10-09
3699,6,194,166,30,2023-01-28
3700,18,274,16,37,2024-08-26
3701,1,173,216,27,2024-02-19
3702,30,18,199,22,2022-09-04
3703,8,360,148,50,2023-06-09
3704,27,430,-10,50,2024-08-05
3705,19,107,227,27,2022-10-30
3706,9,114,247,45,2024-01-09
3707,11,33,284,15,2023-06-22
3708,27,244,277,56,2022-03-03
3709,2,308,391,31,2024-05-08
3710,3,95,280,16,2023-01-07
3711,7,299,103,52,2022-12-24
3712,1,124,112,43,2022-04-01
3713,10,381,337,54,2023-12-28
3714,3,36,331,18,2025-05-09
3715,8,66666,299,31,2025-10-24
3716,14,81,142,11,2023-06-29
3717,18,158,500,19,2025-12-31
3718,21,132,64,48,2025-10-24
3719,28,204,292,49,2025-07-21
3720,28,431,214,14,2024-07-07
3721,26,251,47,45,2024-04-04
3722,6,142,131,37,2022-04-20
3723,1,278,482,44,2025-09-10
3724,27,391,52,27,2024-03-07
3725,5,334,461,14,2025-09-02
3726,14,103,92,38,2023-07-03
3727,12,4,18,31,2022-01-28
3728,11,298,181,49,2023-11-20
3729,8,310,464,23,2024-03-27
3730,12,272,383,43,2025-12-25
3731,9,178,448,56,2024-06-27
3732,12,69,45,45,2022-01-09
3733,17,232,296,19,2025-06-23
3734,30,270,412,21,2023-07-13
3735,11,118,138,39,2025-12-30
3736,3,148,3,60,2022-04-20
3737,4,219,168,56,2022-02-14
3738,17,135,219,52,2022-04-19
3739,26,193,415,31,2022-02-02
3740,29,338,499,34,2023-01-29
3741,30,366,441,30,2022-02-07
3742,30,242,303,44,2023-05-07
3743,2,285,218,11,2024-06-27
3744,25,77,-227,51,2022-10-09
3745,8,87,456,47,2025-06-04
3746,5,401,500,33,2023-04-23
3747,7,234,85,57,2022-04-27
3748,25,38,81,45,2025-02-19
3749,20,331,43,53,2022-05-14
3750,30,197,98,27,2023-10-22
3751,17,337,418,28,2023-09-05
3752,29,4,279,60,2022-05-06
3753,7,248,209,60,2024-06-13
3754,13,298,201,36,2024-10-18
3755,6,9,274,50,2025-11-14
3756,20,408,388,36,2024-10-03
3757,1,45,273,60,2023-05-03
3758,6,110,283,57,2023-01-30
3759,27,125,264,43,2024-02-05
3760,1,121,39,60,2025-09-30
3761,26,263,257,51,2025-07-10
3762,10,334,268,12,2025-10-15
3763,21,326,198,28,2022-07-08
3764,18,228,443,19,2022-12-24
3765,21,154,71,32,2023-03-16
3766,9,397,466,21,2024-07-11
3767,29,133,237,35,2023-01-02
3768,6,246,464,13,2022-03-27
3769,22,394,118,13,2022-08-05
3770,29,439,44,38,2022-11-24
3771,20,3,442,17,2024-04-04
3772,17,217,381,22,2024-11-29
3773,15,333,110,22,2024-12-28
3774,8,287,450,42,2024-02-29
3775,20,320,217,24,2025-03-22
3776,13,250,144,48,2023-03-18
3777,11,30,353,21,2024-04-23
3778,19,116,67,16,2022-07-13
3779,16,297,36,48,2025-11-11
3780,29,167,153,22,2025-06-15
3781,24,329,420,36,2023-11-20
3782,15,61,56,46,2023-08-31
3783,3,87,359,22,2022-12-10
3784,19,265,359,12,2022-10-23
3785,30,66666,63,22,2022-01-18
3786,24,234,186,41,2023-11-28
3787,5,41,-64,53,2023-12-05
3788,8,182,411,57,2025-09-10
3789,9,450,435,18,2022-06-24
3790,2,273,455,24,2022-02-11
3791,10,339,449,45,2022-12-13
3792,22,415,78,31,2022-07-27
3793,28,268,470,50,2024-11-02
3794,5,77,398,23,2024-03-15
3795,26,407,423,35,2022-05-21
3796,4,333,307,17,2024-12-26
3797,10,274,383,15,2023-09-30
3798,23,76,121,12,2025-10-21
3799,23,233,229,57,2024-11-17
3800,10,27,39,40,2024-12-10
3801,16,312,243,48,2023-02-06
3802,24,40,23,31,2022-08-05
3803,15,101,230,21,2025-07-29
3804,2,268,354,17,2025-11-11
3805,6,267,206,10,2022-01-07
3806,4,278,389,20,2023-05-01
3807,5,414,234,59,2022-09-16
3808,6,318,40,47,2025-04-30
3809,21,293,204,12,2025-10-30
3810,25,379,57,35,2024-11-25
3811,22,60,226,32,2022-01-27
3812,19,433,403,49,2022-05-03
3813,3,396,156,15,2024-09-07
3814,8,329,193,54,2022-06-22
3815,20,110,299,30,2022-12-24
3816,1,431,310,21,2023-12-19
3817,22,426,61,20,2024-09-29
3818,14,213,271,12,2024-03-21
3819,19,175,429,46,2022-11-08
3820,11,381,343,10,2024-01-07
3821,19,398,479,60,2025-02-10
3822,22,204,402,29,2025-01-25
3823,16,382,256,33,2022-03-18
3824,8,369,458,16,2025-02-25
3825,14,275,489,50,2025-10-22
3826,22,411,125,30,2024-05-19
3827,22,198,286,23,2024-03-13
3828,4,445,140,48,2022-10-27
3829,13,312,157,52,2023-09-25
3830,7,137,275,25,2024-05-07
3831,16,388,36,20,2025-07-13
3832,21,57,41,45,2025-06-23
3833,30,14,191,48,2022-02-24
3834,14,434,119,22,2023-03-20
3835,25,416,489,41,2023-03-31
3836,28,374,69,22,2022-09-13
3837,14,374,159,24,2025-01-14
3838,5,227,498,11,2022-03-01
3839,6,269,176,45,2024-02-24
3840,17,291,204,42,2025-07-14
3841,16,391,483,17,2022-12-28
3842,11,65,260,30,2023-06-13
3843,22,80,174,33,2025-08-19
3844,12,27,131,49,2022-08-04
3845,15,98,276,50,2023-01-28
3846,17,129,66,34,2025-01-23
3847,6,150,48,24,2025-05-27
3848,27,156,45,51,2024-01-26
3849,11,158,97,10,2024-04-13
3850,6,212,141,40,2024-08-23
3851,6,218,188,37,2025-10-17
3852,12,371,37,51,2025-10-19
3853,28,128,187,45,2022-01-28
3854,3,417,471,54,2023-09-17
3855,15,52,229,32,2024-09-10
3856,9,98,318,29,2024-11-06
3857,17,299,200,57,2024-02-16
3858,21,256,141,26,2022-10-04
3859,16,85,403,10,2025-09-07
3860,18,202,476,59,2022-02-03
3861,4,22,481,40,2022-03-09
3862,28,263,26,21,2023-07-06
3863,20,409,154,37,2023-12-20
3864,7,112,204,36,2023-07-12
3865,5,384,172,25,2023-08-02
3866,11,222,331,19,2025-01-24
3867,15,66666,256,27,2022-01-27
3868,5,373,232,40,2024-06-13
3869,12,13,110,34,2024-05-28
3870,2,79,192,29,2023-01-09
3871,30,380,492,26,2024-10-22
3872,10,55,85,29,2025-11-25
3873,10,128,254,12,2025-06-11
3874,6,344,141,51,2023-03-10
3875,20,342,85,38,2023-09-14
3876,14,198,80,37,2024-10-17
3877,20,5,61,27,2022-01-05
3878,21,11,307,45,2022-06-19
3879,25,103,181,23,2024-07-08
3880,2,59,474,42,2022-04-26
3881,25,33,49,44,2022-10-30
3882,14,442,197,35,2024-08-01
3883,24,442,27,53,2023-07-10
3884,7,148,496,36,2022-12-17
3885,27,422,184,55,2023-10-08
3886,24,104,84,58,2024-01-06
3887,20,254,94,13,2025-05-30
3888,9,271,473,29,2022-06-03
3889,10,361,63,24,2025-05-26
3890,18,295,311,19,2023-12-01
3891,30,43,387,58,2023-04-18
3892,29,224,343,41,2025-03-30
3893,24,332,108,20,2022-10-22
3894,30,413,329,33,2024-12-18
3895,11,94,98,13,2023-02-02
3896,2,265,416,59,2022-05-04
3897,6,314,296,46,2024-02-10
3898,3,120,5,47,2023-12-13
3899,5,349,491,49,2023-05-29
3900,11,125,287,20,2025-09-28
3901,23,359,43,54,2024-04-24
3902,17,443,291,20,2023-07-14
3903,24,3,47,50,2024-06-04
3904,9,151,72,34,2023-03-24
3905,13,202,114,50,2024-08-30
3906,29,77,5,50,2025-04-17
3907,6,414,490,38,2025-11-30
3908,1,154,478,26,2024-08-15
3909,27,169,231,17,2025-05-27
3910,18,23,471,43,2025-10-19
3911,1,88,181,19,2024-01-16
3912,23,260,426,26,2025-11-26
3913,21,428,57,48,2022-06-24
3914,11,205,212,47,2022-07-12
3915,18,377,78,51,2023-04-19
3916,6,134,336,57,2024-10-23
3917,2,332,99,54,2025-07-21
3918,9,32,397,52,2024-05-14
3919,10,201,99,32,2024-08-31
3920,29,243,376,16,2023-04-29
3921,10,138,148,16,2023-09-01
3922,14,11,417,18,2022-08-25
3923,3,257,455,20,2025-03-15
3924,17,280,186,49,2025-08-11
3925,30,276,459,42,2025-01-17
3926,6,240,186,59,2023-05-26
3927,17,29,426,15,2024-07-16
3928,19,2,468,52,2023-06-23
3929,28,366,47,42,2025-04-03
3930,11,228,252,21,2025-12-31
3931,10,295,308,45,2025-01-12
3932,3,138,168,57,2023-05-16
3933,17,449,457,29,2024-01-06
3934,19,85,361,46,2024-11-02
3935,1,437,144,60,2025-10-15
3936,30,2,291,51,2025-09-19
3937,14,118,156,60,2022-01-21
3938,10,345,375,14,2022-03-30
3939,12,226,44,17,2024-09-10
3940,21,172,273,24,2023-10-27
3941,17,305,358,26,2025-10-18
3942,25,191,285,48,2022-04-25
3943,22,24,89,45,2025-11-10
3944,17,298,245,43,2023-09-05
3945,8,149,266,18,2025-03-07
3946,5,252,415,36,2024-08-04
3947,23,9,278,32,2025-05-01
3948,11,38,19,35,2023-12-09
3949,2,373,42,48,2025-04-20
3950,13,228,193,26,2024-07-26
3951,19,44,24,30,2024-04-01
3952,25,60,184,21,2023-07-04
3953,1,389,305,54,2025-01-20
3954,27,388,389,52,2022-11-22
3955,10,69,306,31,2025-04-23
3956,30,411,322,42,2024-10-17
3957,22,191,403,36,2022-10-25
3958,23,119,290,60,2025-09-12
3959,13,354,55,51,2024-02-07
3960,5,220,304,23,2025-03-10
3961,19,143,170,18,2023-08-02
3962,1,21,312,45,2022-04-02
3963,21,258,405,29,2023-03-01
3964,18,131,12,47,2025-07-23
3965,16,232,475,25,2025-02-23
3966,9,220,372,60,2023-02-21
3967,21,339,159,13,2024-03-29
3968,9,279,36,39,2024-04-04
3969,1,57,363,22,2022-10-08
3970,5,229,199,46,2022-06-09
3971,21,41,43,43,2024-02-16
3972,2,91,349,22,2023-01-15
3973,14,321,472,13,2022-02-11
3974,1,152,52,60,2022-04-21
3975,30,308,463,15,2023-06-16
3976,5,38,425,54,2023-03-29
3977,3,407,423,31,2025-11-25
3978,16,389,324,39,2024-02-19
3979,20,66666,325,38,2024-12-27
3980,16,78,175,31,2024-07-13
3981,28,281,68,44,2023-04-01
3982,26,136,37,55,2024-04-28
3983,26,247,77,40,2024-06-18
3984,19,330,38,19,2025-03-14
3985,28,61,221,12,2022-08-23
3986,26,69,435,27,2025-05-22
3987,14,414,132,27,2023-12-27
3988,20,248,319,12,2022-07-29
3989,28,21,316,12,2025-03-29
3990,20,276,463,47,2025-05-14
3991,21,133,292,32,2022-07-20
3992,24,180,85,44,2025-02-24
3993,5,202,396,13,2024-05-22
3994,6,297,366,14,2024-02-20
3995,5,37,68,47,2025-06-19
3996,22,299,489,21,2024-09-09
3997,23,379,462,56,2023-06-22
3998,14,428,440,44,2024-01-30
3999,11,299,483,51,2025-01-03
4000,23,230,240,28,2024-01-20
4001,22,346,83,58,2023-08-01
4002,19,139,228,19,2023-02-20
4003,7,50,118,49,2024-04-16
4004,6,79,403,50,2025-02-17
4005,23,308,113,17,2023-07-20
4006,6,260,153,35,2025-11-19
4007,26,106,269,59,2025-01-23
4008,24,123,72,35,2022-05-21
4009,28,221,207,32,2024-03-17
4010,12,50,335,23,2023-07-30
4011,14,381,84,43,2025-11-28
4012,20,224,49,19,2024-09-04
4013,20,185,158,44,2023-11-30
4014,2,24,333,29,2024-04-19
4015,6,160,487,41,2022-05-05
4016,4,447,432,33,2022-03-06
4017,13,413,397,43,2023-02-17
4018,16,166,353,53,2022-07-05
4019,22,219,136,25,2025-03-22
4020,28,276,486,58,2022-11-06
4021,24,268,120,26,2023-07-24
4022,2,423,272,45,2025-03-24
4023,18,434,160,50,2024-02-20
4024,4,327,484,25,2024-06-27
4025,1,38,420,32,2024-07-07
4026,30,235,171,52,2024-03-15
4027,14,417,85,46,2023-12-24
4028,23,270,67,47,2025-02-26
4029,17,347,299,18,2022-09-23
4030,6,249,322,50,2023-02-10
4031,5,188,121,30,2022-03-10
4032,10,65,328,51,2024-07-02
4033,6,62,450,49,2024-03-08
4034,7,398,434,26,2025-09-30
4035,22,228,196,13,2025-05-31
4036,11,143,341,48,2025-10-20
4037,13,232,439,58,2022-07-15
4038,14,221,420,29,2024-04-30
4039,26,267,84,16,2025-02-19
4040,28,92,308,26,2023-10-17
4041,3,161,223,20,2025-04-23
4042,15,20,223,50,2025-07-11
4043,29,249,-282,56,2024-05-28
4044,2,83,208,38,2023-04-02
4045,3,302,459,50,2025-09-10
4046,10,16,470,55,2023-08-09
4047,16,175,422,12,2025-01-15
4048,23,227,365,58,2024-06-19
4049,19,218,52,31,2023-03-22
4050,6,321,261,20,2025-05-22
4051,4,361,313,35,2024-04-25
4052,24,20,354,49,2023-09-11
4053,21,144,409,19,2022-07-22
4054,11,376,12,10,2023-09-24
4055,5,374,57,22,2025-09-11
4056,6,168,3,22,2023-04-12
4057,28,440,242,18,2022-01-07
4058,22,354,436,36,2025-06-28
4059,23,361,402,59,2025-09-10
4060,25,333,235,34,2024-06-22
4061,8,11,123,52,2025-11-11
4062,30,179,183,55,2024-02-05
4063,12,193,129,31,2023-04-10
4064,29,303,255,29,2022-07-20
4065,22,274,238,53,2022-07-13
4066,17,164,301,58,2022-07-17
4067,24,145,291,37,2024-07-24
4068,19,238,107,50,2022-12-04
4069,4,16,260,30,2024-12-27
4070,25,292,322,25,2023-09-30
4071,24,188,162,22,2025-11-19
4072,10,209,490,29,2024-01-08
4073,3,57,395,16,2023-07-25
4074,26,382,364,11,2024-05-23
4075,18,163,314,44,2024-04-25
4076,14,336,199,34,2023-03-07
4077,13,58,411,44,2025-04-06
4078,15,424,153,47,2025-08-24
4079,29,252,57,14,2024-09-19
4080,30,342,96,34,2022-11-28
4081,17,170,11,14,2024-08-28
4082,20,4,223,28,2023-08-10
4083,27,369,485,36,2025-10-26
4084,13,439,105,18,2024-04-09
4085,29,48,35,56,2025-11-13
4086,16,224,418,12,2024-08-13
4087,4,40,65,12,2024-10-01
4088,17,48,353,18,2024-05-19
4089,24,404,199,20,2023-05-10
4090,18,63,113,27,2023-06-16
4091,17,403,111,36,2024-01-23
4092,27,296,14,12,2022-09-27
4093,2,156,62,40,2024-02-27
4094,24,443,441,47,2024-04-10
4095,3,266,388,40,2023-03-03
4096,13,280,206,41,2022-10-16
4097,10,152,66,21,2023-01-16
4098,14,342,59,31,2025-10-11
4099,19,280,468,32,2023-10-03
4100,6,236,444,23,2024-03-11
4101,22,284,5,39,2025-08-01
4102,21,291,474,25,2024-03-26
4103,24,411,484,15,2024-05-27
4104,9,369,356,22,2024-10-08
4105,26,425,285,30,2024-01-13
4106,21,191,239,23,2023-04-05
4107,13,244,276,29,2025-09-14
4108,13,393,388,55,2025-09-12
4109,10,298,104,56,2023-10-03
4110,23,341,390,18,2024-01-19
4111,26,415,402,17,2023-06-21
4112,15,446,295,52,2022-04-04
4113,17,442,219,28,2023-05-04
4114,9,123,99,44,2025-07-28
4115,22,263,101,11,2025-12-16
4116,1,113,293,16,2025-02-03
4117,9,274,47,34,2023-02-14
4118,11,141,401,10,2023-09-12
4119,6,416,116,17,2025-07-08
4120,19,321,147,17,2022-06-16
4121,2,431,344,33,2024-10-14
4122,16,38,217,18,2025-02-07
4123,1,430,63,26,2024-08-17
4124,12,188,194,18,2024-09-23
4125,14,215,71,14,2025-01-25
4126,29,67,478,48,2022-12-24
4127,17,372,317,51,2024-10-20
4128,6,52,96,50,2025-01-16
4129,3,101,413,39,2023-12-14
4130,1,281,123,44,2024-05-30
4131,9,18,51,44,2023-08-26
4132,7,157,-495,32,2025-11-27
4133,16,301,19,36,2023-06-17
4134,6,66666,217,25,2024-11-10
4135,18,29,314,42,2022-09-10
4136,28,154,475,41,2025-02-05
4137,27,264,185,16,2025-11-06
4138,29,407,374,49,2023-03-28
4139,30,387,3,30,2023-03-17
4140,12,165,338,26,2025-11-20
4141,16,332,329,53,2024-09-22
4142,14,89,161,29,2022-10-07
4143,20,188,272,60,2024-05-30
4144,2,126,213,15,2024-10-15
4145,30,188,5,28,2022-04-25
4146,26,176,247,43,2024-11-13
4147,13,252,306,50,2023-01-28
4148,18,166,204,42,2023-03-05
4149,12,306,80,20,2025-04-01
4150,28,416,-283,11,2022-03-13
4151,8,16,237,38,2022-11-21
4152,19,322,102,45,2024-08-22
4153,14,38,296,30,2023-05-02
4154,14,317,465,16,2022-04-26
4155,5,357,187,57,2024-09-12
4156,4,150,233,35,2022-07-21
4157,22,71,375,13,2024-03-10
4158,17,412,146,50,2025-05-17
4159,26,231,340,50,2023-09-13
4160,6,156,160,10,2022-02-25
4161,5,177,134,22,2024-05-14
4162,16,202,5,50,2025-10-27
4163,3,335,278,55,2024-03-21
4164,29,219,362,46,2022-04-07
4165,7,164,121,23,2024-03-31
4166,8,39,357,22,2024-10-23
4167,17,84,456,22,2025-04-26
4168,17,224,159,60,2025-07-18
4169,16,174,210,31,2023-11-30
4170,13,249,183,44,2024-02-11
4171,14,290,173,29,2022-01-28
4172,12,171,103,45,2025-04-06
4173,28,85,62,29,2025-09-10
4174,8,257,312,10,2025-03-26
4175,5,46,15,55,2022-03-24
4176,14,199,489,59,2022-03-03
4177,8,306,177,10,2022-11-15
4178,1,339,217,49,2025-08-08
4179,6,388,449,11,2025-11-03
4180,15,380,305,56,2022-05-16
4181,5,107,192,27,2024-05-08
4182,8,60,13,42,2022-07-15
4183,18,168,345,30,2025-07-14
4184,16,351,60,12,2025-04-23
4185,28,420,159,50,2025-08-16
4186,27,414,167,31,2023-01-12
4187,29,257,36,34,2022-10-06
4188,11,82,82,18,2024-12-11
4189,20,10,257,26,2022-06-26
4190,30,355,436,41,2023-03-02
4191,12,3,382,55,2023-11-05
4192,7,68,496,53,2025-09-19
4193,19,273,39,36,2022-10-19
4194,26,44,241,34,2025-04-16
4195,5,185,238,53,2023-04-02
4196,10,7,94,37,2024-07-28
4197,18,266,90,47,2023-09-25
4198,19,23,483,55,2024-06-14
4199,22,441,265,41,2024-09-15
4200,4,158,164,49,2022-06-05
4201,21,86,279,43,2024-01-01
4202,10,49,426,57,2025-08-23
4203,28,309,40,50,2025-02-02
4204,29,420,143,11,2025-08-06
4205,1,336,300,18,2023-12-22
4206,17,168,179,57,2022-03-18
4207,12,432,-276,60,2022-08-28
4208,2,17,340,42,2023-05-28
4209,17,35,378,33,2025-12-24
4210,22,301,327,28,2024-03-31
4211,24,335,144,10,2025-04-09
4212,20,16,169,54,2022-07-18
4213,5,35,26,14,2023-05-11
4214,17,124,359,26,2023-08-05
4215,21,61,49,55,2022-01-02
4216,13,421,384,16,2024-08-28
4217,25,367,224,11,2025-06-28
4218,25,63,287,45,2025-12-30
4219,13,274,297,38,2023-10-18
4220,10,232,352,28,2025-02-06
4221,10,422,217,29,2025-05-03
4222,10,118,191,13,2022-04-25
4223,23,84,150,18,2022-03-20
4224,21,414,358,56,2022-05-12
4225,6,102,-289,37,2022-11-25
4226,30,128,53,59,2023-07-03
4227,9,247,109,22,2025-04-19
4228,28,285,48,47,2023-05-02
4229,27,222,55,10,2022-04-08
4230,12,16,312,11,2023-10-18
4231,6,54,14,43,2022-11-21
4232,2,418,301,31,2022-03-12
4233,11,156,174,17,2024-05-04
4234,21,38,244,11,2025-04-20
4235,15,260,265,19,2025-04-06
4236,13,82,205,55,2024-06-30
4237,23,395,96,39,2022-09-05
4238,29,137,116,45,2022-07-29
4239,17,374,125,47,2022-04-16
4240,29,278,57,56,2022-10-23
4241,8,275,405,49,2024-11-09
4242,29,326,370,16,2024-03-22
4243,30,202,492,52,2025-10-05
4244,29,385,222,32,2023-10-19
4245,13,306,395,33,2025-04-03
4246,14,328,223,37,2024-07-12
4247,16,52,248,30,2024-09-13
4248,28,17,308,21,2025-11-11
4249,18,38,322,57,2025-07-12
4250,17,373,297,42,2025-01-14
4251,23,108,481,39,2022-08-24
4252,23,141,413,25,2022-11-07
4253,5,155,63,46,2022-06-19
4254,6,353,439,35,2024-04-04
4255,3,420,31,50,2023-11-21
4256,17,225,283,36,2025-08-07
4257,6,376,90,12,2025-03-14
4258,27,370,425,24,2023-01-23
4259,13,12,-117,50,2024-05-12
4260,3,66666,3,10,2025-12-09
4261,8,40,434,35,2023-12-12
4262,11,257,69,17,2025-05-26
4263,24,1,277,53,2023-03-31
4264,27,141,156,55,2023-12-30
4265,21,192,306,20,2023-08-22
4266,12,102,187,10,2025-07-08
4267,4,197,99,47,2025-01-17
4268,17,65,321,56,2022-05-26
4269,9,415,351,48,2023-01-04
4270,7,52,199,46,2022-03-23
4271,15,49,109,45,2022-06-17
4272,9,186,281,49,2024-01-31
4273,10,107,184,20,2025-01-14
4274,5,136,260,51,2022-08-11
4275,24,61,65,44,2023-10-02
4276,18,276,360,50,2022-08-18
4277,21,66666,249,53,2023-02-04
4278,24,71,301,31,2024-08-05
4279,16,66666,265,54,2025-09-01
4280,13,247,7,12,2022-11-12
4281,28,148,110,48,2022-04-30
4282,15,423,163,54,2022-05-27
4283,28,261,420,43,2024-07-25
4284,4,421,295,28,2023-02-03
4285,17,296,104,32,2024-01-05
4286,9,296,176,21,2025-12-10
4287,3,271,43,24,2025-08-18
4288,23,281,268,51,2022-01-31
4289,13,291,6,26,2024-11-15
4290,10,66,498,29,2023-10-02
4291,8,239,88,25,2024-05-21
4292,17,290,236,15,2022-02-06
4293,4,140,150,45,2025-12-08
4294,14,90,366,17,2024-05-24
4295,30,204,219,11,2024-06-11
4296,9,133,374,58,2025-10-27
4297,25,23,118,15,2025-02-02
4298,20,136,467,33,2024-02-03
4299,11,427,81,41,2025-08-25
4300,8,2,309,19,2024-08-14
4301,15,246,380,18,2023-01-04
4302,29,366,222,40,2025-05-14
4303,16,240,324,52,2024-03-22
4304,2,110,117,20,2024-09-27
4305,4,120,360,17,2025-06-14
4306,14,332,278,49,2024-06-17
4307,13,264,158,55,2023-10-11
4308,20,391,278,58,2024-05-16
4309,19,111,15,37,2022-08-03
4310,15,332,116,18,2024-08-15
4311,13,203,62,53,2023-02-25
4312,18,444,292,52,2023-09-12
4313,9,177,481,58,2022-12-31
4314,19,184,372,11,2022-02-16
4315,5,314,405,22,2024-02-06
4316,25,127,335,27,2022-09-27
4317,24,103,421,13,2023-08-14
4318,9,78,145,44,2024-03-25
4319,8,210,360,28,2022-06-04
4320,10,222,253,10,2022-01-19
4321,3,52,424,13,2022-05-02
4322,19,230,313,17,2025-03-16
4323,3,387,149,16,2024-03-18
4324,25,39,483,55,2024-08-27
4325,6,426,231,44,2022-06-16
4326,20,375,420,41,2023-11-26
4327,18,207,238,39,2024-03-22
4328,15,74,157,14,2022-03-31
4329,16,446,274,60,2023-10-18
4330,2,442,156,11,2024-07-22
4331,17,188,-234,47,2025-03-01
4332,18,263,117,37,2022-06-10
4333,23,64,67,18,2022-06-29
4334,30,265,327,48,2024-05-10
4335,15,29,149,27,2024-09-22
4336,21,431,369,56,2025-07-17
4337,16,15,122,16,2024-04-30
4338,3,144,200,32,2023-06-25
4339,1,66666,107,17,2023-12-04
4340,26,317,475,33,2024-05-29
4341,24,176,196,17,2022-09-20
4342,4,415,276,11,2025-07-29
4343,13,435,84,21,2025-04-22
4344,25,198,342,18,2023-12-05
4345,16,186,251,15,2022-09-18
4346,20,389,236,22,2023-09-25
4347,16,256,322,20,2022-10-31
4348,11,107,60,15,2025-12-04
4349,2,347,240,60,2022-08-29
4350,25,233,269,19,2023-05-30
4351,23,435,248,13,2024-11-15
4352,25,443,96,42,2025-06-29
4353,30,384,434,35,2022-04-16
4354,30,304,487,43,2023-05-14
4355,12,184,322,55,2023-11-29
4356,24,440,128,32,2024-03-06
4357,2,64,185,39,2023-08-25
4358,30,289,451,57,2022-07-13
4359,15,343,405,58,2025-09-06
4360,10,208,180,41,2025-08-17
4361,3,84,235,40,2025-05-23
4362,19,320,244,13,2025-08-29
4363,6,11,485,38,2025-12-10
4364,3,168,282,41,2025-07-06
4365,4,61,126,55,2022-01-21
4366,20,84,248,39,2024-12-18
4367,28,246,36,39,2022-12-05
4368,3,32,368,39,2025-02-05
4369,15,190,464,59,2024-04-08
4370,19,347,193,58,2022-08-08
4371,2,192,183,49,2022-01-02
4372,19,427,17,12,2022-01-14
4373,24,447,120,39,2024-12-03
4374,10,162,488,34,2023-10-30
4375,5,381,355,27,2022-07-07
4376,7,267,380,12,2025-01-08
4377,8,442,123,13,2022-12-09
4378,28,66,164,37,2022-12-29
4379,30,91,113,18,2023-08-15
4380,12,356,259,37,2022-04-30
4381,30,34,49,50,2025-02-26
4382,18,150,207,12,2022-05-01
4383,6,449,43,41,2024-04-04
4384,21,170,63,44,2025-06-09
4385,3,157,422,10,2023-09-29
4386,25,8,316,16,2023-11-03
4387,28,362,383,45,2022-11-07
4388,15,63,145,11,2024-01-06
4389,30,106,313,49,2024-09-24
4390,5,56,441,44,2023-05-19
4391,14,404,159,29,2025-12-05
4392,15,202,85,19,2023-08-23
4393,9,426,159,43,2024-12-10
4394,2,171,202,52,2025-01-17
4395,24,21,166,41,2022-07-26
4396,3,331,372,57,2022-08-29
4397,8,424,210,17,2023-03-05
4398,7,383,316,27,2023-01-01
4399,23,399,299,18,2025-05-17
4400,4,367,475,28,2024-12-14
4401,21,266,442,44,2023-02-04
4402,10,38,334,17,2024-08-18
4403,7,409,399,25,2024-02-03
4404,27,394,396,38,2024-10-01
4405,23,82,73,13,2024-04-13
4406,26,149,448,48,2025-06-01
4407,1,414,85,59,2024-11-22
4408,15,217,335,52,2023-07-22
4409,13,66666,339,24,2024-01-14
4410,10,258,194,52,2024-06-13
4411,11,186,242,56,2024-04-08
4412,23,8,37,27,2022-05-20
4413,23,428,129,15,2022-01-16
4414,2,410,50,51,2024-09-16
4415,25,67,466,19,2023-09-26
4416,12,217,177,59,2024-06-13
4417,11,56,149,21,2023-03-21
4418,2,188,284,51,2025-08-14
4419,26,224,170,51,2024-12-28
4420,11,138,387,12,2022-10-18
4421,13,285,432,38,2025-03-21
4422,18,395,125,13,2025-09-01
4423,11,401,284,24,2025-02-21
4424,8,419,441,27,2023-03-10
4425,19,171,444,13,2022-07-05
4426,3,392,448,28,2022-12-26
4427,8,265,272,56,2023-05-26
4428,22,446,214,46,2024-08-06
4429,28,434,153,33,2025-08-04
4430,18,379,89,39,2024-03-06
4431,6,420,8,51,2023-09-23
4432,28,166,486,54,2022-05-08
4433,6,310,473,60,2024-02-13
4434,13,370,-250,40,2024-08-25
4435,26,30,278,21,2023-10-02
4436,24,92,74,26,2023-12-16
4437,7,119,494,49,2024-03-06
4438,30,296,345,52,2023-09-07
4439,25,92,355,50,2022-03-04
4440,5,277,495,47,2022-11-22
4441,26,221,96,59,2022-03-03
4442,28,114,168,38,2022-09-26
4443,20,212,70,36,2025-11-21
4444,15,373,134,11,2025-07-28
4445,30,78,230,52,2022-01-13
4446,3,325,500,50,2025-11-10
4447,20,93,281,60,2025-03-17
4448,26,64,11,45,2024-09-02
4449,11,47,246,48,2022-05-02
4450,13,279,148,41,2022-05-15
4451,10,310,224,30,2022-01-26
4452,25,156,-149,47,2025-03-19
4453,19,160,208,29,2022-01-18
4454,3,48,452,28,2024-07-06
4455,10,279,80,55,2024-08-16
4456,26,218,110,39,2023-09-09
4457,20,239,210,38,2022-10-27
4458,2,221,42,36,2022-03-05
4459,28,365,457,52,2022-02-23
4460,16,324,68,55,2023-05-03
4461,12,117,496,10,2023-04-03
4462,10,113,375,17,2025-02-09
4463,25,269,454,13,2024-03-30
4464,18,259,331,60,2022-09-18
4465,23,297,274,10,2024-06-15
4466,9,25,288,17,2024-12-25
4467,26,253,373,15,2025-07-08
4468,5,356,434,39,2024-07-17
4469,24,298,39,30,2024-11-19
4470,2,241,353,20,2025-09-04
4471,10,35,272,50,2024-05-24
4472,5,70,322,31,2024-06-11
4473,2,317,417,41,2022-03-16
4474,9,225,405,55,2025-05-27
4475,29,6,408,24,2024-06-06
4476,16,237,267,41,2025-02-28
4477,25,29,283,53,2025-02-01
4478,5,66666,401,47,2022-02-04
4479,10,59,433,43,2022-08-06
4480,6,225,233,28,2024-11-14
4481,29,208,197,38,2025-01-31
4482,11,332,496,23,2025-11-09
4483,19,314,3,44,2025-11-06
4484,20,160,259,55,2025-06-29
4485,28,294,10,21,2025-05-25
4486,9,196,106,35,2024-07-12
4487,12,90,83,32,2023-07-29
4488,12,135,413,11,2024-05-23
4489,27,353,299,53,2024-07-10
4490,20,243,482,47,2025-11-17
4491,29,180,326,55,2022-12-18
4492,19,31,122,23,2023-06-25
4493,10,175,144,13,2022-05-17
4494,17,426,161,57,2022-07-11
4495,27,92,166,48,2023-11-30
4496,23,214,195,10,2024-03-23
4497,6,195,408,12,2024-04-19
4498,9,304,135,56,2022-03-25
4499,22,340,350,34,2024-03-02
4500,3,313,19,60,2024-05-10
4501,13,307,415,25,2025-06-02
4502,5,74,312,45,2022-11-24
4503,2,326,26,23,2022-01-06
4504,16,289,99,14,2024-11-29
4505,29,86,163,37,2024-12-06
4506,7,268,110,45,2023-03-10
4507,17,155,119,52,2025-05-16
4508,28,414,458,14,2023-06-21
4509,6,339,1,51,2022-05-05
4510,8,187,69,13,2024-04-25
4511,25,114,42,22,2024-10-09
4512,21,125,492,49,2023-04-26
4513,12,261,439,38,2024-08-31
4514,16,103,163,48,2023-09-11
4515,16,379,424,34,2022-12-06
4516,13,331,-155,10,2024-05-03
4517,20,66666,471,25,2022-03-19
4518,6,275,281,14,2022-07-25
4519,8,175,268,23,2022-02-10
4520,22,282,169,23,2023-03-09
4521,13,369,95,43,2022-01-07
4522,12,362,38,16,2023-03-20
4523,11,352,372,10,2025-04-12
4524,12,357,415,37,2025-06-01
4525,27,99,292,29,2025-02-08
4526,11,9,93,25,2023-07-13
4527,1,96,19,44,2024-11-09
4528,12,341,363,28,2025-09-22
4529,15,50,411,24,2022-08-23
4530,30,177,217,48,2023-11-20
4531,18,327,153,33,2024-12-12
4532,23,41,200,21,2023-08-24
4533,15,285,155,48,2025-05-12
4534,2,58,318,57,2022-05-20
4535,2,160,386,54,2023-02-11
4536,10,355,37,50,2024-05-17
4537,2,386,75,56,2023-03-26
4538,26,342,44,18,2025-06-27
4539,22,67,418,17,2024-11-29
4540,13,27,310,58,2024-02-10
4541,2,306,144,24,2025-07-18
4542,3,54,214,43,2024-05-05
4543,10,269,106,42,2022-02-09
4544,24,69,346,46,2022-12-20
4545,16,204,359,57,2024-06-10
4546,15,207,385,29,2022-02-06
4547,22,356,230,15,2023-06-21
4548,4,348,362,18,2023-01-19
4549,22,66666,166,59,2023-12-06
4550,15,231,251,50,2025-06-12
4551,25,19,10,17,2024-01-04
4552,13,216,282,38,2024-01-05
4553,27,265,152,13,2022-11-08
4554,21,162,197,25,2025-10-11
4555,25,270,468,34,2023-01-27
4556,1,345,441,25,2023-01-26
4557,26,60,0,27,2023-10-13
4558,18,31,184,19,2024-04-04
4559,8,169,153,35,2022-09-06
4560,14,276,435,30,2022-12-19
4561,20,104,136,54,2023-09-21
4562,11,429,309,11,2022-06-09
4563,24,121,211,42,2022-09-20
4564,9,364,194,12,2024-01-15
4565,20,29,97,14,2025-12-08
4566,12,211,44,18,2023-12-03
4567,16,127,53,57,2022-02-08
4568,30,28,84,17,2025-06-15
4569,6,256,463,10,2024-03-12
4570,30,422,168,15,2025-08-06
4571,3,12,419,45,2022-09-09
4572,18,95,385,45,2023-05-15
4573,20,66666,433,57,2025-08-04
4574,12,122,123,11,2022-11-18
4575,29,427,161,54,2025-11-10
4576,10,221,173,21,2024-04-02
4577,6,113,346,56,2022-06-07
4578,15,300,257,16,2024-03-07
4579,13,26,499,22,2025-10-17
4580,19,291,247,52,2022-05-10
4581,2,286,433,26,2023-07-19
4582,21,168,6,14,2023-07-25
4583,5,199,494,59,2023-12-09
4584,28,37,47,22,2024-09-29
4585,19,282,146,43,2025-09-12
4586,1,337,410,25,2023-05-16
4587,19,312,481,54,2025-07-22
4588,16,11,14,38,2025-06-16
4589,28,432,471,38,2022-09-17
4590,25,80,419,54,2024-01-22
4591,22,76,116,43,2024-12-04
4592,27,427,169,32,2023-05-13
4593,18,376,190,36,2022-08-12
4594,2,368,290,18,2022-04-17
4595,23,201,48,24,2022-01-19
4596,15,348,418,34,2023-04-16
4597,1,85,282,30,2023-05-25
4598,28,16,329,37,2024-10-25
4599,1,293,372,32,2024-02-28
4600,21,63,28,36,2023-07-12
4601,28,12,45,40,2022-12-23
4602,5,340,62,41,2022-03-12
4603,14,448,23,16,2025-12-11
4604,27,16,235,23,2024-06-08
4605,10,400,217,45,2025-01-01
4606,10,96,26,17,2022-10-07
4607,15,14,458,49,2022-12-31
4608,27,390,375,38,2022-08-14
4609,12,411,469,57,2025-12-06
4610,11,137,396,29,2023-05-18
4611,17,92,355,13,2022-02-06
4612,1,445,427,52,2023-11-16
4613,16,252,235,57,2022-04-21
4614,4,65,433,14,2022-11-19
4615,19,38,292,45,2025-02-27
4616,28,449,465,28,2022-10-02
4617,4,271,451,22,2025-04-07
4618,16,188,304,45,2024-09-09
4619,8,242,35,16,2025-09-10
4620,18,265,432,29,2023-12-14
4621,18,193,425,19,2023-10-27
4622,10,210,225,20,2025-12-16
4623,22,275,340,14,2023-08-30
4624,4,203,189,14,2023-02-20
4625,26,46,327,34,2023-05-03
4626,26,22,6,11,2022-03-02
4627,30,139,341,26,2023-08-30
4628,10,416,371,56,2023-09-29
4629,27,109,453,55,2024-01-22
4630,13,211,184,10,2022-11-01
4631,23,120,66,15,2025-05-05
4632,7,271,491,35,2022-06-11
4633,3,152,473,39,2022-11-06
4634,25,225,212,59,2024-04-07
4635,15,186,498,60,2025-06-22
4636,6,356,327,39,2022-10-08
4637,1,72,-18,31,2025-08-17
4638,21,35,273,35,2025-06-16
4639,12,121,75,32,2022-09-20
4640,19,50,262,27,2022-06-17
4641,21,229,264,47,2023-12-25
4642,7,396,274,60,2022-04-28
4643,2,295,70,59,2023-07-06
4644,12,190,443,42,2024-03-25
4645,27,172,-222,60,2022-05-09
4646,21,161,345,15,2025-08-02
4647,11,378,225,26,2024-12-18
4648,3,339,498,16,2025-12-12
4649,12,221,220,26,2025-11-03
4650,22,78,237,27,2022-07-22
4651,5,243,329,37,2023-02-06
4652,27,170,475,52,2025-05-07
4653,5,5,247,56,2022-03-27
4654,7,282,346,24,2022-09-16
4655,12,295,226,58,2023-04-17
4656,10,441,234,46,2024-08-04
4657,1,413,118,19,2022-11-29
4658,5,48,227,22,2023-07-30
4659,6,411,82,46,2025-10-06
4660,30,393,34,50,2025-08-24
4661,23,257,166,59,2025-05-31
4662,12,237,9,53,2023-11-07
4663,21,157,40,16,2022-03-18
4664,3,373,91,49,2025-10-20
4665,20,176,38,37,2025-09-29
4666,15,435,492,34,2023-10-08
4667,25,155,433,15,2023-01-10
4668,19,36,293,30,2024-07-09
4669,25,371,398,46,2025-06-22
4670,9,378,6,38,2024-06-28
4671,1,192,263,52,2023-04-08
4672,30,372,350,21,2025-07-01
4673,4,253,190,47,2025-12-18
4674,30,398,165,51,2024-01-19
4675,8,304,389,24,2024-07-31
4676,8,230,344,12,2023-06-08
4677,8,76,58,48,2022-05-07
4678,24,221,368,59,2025-09-11
4679,5,91,131,17,2025-05-29
4680,29,317,209,55,2025-03-29
4681,27,24,338,11,2023-08-14
4682,27,306,273,29,2023-03-13
4683,12,372,476,32,2022-11-13
4684,25,450,37,18,2023-01-25
4685,4,21,250,49,2024-07-12
4686,29,23,84,15,2023-07-29
4687,28,210,-265,20,2025-12-01
4688,4,279,104,18,2025-09-22
4689,28,345,69,18,2024-05-11
4690,20,407,99,15,2024-03-05
4691,4,391,309,32,2024-02-17
4692,19,147,167,51,2022-05-27
4693,18,324,421,51,2023-05-25
4694,30,25,272,35,2025-12-16
4695,19,336,428,31,2024-08-28
4696,23,336,80,12,2023-08-18
4697,18,91,241,24,2025-12-24
4698,2,185,87,52,2022-02-07
4699,22,367,96,52,2023-08-20
4700,19,180,1,14,2022-11-26
4701,17,75,247,36,2025-06-25
4702,14,416,454,20,2022-08-15
4703,15,97,367,37,2024-07-03
4704,25,263,492,26,2025-12-12
4705,20,173,116,19,2025-04-25
4706,18,405,75,54,2025-12-28
4707,30,419,331,30,2022-07-10
4708,10,254,494,56,2023-06-20
4709,8,262,244,14,2024-01-21
4710,15,278,157,45,2025-02-05
4711,26,26,198,43,2022-08-20
4712,28,146,182,50,2024-09-04
4713,3,285,57,23,2024-09-07
4714,11,425,116,41,2022-11-19
4715,23,48,123,58,2025-03-16
4716,6,421,162,47,2024-08-14
4717,24,366,288,32,2025-04-03
4718,20,311,313,29,2024-11-28
4719,8,289,321,41,2022-02-03
4720,13,286,234,31,2022-06-13
4721,12,409,63,12,2024-01-07
4722,25,174,469,59,2023-08-18
4723,16,133,-307,21,2023-06-18
4724,7,183,97,40,2023-09-22
4725,11,375,93,50,2025-03-18
4726,30,336,461,42,2025-07-18
4727,9,434,358,12,2024-09-28
4728,9,115,292,21,2023-11-12
4729,27,33,32,52,2024-02-05
4730,30,49,483,37,2025-02-23
4731,17,25,82,41,2025-10-31
4732,26,375,418,19,2025-03-08
4733,20,41,231,25,2024-04-25
4734,2,78,32,43,2024-11-21
4735,11,444,148,46,2024-06-17
4736,12,200,454,60,2024-01-16
4737,5,137,401,44,2024-01-10
4738,17,417,381,29,2025-07-23
4739,1,65,69,57,2025-11-22
4740,14,107,19,31,2024-11-19
4741,16,244,351,38,2022-12-21
4742,29,140,5,18,2022-09-01
4743,9,297,117,43,2022-01-10
4744,18,369,23,33,2023-05-11
4745,20,333,148,23,2023-12-16
4746,22,14,161,10,2023-08-27
4747,5,437,106,30,2025-12-08
4748,13,309,372,11,2023-10-15
4749,19,399,409,35,2025-03-20
4750,5,101,500,38,2023-07-29
4751,19,25,108,59,2023-06-27
4752,4,174,425,28,2024-04-03
4753,7,447,174,53,2025-04-21
4754,1,17,497,54,2025-11-11
4755,28,143,368,58,2025-03-04
4756,22,336,176,19,2024-08-08
4757,9,278,126,49,2022-08-17
4758,9,416,286,17,2025-04-23
4759,26,303,366,19,2023-03-31
4760,6,439,208,40,2024-05-09
4761,26,153,292,32,2025-06-12
4762,9,344,337,46,2024-05-03
4763,4,277,3,32,2023-12-05
4764,20,83,237,58,2023-12-24
4765,2,438,409,58,2024-01-14
4766,17,278,322,37,2025-01-15
4767,30,207,292,18,2024-01-18
4768,5,176,193,12,2025-04-05
4769,29,349,448,19,2025-11-25
4770,1,158,43,53,2025-12-02
4771,27,39,293,37,2023-10-12
4772,18,318,438,43,2025-03-13
4773,29,15,254,17,2025-07-13
4774,6,393,498,36,2025-12-04
4775,1,120,404,16,2024-09-08
4776,15,181,65,11,2023-05-06
4777,22,20,85,28,2025-05-20
4778,7,127,357,56,2022-09-18
4779,5,262,99,20,2023-01-06
4780,4,311,184,36,2023-06-23
4781,12,309,484,14,2023-05-17
4782,30,275,19,60,2024-01-05
4783,11,391,372,41,2022-09-07
4784,23,164,11,33,2023-11-03
4785,24,282,25,28,2025-01-09
4786,15,436,151,19,2022-06-27
4787,19,93,185,59,2023-12-03
4788,15,352,356,53,2023-07-23
4789,28,36,464,29,2024-10-09
4790,22,181,357,24,2022-07-23
4791,8,110,31,45,2022-04-06
4792,17,316,243,48,2022-03-04
4793,7,273,330,29,2022-02-07
4794,2,210,75,19,2025-06-03
4795,19,449,316,59,2025-02-10
4796,17,103,414,56,2022-02-17
4797,21,305,299,21,2025-06-11
4798,6,337,39,50,2025-06-26
4799,17,249,164,29,2024-07-25
4800,2,435,428,20,2023-01-18
4801,6,84,271,54,2022-08-22
4802,22,148,233,24,2022-06-12
4803,22,22,293,25,2025-08-24
4804,12,386,471,36,2022-11-12
4805,12,379,86,25,2024-05-25
4806,19,304,42,21,2022-08-20
4807,17,345,484,36,2022-10-20
4808,10,29,47,10,2024-01-05
4809,3,51,109,43,2024-10-13
4810,1,324,281,48,2023-12-29
4811,26,364,92,27,2025-08-01
4812,19,148,288,40,2025-08-01
4813,18,262,346,47,2024-11-11
4814,2,97,191,59,2024-10-28
4815,3,145,400,29,2023-08-23
4816,1,333,200,13,2022-03-26
4817,18,418,25,14,2025-07-03
4818,13,426,375,22,2025-10-10
4819,24,368,444,35,2024-01-03
4820,28,5,201,55,2024-06-25
4821,17,223,107,55,2025-05-22
4822,22,124,353,17,2023-02-10
4823,13,433,236,50,2025-06-04
4824,14,97,32,30,2025-12-09
4825,23,423,304,55,2022-12-20
4826,28,388,458,58,2022-03-08
4827,10,312,107,27,2024-04-05
4828,24,210,371,46,2025-06-02
4829,29,346,167,55,2023-03-10
4830,11,175,402,52,2023-06-07
4831,13,300,173,55,2023-07-11
4832,10,122,187,57,2025-03-13
4833,11,132,204,41,2024-04-23
4834,25,256,344,17,2025-10-20
4835,20,303,159,50,2023-04-16
4836,14,395,142,51,2022-10-04
4837,11,285,386,46,2023-12-26
4838,6,380,227,32,2023-02-06
4839,26,171,188,40,2025-08-19
4840,12,342,454,42,2024-03-08
4841,9,173,20,55,2024-05-15
4842,26,240,-90,21,2025-01-24
4843,2,75,50,15,2022-09-15
4844,23,392,233,44,2025-05-18
4845,2,412,480,21,2025-06-28
4846,26,50,429,22,2024-08-24
4847,11,296,247,28,2023-09-09
4848,17,390,319,13,2025-08-31
4849,16,25,54,30,2022-12-16
4850,6,383,40,30,2025-08-16
4851,22,259,130,39,2023-02-19
4852,4,60,216,39,2022-06-27
4853,12,355,350,56,2025-05-20
4854,3,337,198,25,2024-05-13
4855,26,27,344,13,2022-07-29
4856,13,59,25,28,2023-06-30
4857,15,24,485,19,2024-01-12
4858,17,434,486,30,2023-10-24
4859,25,53,478,12,2024-05-14
4860,2,301,0,31,2025-04-15
4861,8,27,53,15,2023-07-22
4862,4,184,98,19,2025-03-26
4863,10,207,156,55,2022-08-04
4864,18,267,224,14,2024-11-30
4865,9,104,64,53,2022-03-09
4866,11,74,145,60,2025-05-02
4867,27,374,364,40,2025-03-29
4868,19,32,402,14,2022-07-13
4869,15,261,87,35,2022-01-08
4870,22,434,377,45,2023-03-19
4871,4,108,133,20,2023-03-31
4872,17,226,100,44,2022-01-08
4873,8,397,-276,51,2023-09-05
4874,26,246,12,58,2024-03-19
4875,3,256,89,53,2024-09-09
4876,29,239,160,12,2022-12-25
4877,14,36,236,12,2022-02-10
4878,14,149,89,44,2024-11-01
4879,1,66666,14,45,2025-10-27
4880,3,66666,299,30,2022-07-07
4881,27,365,43,43,2022-08-14
4882,1,338,280,13,2023-12-08
4883,30,111,353,40,2024-01-04
4884,28,213,151,30,2022-03-04
4885,21,29,304,13,2023-10-31
4886,17,304,174,10,2024-10-21
4887,18,347,124,53,2023-05-19
4888,15,76,68,34,2023-09-02
4889,29,42,269,26,2025-08-21
4890,24,239,47,25,2023-02-02
4891,19,94,16,32,2022-11-21
4892,26,213,451,19,2024-05-08
4893,5,72,417,58,2022-12-15
4894,5,339,495,58,2025-07-22
4895,26,412,405,39,2025-05-10
4896,6,280,226,54,2025-06-13
4897,12,64,68,27,2023-01-04
4898,23,441,205,15,2025-07-03
4899,24,277,394,35,2023-12-09
4900,5,408,32,41,2024-07-08
4901,8,346,29,60,2025-08-01
4902,8,249,114,25,2024-01-09
4903,25,203,102,45,2025-04-23
4904,23,425,301,54,2024-08-25
4905,11,166,37,43,2025-12-13
4906,4,172,25,37,2023-10-14
4907,7,312,460,56,2022-03-25
4908,12,94,43,42,2025-02-19
4909,28,375,44,41,2025-12-17
4910,16,40,387,34,2023-09-19
4911,12,361,242,37,2022-06-14
4912,27,21,96,28,2024-12-08
4913,27,144,295,10,2024-08-31
4914,3,122,436,31,2025-12-23
4915,1,5,446,29,2022-11-19
4916,21,415,152,22,2025-09-07
4917,14,212,416,34,2022-05-12
4918,7,203,218,56,2025-02-04
4919,1,343,317,46,2024-08-04
4920,24,58,237,46,2023-10-19
4921,12,271,216,57,2025-07-30
4922,15,276,277,21,2022-01-29
4923,22,313,374,45,2023-10-27
4924,4,14,44,15,2025-01-09
4925,19,95,291,46,2023-12-06
4926,5,240,152,40,2023-05-10
4927,11,51,170,55,2024-01-03
4928,14,147,134,57,2023-08-10
4929,18,293,274,45,2022-01-14
4930,5,236,407,35,2024-05-28
4931,16,438,103,29,2024-10-04
4932,20,192,32,57,2022-05-11
4933,10,330,176,21,2025-01-11
4934,1,285,172,16,2022-03-10
4935,3,279,23,36,2023-10-06
4936,2,449,454,56,2025-04-07
4937,2,245,369,34,2025-08-17
4938,13,130,40,43,2025-08-01
4939,4,3,222,34,2022-12-15
4940,16,194,25,20,2023-03-13
4941,5,302,169,51,2025-06-16
4942,28,319,33,43,2024-11-05
4943,17,328,178,13,2024-08-14
4944,18,425,88,39,2024-09-18
4945,21,421,88,29,2023-07-12
4946,24,216,189,12,2023-11-19
4947,18,343,226,22,2022-01-27
4948,22,218,352,27,2025-07-21
4949,13,127,419,15,2024-01-28
4950,27,65,97,29,2024-06-20
4951,23,332,407,15,2024-04-26
4952,6,261,276,53,2025-01-08
4953,15,236,395,57,2024-10-24
4954,26,212,417,28,2022-09-23
4955,23,19,89,15,2022-07-11
4956,26,226,254,49,2022-12-31
4957,24,133,16,17,2024-04-10
4958,28,279,69,45,2024-07-01
4959,17,386,177,58,2022-07-18
4960,18,214,62,46,2023-08-02
4961,27,399,79,41,2024-02-02
4962,2,283,155,17,2023-03-23
4963,5,394,312,40,2022-10-22
4964,24,78,268,20,2024-08-05
4965,27,224,295,50,2023-03-21
4966,15,440,223,25,2022-08-11
4967,28,110,229,55,2025-11-06
4968,11,213,471,59,2022-11-20
4969,16,223,103,37,2025-06-27
4970,23,79,17,27,2023-02-22
4971,5,448,480,36,2024-09-11
4972,11,81,32,15,2025-02-20
4973,25,216,474,20,2025-01-10
4974,5,368,47,54,2024-12-06
4975,3,141,215,55,2022-08-16
4976,7,340,403,40,2022-08-09
4977,23,279,389,35,2022-11-11
4978,7,40,159,22,2025-07-20
4979,21,124,29,41,2024-05-03
4980,11,416,473,29,2025-12-07
4981,2,314,-198,16,2023-09-20
4982,19,130,11,11,2024-07-31
4983,21,1,243,15,2023-08-10
4984,18,172,15,20,2022-06-18
4985,18,170,397,24,2023-08-11
4986,29,289,43,60,2025-04-12
4987,18,104,393,52,2023-01-09
4988,5,431,167,18,2024-04-25
4989,20,378,281,15,2024-10-18
4990,4,389,262,21,2025-03-04
4991,15,376,2,14,2025-08-03
4992,26,379,161,48,2022-04-13
4993,1,89,98,13,2023-10-02
4994,3,369,304,46,2025-11-24
4995,21,329,149,26,2022-11-18
4996,29,416,329,50,2022-07-11
4997,15,26,157,38,2022-11-28
4998,25,365,159,55,2023-12-12
4999,12,314,357,31,2023-03-26
5000,4,166,276,28,2025-04-26
5001,16,433,395,39,2022-08-28
5002,15,130,378,11,2023-11-27
5003,26,40,219,32,2024-10-08
5004,5,441,454,38,2024-03-27
5005,29,157,420,58,2023-01-21
5006,21,112,446,14,2025-05-24
5007,30,378,3,15,2024-04-14
5008,5,40,229,41,2023-12-22
5009,30,98,110,23,2024-07-11
5010,6,25,352,43,2025-10-14
5011,12,68,430,10,2024-04-21
5012,17,215,81,29,2025-04-07
5013,3,439,428,40,2022-09-17
5014,28,197,128,42,2025-12-07
5015,25,16,50,40,2022-07-24
5016,15,206,141,10,2023-05-21
5017,11,424,409,37,2022-11-28
5018,24,418,88,40,2024-02-12
5019,5,271,265,56,2023-11-13
5020,1,122,416,48,2023-04-16
5021,1,335,30,54,2024-10-31
5022,6,38,151,58,2023-04-11
5023,18,212,166,48,2024-05-03
5024,25,262,428,37,2025-09-21
5025,10,77,144,56,2025-03-12
5026,19,305,367,35,2025-06-23
5027,14,335,33,53,2023-01-24
5028,24,228,31,60,2024-07-03
5029,6,370,34,50,2023-06-16
5030,11,72,-164,41,2022-05-01
5031,21,135,445,25,2025-12-15
5032,21,405,454,36,2025-12-01
5033,8,340,306,59,2023-12-15
5034,22,240,428,25,2022-02-01
5035,28,330,97,27,2025-10-30
5036,15,175,367,42,2025-07-01
5037,13,80,350,56,2022-11-30
5038,14,254,102,44,2022-02-28
5039,5,30,327,54,2022-05-11
5040,4,6,467,18,2022-12-07
5041,19,133,155,17,2022-02-12
5042,9,10,276,26,2025-08-07
5043,21,98,247,27,2024-10-09
5044,19,423,95,52,2025-06-29
5045,18,391,472,12,2025-07-11
5046,3,248,360,11,2024-04-24
5047,4,192,160,16,2024-10-13
5048,12,83,91,30,2025-08-12
5049,22,347,233,50,2024-03-25
5050,5,85,458,20,2023-01-24
5051,13,3,-68,14,2022-01-07
5052,8,293,303,31,2023-10-09
5053,23,245,324,31,2023-02-02
5054,16,249,149,36,2024-04-11
5055,11,185,339,58,2025-12-24
5056,7,152,152,24,2024-02-26
5057,8,48,286,33,2024-07-22
5058,15,447,250,41,2022-09-25
5059,9,238,4,40,2023-04-10
5060,6,165,97,58,2024-03-30
5061,13,436,454,60,2023-06-01
5062,8,134,172,55,2025-06-15
5063,17,295,358,41,2024-09-21
5064,23,81,85,41,2022-04-10
5065,11,434,380,23,2022-06-25
5066,10,181,361,45,2024-10-04
5067,10,84,464,39,2023-11-18
5068,25,423,309,44,2025-09-27
5069,28,156,110,12,2022-07-04
5070,20,279,405,40,2024-05-22
5071,6,373,147,31,2025-08-31
5072,24,87,61,31,2023-01-15
5073,12,384,269,44,2022-01-26
5074,13,131,104,37,2023-10-12
5075,26,168,267,47,2024-08-19
5076,28,346,121,31,2022-06-16
5077,17,59,413,43,2023-11-04
5078,15,4,340,47,2025-08-01
5079,26,177,464,24,2024-11-11
5080,9,141,260,46,2022-07-16
5081,30,408,36,60,2023-09-26
5082,2,108,396,43,2025-11-14
5083,15,96,246,43,2023-03-02
5084,19,388,65,32,2023-01-28
5085,28,153,236,18,2024-01-31
5086,25,361,151,49,2023-03-09
5087,3,66666,489,41,2022-07-05
5088,29,393,178,24,2022-03-14
5089,15,117,238,20,2024-10-31
5090,10,191,113,37,2024-10-17
5091,13,28,494,49,2023-12-29
5092,27,59,0,52,2022-07-04
5093,28,384,143,39,2024-07-30
5094,29,392,267,44,2022-04-16
5095,6,217,236,47,2024-09-11
5096,24,434,489,19,2022-05-28
5097,24,26,345,41,2024-11-27
5098,5,257,176,20,2024-01-29
5099,11,223,109,27,2024-03-05
5100,4,434,475,40,2024-11-27
5101,12,46,182,47,2024-04-22
5102,25,97,12,19,2024-01-05
5103,30,427,485,53,2022-04-21
5104,15,227,135,25,2025-06-13
5105,14,380,281,37,2022-10-24
5106,22,40,44,18,2025-05-27
5107,10,379,215,23,2025-11-03
5108,15,45,355,46,2024-08-13
5109,29,119,380,29,2025-10-15
5110,30,356,380,53,2025-01-28
5111,16,319,477,41,2024-12-14
5112,18,24,342,29,2025-02-09
5113,21,14,393,57,2022-06-23
5114,16,148,409,56,2024-12-23
5115,6,429,244,42,2024-01-15
5116,19,242,449,56,2022-12-08
5117,9,62,140,12,2023-08-21
5118,23,154,453,33,2023-10-25
5119,28,94,239,12,2025-04-22
5120,7,370,185,42,2025-04-09
5121,9,237,267,47,2025-08-21
5122,11,330,44,40,2024-04-13
5123,10,25,443,18,2025-11-21
5124,1,149,279,43,2025-09-05
5125,25,82,120,53,2022-12-25
5126,16,424,160,31,2022-07-26
5127,4,254,296,34,2025-10-27
5128,23,203,28,31,2024-02-06
5129,25,338,77,17,2023-12-24
5130,19,432,153,25,2025-07-29
5131,19,136,230,26,2022-12-20
5132,24,255,198,51,2025-06-23
5133,15,156,29,48,2025-02-25
5134,29,196,337,19,2025-10-04
5135,27,442,398,35,2024-01-11
5136,20,273,194,11,2025-09-30
5137,11,218,225,41,2023-10-19
5138,16,350,307,40,2025-07-09
5139,29,273,14,40,2022-10-31
5140,9,38,270,47,2023-08-01
5141,5,147,309,15,2025-01-16
5142,1,22,342,21,2025-10-06
5143,26,276,205,48,2025-07-24
5144,14,318,256,55,2023-06-12
5145,21,446,45,48,2025-02-07
5146,16,121,10,43,2023-04-05
5147,8,141,258,34,2023-01-04
5148,30,431,62,45,2023-05-20
5149,23,169,480,43,2024-05-02
5150,28,102,500,33,2022-07-17
5151,25,206,216,35,2022-12-08
5152,12,360,128,45,2024-08-05
5153,5,192,474,32,2022-07-25
5154,3,334,79,34,2022-05-03
5155,10,419,208,57,2025-10-05
5156,29,315,195,47,2023-04-01
5157,7,430,333,40,2022-10-19
5158,28,446,293,59,2022-04-27
5159,24,351,362,50,2023-09-10
5160,9,28,487,37,2025-03-29
5161,2,399,235,17,2023-12-24
5162,4,63,166,47,2022-07-10
5163,22,48,-214,59,2025-06-27
5164,28,99,139,59,2022-05-21
5165,11,342,358,35,2023-11-18
5166,4,285,188,22,2025-10-22
5167,23,302,127,14,2024-10-22
5168,18,421,185,48,2024-12-15
5169,4,354,151,31,2024-12-20
5170,18,407,279,16,2025-05-12
5171,24,189,-118,37,2025-09-17
5172,5,17,182,26,2023-11-15
5173,22,46,189,22,2025-06-13
5174,19,29,314,47,2023-10-06
5175,27,68,123,58,2022-03-11
5176,9,305,298,15,2024-12-07
5177,15,265,492,17,2022-11-05
5178,19,191,469,20,2025-07-02
5179,26,347,-454,11,2024-08-16
5180,10,253,384,14,2025-07-12
5181,21,318,232,13,2024-02-22
5182,18,96,296,19,2025-05-26
5183,17,139,371,36,2025-08-29
5184,18,142,350,42,2024-10-31
5185,14,286,76,43,2025-06-16
5186,21,129,255,50,2025-03-29
5187,29,85,397,10,2025-05-03
5188,15,390,217,59,2023-06-29
5189,21,436,357,54,2025-01-06
5190,28,43,4,48,2025-06-05
5191,1,90,485,17,2022-05-08
5192,25,231,79,21,2022-10-01
5193,26,141,249,32,2025-10-28
5194,10,374,5,29,2024-01-30
5195,9,284,-227,44,2025-11-03
5196,12,80,367,36,2025-06-17
5197,30,226,171,42,2023-05-06
5198,6,328,87,10,2024-08-19
5199,7,24,167,50,2025-04-12
5200,16,136,30,46,2025-10-04
5201,18,177,12,50,2024-12-10
5202,8,296,140,45,2023-09-15
5203,20,47,335,22,2025-11-21
5204,17,100,219,11,2025-11-15
5205,3,66,418,60,2025-04-08
5206,5,424,99,41,2025-07-07
5207,28,344,479,40,2022-01-05
5208,20,261,354,21,2022-02-14
5209,7,360,231,52,2024-04-22
5210,6,361,198,27,2023-09-11
5211,17,214,397,24,2023-11-20
5212,11,405,437,41,2024-08-10
5213,22,359,278,18,2022-01-22
5214,30,120,362,42,2025-11-09
5215,24,125,272,20,2022-11-15
5216,21,33,70,20,2025-07-30
5217,4,185,213,40,2025-08-15
5218,24,294,177,14,2025-09-11
5219,21,202,36,11,2023-05-15
5220,24,334,335,21,2024-01-24
5221,14,403,368,32,2023-08-12
5222,24,283,450,13,2025-11-16
5223,4,267,138,40,2022-12-03
5224,26,395,183,47,2024-04-27
5225,1,305,263,51,2024-02-25
5226,12,392,253,10,2024-04-11
5227,9,212,254,10,2025-05-10
5228,18,17,62,26,2025-11-08
5229,8,318,305,45,2022-10-30
5230,12,234,57,54,2024-11-18
5231,29,429,15,12,2024-07-10
5232,21,143,272,60,2023-07-06
5233,6,365,490,44,2024-09-09
5234,18,52,8,56,2022-07-28
5235,2,357,374,42,2022-05-30
5236,18,256,288,20,2025-07-02
5237,20,262,240,23,2024-07-29
5238,30,314,302,23,2024-05-08
5239,27,143,417,43,2022-08-04
5240,6,171,410,58,2024-05-19
5241,29,298,336,17,2025-02-17
5242,7,252,53,25,2023-11-08
5243,21,21,468,35,2023-10-01
5244,13,330,203,47,2022-04-02
5245,5,304,315,36,2023-12-26
5246,20,369,254,58,2025-04-18
5247,24,15,116,42,2025-03-03
5248,1,106,492,50,2022-03-05
5249,8,302,46,21,2025-03-22
5250,8,38,78,10,2023-09-21
5251,9,266,348,22,2024-07-10
5252,6,234,320,54,2025-02-02
5253,13,150,115,40,2024-06-02
5254,2,254,404,32,2025-08-01
5255,23,56,293,38,2024-11-25
5256,1,151,395,60,2025-04-12
5257,15,416,359,55,2025-05-08
5258,11,208,347,53,2025-03-31
5259,15,302,96,25,2022-08-29
5260,22,167,353,47,2022-07-23
5261,6,227,299,29,2024-01-25
5262,20,385,118,30,2025-05-24
5263,10,417,315,48,2023-03-28
5264,5,95,115,46,2022-01-20
5265,30,417,45,25,2022-07-20
5266,15,9,128,42,2024-01-30
5267,1,244,484,13,2025-02-11
5268,12,339,314,46,2023-10-12
5269,1,47,28,45,2022-04-14
5270,3,386,290,30,2025-11-09
5271,8,132,347,49,2025-04-02
5272,1,436,143,45,2022-05-02
5273,25,115,19,57,2022-09-12
5274,19,151,338,45,2022-09-22
5275,16,8,218,20,2025-03-06
5276,11,127,167,60,2023-01-07
5277,5,162,63,57,2023-01-26
5278,13,362,499,26,2025-04-25
5279,1,150,191,50,2025-02-15
5280,4,154,53,38,2025-12-28
5281,3,265,76,18,2025-03-21
5282,28,186,460,16,2023-04-10
5283,23,125,460,23,2024-08-15
5284,20,446,241,44,2022-06-28
5285,4,305,490,16,2023-11-14
5286,27,318,408,49,2022-01-01
5287,11,361,458,54,2025-05-27
5288,19,92,5,10,2023-06-06
5289,11,437,242,60,2024-02-19
5290,7,161,178,55,2022-01-25
5291,16,414,286,55,2025-08-22
5292,9,44,146,20,2023-09-25
5293,5,358,324,24,2022-12-15
5294,15,382,198,56,2025-05-28
5295,26,135,473,37,2022-12-25
5296,4,388,495,25,2022-08-24
5297,16,396,297,19,2023-04-01
5298,11,319,287,58,2023-05-13
5299,3,65,206,57,2023-04-21
5300,16,210,332,14,2024-01-06
5301,11,408,210,44,2023-12-14
5302,13,339,214,18,2023-03-31
5303,22,255,218,56,2022-11-25
5304,24,35,337,41,2024-03-10
5305,9,286,191,49,2024-04-19
5306,24,132,159,14,2025-10-15
5307,4,426,176,27,2024-05-01
5308,27,300,174,20,2024-12-20
5309,3,111,83,22,2025-04-14
5310,29,381,94,17,2024-08-01
5311,26,296,259,22,2022-03-18
5312,30,316,113,48,2023-02-09
5313,1,354,333,22,2022-01-15
5314,19,237,298,59,2025-02-20
5315,21,309,342,42,2022-05-18
5316,19,287,453,53,2023-08-30
5317,12,37,300,20,2024-06-14
5318,23,15,65,25,2025-08-04
5319,11,52,396,60,2022-03-14
5320,3,113,498,13,2024-11-25
5321,10,41,102,11,2024-03-11
5322,25,134,78,19,2025-09-04
5323,4,105,363,51,2024-09-07
5324,4,141,7,42,2023-10-22
5325,22,139,298,57,2023-04-05
5326,19,144,227,42,2025-06-24
5327,2,165,273,19,2024-01-18
5328,10,98,172,38,2024-11-16
5329,21,299,391,26,2022-09-15
5330,30,157,110,48,2022-02-25
5331,9,387,217,19,2022-09-02
5332,9,316,17,28,2024-11-24
5333,19,446,275,53,2023-03-01
5334,5,328,-308,56,2023-02-02
5335,14,85,206,28,2023-10-25
5336,6,59,239,58,2022-03-20
5337,17,91,351,54,2023-06-04
5338,13,442,474,27,2023-11-24
5339,14,291,173,37,2023-10-23
5340,9,199,347,56,2022-12-01
5341,30,392,118,49,2024-12-24
5342,4,171,279,21,2023-10-23
5343,13,262,61,14,2025-10-06
5344,21,66666,341,41,2022-08-10
5345,1,242,305,44,2025-10-01
5346,6,126,86,43,2022-05-31
5347,18,390,422,11,2022-10-24
5348,6,274,472,52,2024-02-22
5349,13,99,107,49,2024-07-30
5350,28,400,434,56,2022-11-12
5351,18,257,457,56,2025-05-10
5352,13,348,369,52,2024-07-03
5353,28,138,323,28,2025-04-23
5354,2,205,464,35,2025-10-17
5355,28,264,451,28,2024-09-17
5356,22,229,214,58,2023-08-20
5357,29,191,93,48,2025-12-05
5358,23,114,423,54,2025-07-25
5359,25,200,351,20,2023-08-26
5360,19,207,344,57,2022-05-24
5361,16,270,335,54,2025-04-07
5362,19,219,118,24,2023-07-27
5363,9,170,264,19,2022-05-28
5364,19,172,179,43,2022-01-29
5365,8,426,488,25,2022-02-22
5366,2,149,175,26,2025-07-25
5367,17,411,159,52,2022-01-07
5368,26,243,116,28,2025-01-22
5369,24,261,229,29,2024-11-29
5370,19,298,18,41,2023-07-15
5371,12,58,45,18,2022-06-18
5372,19,220,397,33,2022-03-27
5373,2,426,400,42,2023-11-13
5374,21,213,403,28,2025-12-26
5375,24,182,131,22,2025-12-26
5376,12,63,342,26,2025-02-13
5377,21,372,256,45,2024-08-28
5378,19,155,333,30,2022-06-19
5379,27,373,72,20,2022-06-17
5380,20,34,104,28,2025-08-31
5381,19,254,250,20,2022-04-20
5382,19,442,23,26,2023-05-03
5383,6,209,-141,12,2022-12-30
5384,10,297,33,21,2022-11-13
5385,28,428,182,51,2024-10-31
5386,11,287,85,34,2024-11-17
5387,18,189,295,13,2025-07-03
5388,14,322,429,31,2022-08-06
5389,8,174,470,12,2023-10-21
5390,6,400,177,60,2024-07-06
5391,18,300,367,26,2022-04-09
5392,23,342,163,32,2022-03-14
5393,18,285,243,29,2023-12-31
5394,28,406,320,34,2022-03-26
5395,2,197,108,53,2025-07-23
5396,14,154,236,32,2022-03-06
5397,20,106,73,28,2025-05-27
5398,9,285,433,59,2025-04-17
5399,1,71,456,43,2024-08-14
5400,13,399,428,31,2025-03-02
5401,23,347,242,53,2025-01-11
5402,16,135,179,58,2023-08-20
5403,26,331,235,17,2022-06-23
5404,3,172,345,19,2022-12-10
5405,10,367,46,57,2024-11-08
5406,12,216,193,20,2024-12-06
5407,30,95,272,28,2025-02-08
5408,10,64,280,25,2024-05-06
5409,25,66,345,35,2024-07-08
5410,13,448,127,55,2022-12-11
5411,26,128,127,33,2025-07-19
5412,12,310,360,42,2023-06-22
5413,28,383,287,26,2024-05-28
5414,23,42,176,55,2024-02-07
5415,9,214,37,24,2024-05-03
5416,15,112,272,53,2024-06-19
5417,4,226,124,53,2022-08-22
5418,27,75,185,38,2025-07-20
5419,9,327,64,23,2022-06-24
5420,25,212,92,30,2022-03-05
5421,29,40,187,56,2022-03-28
5422,16,374,422,35,2022-08-01
5423,13,424,304,38,2023-09-05
5424,3,196,413,25,2025-08-05
5425,17,119,257,60,2024-10-05
5426,23,447,47,32,2022-03-09
5427,20,270,27,42,2023-05-03
5428,29,60,367,37,2024-08-22
5429,13,188,425,39,2024-07-13
5430,24,57,197,27,2025-12-07
5431,11,115,54,30,2023-01-31
5432,2,225,408,54,2025-10-08
5433,6,343,140,34,2025-12-17
5434,30,240,253,43,2022-01-07
5435,26,219,370,60,2022-06-09
5436,5,275,310,26,2024-06-13
5437,13,374,447,41,2024-07-13
5438,10,196,188,20,2023-12-05
5439,29,280,201,34,2022-12-23
5440,12,318,262,28,2025-09-14
5441,20,288,233,34,2022-06-10
5442,9,165,425,20,2025-06-19
5443,18,126,460,27,2024-01-11
5444,12,88,493,30,2025-09-01
5445,1,185,457,28,2024-06-24
5446,21,368,34,38,2022-06-05
5447,13,38,22,12,2024-10-28
5448,22,311,116,31,2023-07-13
5449,22,180,187,15,2022-07-03
5450,15,31,105,19,2025-02-28
5451,21,270,84,56,2022-11-02
5452,23,182,268,12,2023-05-16
5453,4,123,212,19,2025-03-12
5454,14,449,279,59,2023-03-13
5455,28,394,472,34,2025-10-27
5456,23,287,321,37,2025-07-03
5457,22,122,476,58,2024-03-09
5458,14,406,484,31,2024-07-06
5459,26,77,351,41,2024-03-25
5460,8,213,426,52,2023-12-13
5461,12,152,119,18,2022-07-17
5462,2,437,241,10,2024-01-24
5463,14,66666,78,21,2025-09-02
5464,4,410,83,41,2025-03-16
5465,14,360,357,55,2025-09-22
5466,11,432,474,36,2022-08-13
5467,19,318,335,17,2023-12-16
5468,16,138,120,53,2023-05-14
5469,27,381,331,55,2024-06-01
5470,7,129,457,39,2025-09-08
5471,30,287,313,27,2023-05-29
5472,4,1,478,21,2024-11-18
5473,10,52,418,58,2024-01-11
5474,4,377,491,11,2022-09-29
5475,13,104,279,13,2022-09-19
5476,15,152,29,18,2025-12-23
5477,5,449,334,37,2025-11-16
5478,11,179,457,30,2025-06-30
5479,23,400,214,14,2023-11-03
5480,18,321,372,26,2025-07-23
5481,7,334,181,51,2023-01-28
5482,8,202,98,35,2023-08-01
5483,5,179,279,34,2024-12-02
5484,26,293,367,40,2024-04-17
5485,12,267,173,42,2024-04-08
5486,9,59,153,38,2025-09-01
5487,25,403,356,47,2022-07-10
5488,16,347,460,52,2022-07-01
5489,12,175,109,51,2022-06-26
5490,29,237,6,23,2023-05-08
5491,6,27,435,18,2023-02-14
5492,29,113,295,59,2024-02-29
5493,19,275,489,54,2022-09-28
5494,16,105,278,48,2024-05-15
5495,5,105,34,54,2023-10-05
5496,7,327,298,43,2024-11-16
5497,4,133,347,36,2022-09-29
5498,28,409,453,58,2024-12-07
5499,19,274,340,39,2025-10-14
5500,23,253,352,18,2023-06-26
5501,5,322,431,23,2024-08-04
5502,13,391,260,31,2022-11-05
5503,12,208,152,58,2025-09-11
5504,26,86,100,56,2025-07-10
5505,22,127,179,43,2024-04-05
5506,19,194,358,40,2022-10-27
5507,9,281,277,21,2022-07-19
5508,30,87,434,51,2022-03-03
5509,15,378,17,60,2025-06-12
5510,29,14,38,52,2022-07-17
5511,25,5,490,17,2023-04-04
5512,10,217,331,42,2025-05-22
5513,21,84,437,51,2024-01-14
5514,9,34,291,36,2025-05-06
5515,10,394,180,13,2022-07-07
5516,1,249,265,52,2023-01-22
5517,4,109,184,26,2022-10-08
5518,28,112,167,54,2022-10-02
5519,14,443,197,44,2024-12-01
5520,12,98,395,11,2024-10-17
5521,5,352,28,24,2025-08-01
5522,6,152,368,58,2024-05-18
5523,2,65,119,43,2022-01-21
5524,14,262,-58,32,2024-10-25
5525,14,50,357,16,2023-10-09
5526,1,378,83,51,2022-11-10
5527,16,124,342,48,2023-05-01
5528,13,1,115,54,2022-09-18
5529,3,88,30,42,2022-05-03
5530,20,294,116,35,2025-03-09
5531,6,295,379,10,2022-08-27
5532,23,116,240,54,2025-01-13
5533,9,54,200,25,2025-09-05
5534,26,88,355,33,2023-11-03
5535,18,194,493,53,2024-02-27
5536,26,120,291,56,2023-03-25
5537,15,56,482,40,2022-06-09
5538,10,376,347,39,2022-03-10
5539,2,2,410,10,2022-10-31
5540,24,118,122,59,2023-06-26
5541,9,430,228,24,2025-11-15
5542,27,52,99,55,2025-11-23
5543,8,330,5,39,2023-08-13
5544,3,86,311,10,2025-07-01
5545,21,304,213,18,2024-11-05
5546,13,378,156,45,2025-11-30
5547,24,372,245,24,2025-05-10
5548,27,272,111,34,2023-01-22
5549,12,182,448,44,2025-05-29
5550,16,66666,213,28,2023-01-27
5551,16,82,379,31,2022-10-02
5552,1,228,153,36,2025-11-07
5553,13,259,274,59,2022-02-06
5554,4,262,448,52,2024-03-10
5555,8,363,451,25,2023-11-09
5556,16,376,135,39,2024-10-29
5557,13,444,64,38,2024-12-16
5558,14,127,325,44,2024-04-04
5559,9,358,87,42,2025-01-30
5560,13,241,382,48,2024-12-09
5561,14,48,286,54,2022-01-12
5562,26,66666,161,55,2023-03-04
5563,18,232,160,41,2024-03-30
5564,4,382,398,59,2022-05-11
5565,6,21,319,31,2023-09-15
5566,3,304,100,46,2024-10-05
5567,17,210,202,23,2022-04-17
5568,5,241,25,41,2025-02-02
5569,17,447,90,14,2022-08-13
5570,22,376,489,42,2024-01-24
5571,9,37,36,23,2023-03-22
5572,14,346,447,21,2022-07-04
5573,11,265,109,54,2022-03-19
5574,29,235,368,60,2023-02-09
5575,6,389,146,15,2025-08-29
5576,30,420,143,54,2024-08-14
5577,22,239,329,38,2022-07-02
5578,24,47,40,23,2023-04-07
5579,10,266,154,15,2024-04-12
5580,29,30,-302,35,2025-07-28
5581,15,116,231,32,2025-08-13
5582,3,327,349,49,2024-04-03
5583,3,345,185,26,2025-06-04
5584,10,90,487,32,2022-04-03
5585,29,84,172,51,2025-09-15
5586,7,400,139,11,2025-11-13
5587,25,436,410,21,2022-09-21
5588,22,331,467,28,2023-07-10
5589,3,18,260,30,2025-06-26
5590,30,206,66,55,2023-06-17
5591,2,258,38,23,2024-03-08
5592,28,287,337,41,2024-06-17
5593,21,411,184,55,2025-11-27
5594,2,62,385,43,2023-05-29
5595,21,379,372,27,2024-08-08
5596,11,356,456,11,2023-05-09
5597,3,340,142,56,2022-01-11
5598,16,333,42,35,2025-01-08
5599,21,279,359,53,2024-02-20
5600,15,315,379,51,2024-01-24
5601,5,225,-440,27,2022-12-26
5602,6,355,17,54,2025-10-23
5603,14,277,313,37,2024-02-24
5604,20,63,-337,60,2024-04-19
5605,7,444,364,11,2022-10-21
5606,29,419,306,27,2025-04-23
5607,3,445,453,34,2024-07-22
5608,29,131,324,35,2022-02-25
5609,14,263,310,28,2024-03-12
5610,7,361,43,32,2022-06-15
5611,29,365,182,33,2024-07-02
5612,30,306,383,13,2023-03-11
5613,11,103,390,19,2024-12-03
5614,13,350,432,35,2025-02-23
5615,15,414,292,56,2025-02-20
5616,15,381,225,46,2025-06-11
5617,23,264,233,28,2023-04-19
5618,20,210,308,27,2023-07-23
5619,21,106,-66,59,2025-06-30
5620,17,340,358,35,2024-06-01
5621,6,184,379,31,2025-05-15
5622,27,351,488,25,2022-12-20
5623,8,207,155,33,2025-05-13
5624,19,418,171,28,2023-10-28
5625,9,313,489,46,2024-02-29
5626,5,131,76,30,2025-03-23
5627,21,250,424,38,2023-01-22
5628,4,87,412,49,2023-06-06
5629,1,310,334,32,2024-10-12
5630,24,147,103,41,2022-07-25
5631,10,161,266,60,2023-11-11
5632,29,449,43,46,2022-09-05
5633,15,209,334,31,2023-01-24
5634,7,417,69,35,2025-11-07
5635,7,366,200,26,2025-08-16
5636,14,201,322,15,2024-04-07
5637,2,383,137,10,2023-04-10
5638,6,354,158,31,2024-01-22
5639,13,94,413,33,2024-04-09
5640,18,51,168,50,2025-01-21
5641,10,447,418,47,2023-09-04
5642,15,57,390,19,2024-09-28
5643,19,310,459,20,2024-07-06
5644,2,417,338,41,2025-04-10
5645,29,333,68,51,2022-09-23
5646,15,331,465,50,2022-04-11
5647,21,268,363,16,2022-09-09
5648,24,227,118,51,2022-08-01
5649,29,22,472,52,2023-01-27
5650,29,233,27,18,2023-10-23
5651,4,191,435,12,2023-03-14
5652,16,429,146,18,2024-10-27
5653,6,130,74,21,2024-09-04
5654,10,94,499,15,2023-02-18
5655,24,215,239,48,2023-11-07
5656,18,294,480,43,2022-02-23
5657,24,171,237,58,2024-08-14
5658,10,32,6,34,2022-05-11
5659,19,5,190,45,2023-10-20
5660,19,276,354,21,2024-04-24
5661,12,437,167,17,2022-01-02
5662,18,20,373,18,2022-10-08
5663,21,298,31,49,2025-01-05
5664,19,404,302,27,2025-12-14
5665,8,180,483,12,2024-07-14
5666,17,176,487,26,2024-01-08
5667,10,418,193,53,2024-10-29
5668,13,64,485,42,2024-07-09
5669,16,59,264,33,2025-07-09
5670,4,186,262,17,2023-01-25
5671,7,136,47,57,2025-05-12
5672,14,122,107,43,2023-07-07
5673,8,99,335,46,2022-04-13
5674,3,154,334,56,2024-02-06
5675,14,347,202,56,2024-05-08
5676,24,231,157,24,2025-07-04
5677,2,45,271,25,2024-10-29
5678,2,310,392,58,2022-01-09
5679,28,187,155,35,2023-07-22
5680,7,74,69,59,2024-12-08
5681,29,57,12,12,2023-09-18
5682,20,400,50,27,2025-06-01
5683,24,37,477,33,2023-10-03
5684,26,277,73,39,2022-05-07
5685,24,42,455,35,2024-09-27
5686,27,6,312,60,2022-04-21
5687,7,251,438,51,2025-12-24
5688,3,428,308,48,2022-06-06
5689,21,403,456,44,2025-09-10
5690,9,75,498,34,2023-01-30
5691,8,121,440,25,2025-03-30
5692,11,446,205,51,2023-08-25
5693,22,114,204,55,2024-03-24
5694,22,390,207,18,2022-07-27
5695,28,147,258,57,2022-03-15
5696,20,170,137,14,2024-03-02
5697,14,354,380,21,2025-04-26
5698,18,385,16,27,2024-03-18
5699,12,273,413,35,2022-06-09
5700,15,67,411,18,2024-11-17
5701,26,352,26,38,2022-08-23
5702,23,146,9,20,2023-05-01
5703,27,214,341,18,2025-08-26
5704,23,235,370,27,2025-10-12
5705,28,405,149,29,2024-03-28
5706,10,183,92,33,2025-11-28
5707,20,418,437,59,2023-01-31
5708,28,133,345,14,2022-11-19
5709,16,226,278,53,2024-05-24
5710,24,424,274,50,2025-01-27
5711,17,301,286,28,2022-02-08
5712,3,249,25,13,2024-11-14
5713,24,432,271,11,2024-10-11
5714,11,113,182,43,2022-05-13
5715,2,69,463,35,2025-08-29
5716,21,197,378,51,2023-04-13
5717,5,89,253,39,2023-03-29
5718,13,132,169,12,2022-01-03
5719,2,195,409,10,2023-06-12
5720,5,160,99,44,2025-05-21
5721,23,277,498,27,2022-05-02
5722,17,178,9,13,2024-07-20
5723,25,44,223,40,2022-11-18
5724,30,414,124,29,2022-09-01
5725,26,179,108,12,2024-06-17
5726,7,225,162,32,2023-06-06
5727,1,317,467,35,2023-06-16
5728,14,188,153,49,2025-03-19
5729,28,60,291,39,2024-04-01
5730,19,396,307,12,2025-10-01
5731,18,381,159,34,2024-09-01
5732,8,285,269,20,2022-10-17
5733,26,280,295,25,2022-08-10
5734,26,18,349,56,2023-07-06
5735,24,46,209,59,2025-06-27
5736,30,335,291,44,2023-04-12
5737,26,430,52,21,2025-09-10
5738,9,67,341,29,2023-10-13
5739,9,382,222,27,2024-11-10
5740,18,392,488,51,2024-12-07
5741,3,338,155,30,2022-02-23
5742,7,285,211,46,2024-09-07
5743,27,378,480,41,2024-07-25
5744,28,334,454,36,2023-12-27
5745,11,203,8,52,2022-05-28
5746,21,23,312,15,2025-08-13
5747,10,142,35,43,2022-03-22
5748,7,311,300,20,2022-11-05
5749,4,340,-356,54,2025-08-29
5750,20,13,118,26,2023-05-21
5751,1,18,473,37,2025-05-21
5752,9,121,403,51,2023-07-20
5753,12,153,192,32,2022-05-04
5754,22,81,430,33,2023-07-10
5755,21,71,308,18,2023-07-27
5756,11,64,262,47,2024-06-23
5757,22,395,444,38,2022-04-06
5758,7,393,48,48,2025-06-24
5759,12,101,96,22,2023-03-31
5760,7,46,125,12,2022-04-10
5761,5,18,441,51,2025-07-04
5762,9,236,313,47,2022-03-21
5763,11,311,126,43,2024-10-22
5764,2,32,267,19,2024-06-15
5765,7,128,59,32,2024-04-06
5766,21,13,141,52,2025-05-10
5767,3,372,140,29,2022-10-25
5768,18,174,394,37,2025-01-06
5769,8,152,47,60,2024-06-01
5770,19,174,262,41,2023-03-20
5771,17,203,407,22,2023-03-04
5772,30,218,408,11,2024-10-15
5773,9,56,55,44,2022-05-21
5774,17,268,437,39,2024-11-21
5775,27,212,484,52,2023-03-10
5776,23,206,423,38,2022-09-30
5777,17,289,42,41,2022-05-22
5778,11,341,446,12,2025-01-10
5779,16,365,131,41,2023-08-07
5780,21,66666,183,35,2025-12-30
5781,7,92,16,60,2022-08-07
5782,4,94,229,52,2023-01-10
5783,24,270,19,52,2024-05-18
5784,27,67,400,41,2025-11-10
5785,14,224,279,59,2023-05-14
5786,25,100,54,54,2024-10-22
5787,6,215,37,53,2025-04-24
5788,16,425,272,11,2022-08-03
5789,25,392,196,19,2024-03-18
5790,22,199,271,59,2025-07-17
5791,8,236,389,53,2024-05-28
5792,6,347,6,51,2022-07-02
5793,18,272,38,39,2022-05-11
5794,11,380,64,55,2022-08-20
5795,23,259,200,34,2023-03-11
5796,1,371,129,11,2022-06-27
5797,22,324,71,37,2024-01-17
5798,16,339,157,54,2024-02-07
5799,27,245,94,56,2024-03-24
5800,3,63,206,36,2023-09-29
5801,26,350,450,30,2022-08-26
5802,19,223,442,25,2022-08-19
5803,28,272,141,12,2024-10-02
5804,6,153,203,43,2024-02-08
5805,21,235,308,52,2025-10-05
5806,24,315,487,43,2025-08-29
5807,21,66666,42,49,2023-07-12
5808,19,66666,102,32,2023-11-16
5809,6,335,459,17,2024-10-31
5810,2,344,343,57,2024-10-30
5811,1,369,195,32,2025-08-30
5812,25,12,48,60,2025-03-23
5813,27,161,89,43,2023-11-27
5814,12,399,85,25,2025-07-28
5815,26,441,380,60,2025-11-17
5816,5,209,303,49,2022-10-08
5817,20,150,331,25,2023-03-18
5818,1,116,324,21,2022-08-05
5819,4,256,320,59,2022-12-31
5820,18,375,131,16,2023-04-19
5821,19,17,444,43,2024-12-10
5822,16,197,458,56,2023-11-23
5823,16,255,371,35,2022-01-14
5824,9,277,487,42,2024-01-29
5825,23,50,240,48,2025-11-28
5826,18,443,131,48,2022-07-28
5827,4,357,183,48,2023-08-31
5828,8,441,453,23,2024-02-28
5829,24,436,309,32,2025-07-14
5830,12,215,439,41,2024-05-28
5831,8,258,144,59,2023-04-20
5832,14,156,268,52,2025-07-06
5833,13,116,199,11,2024-12-08
5834,22,327,165,36,2023-07-23
5835,27,426,433,41,2022-04-09
5836,7,102,467,34,2023-05-30
5837,30,259,422,43,2022-11-05
5838,4,240,416,58,2025-04-08
5839,1,411,454,30,2024-09-13
5840,30,313,464,57,2025-11-23
5841,9,449,155,23,2022-03-15
5842,1,66666,234,10,2024-07-04
5843,22,388,422,15,2024-06-03
5844,4,143,424,14,2022-10-01
5845,5,443,258,29,2024-06-06
5846,2,302,198,47,2024-11-30
5847,2,365,150,44,2022-09-19
5848,7,413,489,60,2025-04-15
5849,24,203,280,50,2023-10-10
5850,11,354,13,53,2023-02-19
5851,3,228,199,20,2024-04-23
5852,16,66666,336,55,2022-10-02
5853,30,412,478,47,2023-05-29
5854,15,68,38,37,2022-12-06
5855,27,66,316,45,2023-09-14
5856,2,101,95,12,2022-04-04
5857,19,435,274,38,2024-05-14
5858,2,129,97,58,2023-02-05
5859,8,391,207,51,2023-03-17
5860,16,239,63,27,2023-06-07
5861,11,39,352,57,2025-09-16
5862,20,155,186,28,2025-11-12
5863,22,8,171,40,2024-03-26
5864,20,229,380,30,2025-09-17
5865,26,65,275,20,2024-10-14
5866,25,308,192,45,2025-06-06
5867,3,98,232,59,2025-12-29
5868,3,142,10,38,2022-10-12
5869,7,97,452,16,2022-10-02
5870,19,6,403,14,2025-11-23
5871,24,319,73,14,2025-05-29
5872,15,224,164,18,2023-06-12
5873,27,315,215,54,2022-03-16
5874,10,393,403,53,2024-10-23
5875,12,420,455,38,2022-07-06
5876,10,280,360,58,2024-07-10
5877,15,73,444,18,2025-10-15
5878,28,392,11,25,2024-06-16
5879,4,258,59,56,2024-06-06
5880,10,264,151,32,2022-04-07
5881,16,413,4,16,2024-12-10
5882,25,46,280,41,2022-01-26
5883,24,269,418,16,2023-08-21
5884,27,235,71,19,2023-08-04
5885,19,66666,429,31,2024-10-15
5886,14,195,58,10,2023-08-10
5887,28,111,258,43,2025-03-01
5888,1,41,369,57,2023-12-02
5889,28,11,74,14,2023-06-02
5890,9,65,174,27,2022-05-11
5891,23,450,226,49,2024-10-30
5892,18,410,294,11,2025-09-21
5893,5,315,286,35,2023-06-16
5894,6,368,334,34,2023-11-18
5895,11,334,215,26,2025-10-08
5896,18,409,335,52,2023-03-27
5897,18,297,498,10,2024-01-08
5898,3,414,143,30,2022-11-09
5899,28,23,147,20,2024-05-06
5900,19,441,133,50,2024-05-29
5901,3,356,431,36,2024-12-25
5902,21,297,-433,20,2024-06-22
5903,30,32,108,57,2023-07-17
5904,13,48,167,40,2022-10-24
5905,13,284,105,40,2022-05-29
5906,18,315,381,13,2022-05-24
5907,14,139,411,35,2024-09-01
5908,25,399,428,10,2023-07-04
5909,28,227,496,39,2024-07-14
5910,4,438,110,24,2025-08-20
5911,5,230,148,31,2022-11-27
5912,2,66,140,49,2023-09-19
5913,4,264,293,25,2023-12-24
5914,8,403,254,42,2022-08-08
5915,1,406,150,31,2022-12-31
5916,18,284,69,34,2025-10-24
5917,28,250,369,57,2022-05-06
5918,20,412,103,24,2025-08-01
5919,12,40,433,18,2025-07-13
5920,16,123,442,21,2022-05-13
5921,6,199,71,12,2024-08-16
5922,1,170,491,44,2022-05-07
5923,21,111,375,44,2025-01-17
5924,26,75,433,33,2023-01-26
5925,27,405,427,11,2022-06-10
5926,28,48,82,21,2023-10-10
5927,10,370,255,40,2022-07-24
5928,25,202,262,40,2023-11-20
5929,5,68,-120,11,2023-10-12
5930,2,180,134,56,2024-12-17
5931,15,6,73,26,2023-01-06
5932,6,283,146,46,2024-11-07
5933,18,244,124,33,2022-01-31
5934,22,320,38,40,2024-03-14
5935,27,159,235,11,2023-10-12
5936,29,187,245,32,2024-12-25
5937,26,258,261,52,2022-10-08
5938,17,414,252,34,2022-03-02
5939,23,417,182,46,2023-02-22
5940,24,41,419,28,2022-04-14
5941,5,393,449,23,2024-10-27
5942,19,328,156,39,2024-10-29
5943,23,140,42,46,2025-03-26
5944,2,120,121,52,2025-10-08
5945,21,392,364,30,2022-03-06
5946,22,93,295,41,2024-01-13
5947,17,107,258,57,2025-02-12
5948,19,43,156,47,2025-10-22
5949,28,290,140,44,2024-01-09
5950,30,109,286,54,2023-09-08
5951,5,187,223,12,2022-05-03
5952,23,421,138,55,2024-01-22
5953,21,376,390,19,2025-11-14
5954,9,355,44,42,2024-03-31
5955,7,174,133,12,2023-11-10
5956,6,441,25,15,2023-03-24
5957,1,67,295,42,2025-07-28
5958,29,207,125,29,2025-07-24
5959,23,378,164,39,2022-10-16
5960,17,401,232,11,2022-01-08
5961,17,40,163,25,2022-05-07
5962,17,383,276,38,2022-02-25
5963,20,350,300,26,2022-05-09
5964,8,255,433,41,2025-06-18
5965,18,89,207,21,2022-03-08
5966,27,107,224,51,2023-03-24
5967,3,370,99,56,2024-07-24
5968,30,239,27,59,2022-01-04
5969,4,294,284,11,2022-03-09
5970,6,263,295,42,2022-05-15
5971,4,178,249,37,2024-03-20
5972,1,240,92,57,2025-08-17
5973,9,230,61,12,2025-06-28
5974,30,233,3,51,2025-01-18
5975,2,267,442,58,2024-03-20
5976,25,250,326,48,2024-07-20
5977,15,394,442,44,2025-11-03
5978,4,387,203,51,2023-09-19
5979,2,349,391,11,2022-02-05
5980,16,263,459,55,2025-12-31
5981,4,169,436,12,2022-03-21
5982,5,36,186,26,2024-02-20
5983,1,330,173,10,2025-03-10
5984,11,247,111,55,2024-10-26
5985,29,175,274,15,2023-07-21
5986,17,354,263,47,2022-05-06
5987,9,64,359,53,2023-03-16
5988,23,433,125,46,2023-12-24
5989,1,356,0,13,2023-02-05
5990,11,116,220,37,2025-04-05
5991,17,267,23,56,2022-06-09
5992,30,332,47,22,2024-01-21
5993,16,93,54,50,2024-10-25
5994,24,284,498,14,2025-11-07
5995,23,278,438,11,2024-10-09
5996,5,173,498,17,2022-04-05
5997,20,215,34,56,2025-02-10
5998,15,439,463,48,2022-01-11
5999,15,141,343,30,2022-11-07
6000,13,79,403,54,2022-03-15
6001,7,260,311,51,2025-03-16
6002,28,256,364,10,2025-07-18
6003,20,221,93,45,2023-08-01
6004,5,426,217,14,2023-04-21
6005,10,421,155,15,2024-10-08
6006,6,221,36,54,2023-03-04
6007,19,354,102,18,2023-12-07
6008,9,437,492,15,2025-12-03
6009,20,405,63,51,2024-01-20
6010,3,442,178,24,2023-12-31
6011,27,1,443,30,2023-07-30
6012,10,404,39,47,2023-12-31
6013,17,85,65,14,2024-11-27
6014,4,297,322,57,2024-10-12
6015,26,346,341,54,2022-02-10
6016,6,329,298,30,2024-11-28
6017,21,214,422,23,2022-08-01
6018,4,130,383,51,2025-09-20
6019,10,424,467,18,2025-09-13
6020,19,253,157,59,2023-07-11
6021,19,8,338,53,2024-11-12
6022,16,411,159,53,2023-04-04
6023,10,387,424,56,2025-03-30
6024,29,277,2,31,2024-03-07
6025,24,10,338,40,2023-12-02
6026,28,407,-478,48,2024-04-09
6027,30,185,406,52,2024-07-16
6028,14,106,92,10,2023-11-01
6029,17,431,191,49,2024-09-15
6030,3,90,29,29,2023-09-12
6031,26,97,328,57,2023-12-26
6032,8,439,37,53,2024-10-15
6033,30,395,394,30,2022-04-16
6034,26,178,447,40,2023-06-08
6035,19,61,57,31,2025-10-26
6036,17,358,355,29,2024-02-10
6037,30,444,482,28,2023-10-17
6038,21,32,353,11,2025-12-14
6039,17,153,124,11,2022-10-22
6040,26,272,30,33,2023-02-24
6041,30,250,317,41,2025-10-17
6042,26,417,102,22,2022-12-28
6043,11,325,294,38,2025-03-30
6044,19,177,473,37,2022-11-26
6045,26,237,362,32,2025-02-28
6046,7,401,467,60,2023-11-29
6047,3,46,135,40,2024-11-10
6048,6,286,50,26,2023-06-01
6049,18,429,444,54,2022-03-10
6050,30,363,33,48,2022-02-18
6051,23,128,417,24,2022-04-26
6052,13,137,68,11,2024-11-22
6053,14,264,163,22,2024-12-22
6054,15,389,322,19,2024-12-11
6055,19,159,-70,25,2025-04-10
6056,16,321,470,15,2023-06-15
6057,7,325,441,25,2024-01-07
6058,28,216,306,21,2022-11-02
6059,25,376,369,33,2024-06-22
6060,13,226,462,38,2022-08-26
6061,17,432,50,15,2024-02-13
6062,14,176,156,33,2025-08-26
6063,9,332,360,37,2025-12-27
6064,5,292,140,39,2022-04-15
6065,16,363,249,12,2025-05-19
6066,3,11,439,31,2023-05-23
6067,11,54,475,48,2025-02-12
6068,10,303,403,15,2025-11-06
6069,5,50,383,24,2023-06-18
6070,17,360,99,58,2024-11-04
6071,1,66666,446,43,2022-03-26
6072,29,288,485,50,2025-01-26
6073,30,330,444,52,2022-09-27
6074,25,49,68,15,2023-07-12
6075,22,248,199,33,2025-02-28
6076,28,127,81,54,2024-11-03
6077,1,56,474,49,2024-12-06
6078,13,39,283,22,2024-10-17
6079,21,288,231,32,2022-12-30
6080,7,51,416,34,2023-09-09
6081,5,218,55,58,2024-04-13
6082,7,302,432,44,2022-11-13
6083,2,406,343,27,2024-05-25
6084,18,217,50,10,2023-07-17
6085,24,28,248,28,2024-04-04
6086,15,345,415,13,2025-03-19
6087,7,30,195,56,2022-08-10
6088,24,44,68,59,2022-08-09
6089,14,134,488,46,2023-10-26
6090,20,114,233,27,2025-07-14
6091,9,399,59,43,2022-02-07
6092,23,197,392,46,2024-03-16
6093,30,229,8,15,2023-10-13
6094,1,334,-216,37,2024-03-10
6095,30,195,397,57,2025-08-13
6096,14,125,480,17,2023-01-07
6097,25,273,161,10,2023-08-28
6098,4,173,41,33,2025-02-06
6099,21,240,199,27,2023-04-16
6100,23,333,409,14,2025-03-04
6101,29,406,20,12,2025-02-22
6102,6,7,111,11,2025-06-01
6103,13,190,309,34,2023-07-07
6104,30,191,359,21,2023-03-19
6105,6,302,48,59,2025-06-23
6106,1,66666,262,38,2022-04-16
6107,22,26,67,47,2022-11-30
6108,21,316,157,38,2022-08-04
6109,28,234,274,53,2025-03-31
6110,28,340,229,28,2023-06-01
6111,17,193,485,10,2024-05-28
6112,4,201,97,15,2023-10-20
6113,12,415,437,54,2022-12-26
6114,15,324,270,27,2023-08-11
6115,3,17,108,38,2024-08-18
6116,19,301,202,36,2022-12-30
6117,30,315,256,14,2022-08-17
6118,19,67,455,21,2024-09-02
6119,1,93,144,33,2023-05-13
6120,7,114,331,24,2023-12-13
6121,26,413,230,44,2022-02-20
6122,8,420,222,18,2022-03-04
6123,3,423,369,44,2022-11-30
6124,26,239,8,53,2022-10-01
6125,6,42,365,60,2022-12-27
6126,26,405,14,17,2023-08-03
6127,27,287,421,54,2023-07-24
6128,13,125,7,31,2024-06-19
6129,6,115,-496,20,2022-07-06
6130,27,255,159,58,2022-11-25
6131,22,176,408,18,2025-01-06
6132,20,267,97,34,2024-08-19
6133,19,88,478,12,2023-06-01
6134,25,290,73,29,2024-05-07
6135,21,217,55,48,2024-10-14
6136,20,171,460,58,2022-12-26
6137,1,388,130,55,2025-10-11
6138,25,90,294,21,2024-12-27
6139,2,153,147,50,2025-12-19
6140,7,214,206,29,2022-12-02
6141,22,315,402,35,2022-07-28
6142,29,223,489,55,2022-05-28
6143,18,290,272,17,2024-01-30
6144,13,412,19,50,2023-10-28
6145,3,406,409,48,2025-12-10
6146,29,163,379,37,2025-07-20
6147,26,143,65,39,2024-10-29
6148,3,21,472,36,2022-12-09
6149,7,240,8,13,2022-09-07
6150,10,371,461,38,2024-11-14
6151,23,55,139,31,2024-01-14
6152,26,186,72,16,2022-10-09
6153,12,444,171,12,2022-01-28
6154,13,86,219,30,2025-03-30
6155,8,194,16,48,2024-07-11
6156,27,137,478,12,2025-12-20
6157,29,197,158,57,2025-05-02
6158,26,10,368,12,2023-07-10
6159,26,188,449,13,2024-11-23
6160,7,171,235,55,2023-05-06
6161,11,371,466,17,2024-04-27
6162,1,289,85,54,2025-09-17
6163,4,149,256,14,2024-03-30
6164,3,102,173,23,2025-12-01
6165,21,24,228,43,2024-12-18
6166,7,218,0,59,2023-11-22
6167,1,28,28,43,2025-04-20
6168,8,89,438,57,2022-05-13
6169,17,228,454,17,2025-10-07
6170,10,364,123,43,2022-09-14
6171,23,168,340,56,2025-03-13
6172,17,276,412,59,2023-08-20
6173,19,168,164,57,2025-03-29
6174,2,367,-420,46,2025-01-16
6175,6,131,69,53,2025-12-07
6176,2,76,394,32,2022-10-02
6177,25,275,76,17,2024-11-06
6178,2,278,420,25,2023-01-27
6179,29,329,231,41,2024-06-12
6180,21,134,411,52,2023-10-12
6181,12,288,59,36,2025-07-12
6182,16,182,66,52,2023-11-26
6183,23,295,361,55,2024-12-09
6184,29,151,48,11,2022-01-18
6185,28,237,227,37,2025-08-27
6186,3,174,233,45,2025-10-27
6187,11,249,291,32,2025-02-09
6188,16,246,360,57,2025-05-06
6189,15,79,260,13,2022-08-10
6190,21,8,63,45,2025-11-06
6191,13,364,472,16,2025-02-14
6192,10,204,472,35,2024-10-12
6193,7,317,324,44,2024-04-14
6194,14,399,131,25,2025-08-27
6195,25,272,31,17,2022-08-13
6196,21,193,489,55,2022-03-16
6197,24,242,282,30,2023-09-06
6198,16,36,450,17,2022-08-26
6199,28,429,343,13,2025-02-25
6200,21,164,92,39,2025-10-09
6201,4,27,92,39,2024-09-03
6202,18,192,327,47,2025-04-09
6203,9,182,451,38,2023-02-03
6204,12,404,94,60,2022-09-03
6205,4,249,426,12,2025-06-05
6206,4,289,42,22,2022-09-29
6207,20,222,54,23,2025-11-16
6208,5,24,49,23,2024-08-15
6209,5,438,451,12,2025-12-21
6210,4,281,117,40,2025-02-15
6211,13,342,389,12,2025-07-01
6212,5,4,373,20,2025-03-04
6213,14,265,495,54,2022-01-05
6214,3,158,398,41,2024-06-23
6215,8,209,448,21,2025-11-28
6216,26,314,239,55,2025-09-10
6217,25,129,414,42,2024-04-16
6218,29,78,133,39,2023-07-14
6219,13,92,194,43,2022-07-09
6220,21,137,337,19,2024-06-11
6221,12,189,45,53,2023-01-24
6222,24,371,461,45,2024-05-11
6223,15,355,324,60,2025-02-04
6224,7,390,60,53,2025-08-28
6225,8,404,304,60,2024-09-22
6226,3,312,142,36,2024-06-21
6227,10,438,107,11,2024-08-12
6228,15,359,176,11,2025-05-20
6229,6,48,238,24,2022-10-11
6230,19,196,499,53,2023-09-09
6231,28,376,291,35,2025-04-16
6232,1,342,51,48,2022-11-08
6233,12,262,114,46,2025-08-22
6234,14,378,249,40,2025-05-19
6235,8,307,226,59,2022-07-09
6236,29,66,12,43,2025-08-26
6237,29,70,128,50,2025-01-31
6238,6,45,213,38,2024-12-10
6239,20,236,488,17,2025-11-04
6240,8,97,222,41,2023-12-25
6241,20,201,12,20,2024-02-07
6242,16,342,9,28,2025-09-10
6243,16,178,320,43,2025-10-23
6244,29,68,448,57,2023-04-29
6245,13,404,251,53,2025-10-15
6246,10,411,214,12,2025-05-31
6247,16,5,49,12,2023-03-27
6248,1,246,324,57,2024-06-14
6249,8,131,70,24,2022-04-14
6250,17,121,331,23,2025-07-01
6251,4,125,125,43,2023-02-13
6252,16,151,193,52,2022-11-11
6253,21,334,58,27,2025-01-16
6254,8,358,182,19,2025-02-03
6255,6,405,340,21,2023-01-05
6256,8,211,182,26,2023-03-30
6257,18,7,408,32,2024-04-15
6258,19,361,284,55,2022-01-06
6259,22,431,411,32,2023-09-17
6260,7,155,284,47,2024-03-31
6261,21,105,338,43,2024-06-26
6262,29,255,298,60,2025-12-09
6263,9,311,334,29,2025-01-15
6264,2,362,251,15,2024-10-12
6265,21,25,-52,47,2024-10-03
6266,17,71,440,25,2024-12-29
6267,19,158,222,53,2022-01-15
6268,24,101,49,22,2023-05-27
6269,26,337,260,57,2022-01-09
6270,29,322,124,24,2022-09-23
6271,11,234,147,22,2022-07-01
6272,9,315,391,11,2024-06-15
6273,28,235,371,58,2025-10-19
6274,25,197,166,31,2024-11-05
6275,5,7,147,51,2025-02-13
6276,19,161,130,23,2025-05-12
6277,1,311,209,47,2022-10-31
6278,22,419,109,12,2024-05-11
6279,22,108,422,57,2022-10-04
6280,20,45,355,27,2022-04-19
6281,1,159,456,13,2023-02-10
6282,8,434,198,21,2023-07-24
6283,9,85,318,43,2024-11-18
6284,12,235,338,38,2024-08-27
6285,20,434,116,36,2024-03-05
6286,9,175,311,33,2024-10-21
6287,15,212,68,48,2022-02-24
6288,24,52,75,51,2025-04-23
6289,5,351,270,19,2025-02-05
6290,9,419,157,47,2025-11-19
6291,13,175,301,18,2023-08-04
6292,27,313,308,30,2022-08-16
6293,20,161,418,12,2024-01-31
6294,23,145,393,54,2022-02-12
6295,12,413,173,47,2025-03-10
6296,21,194,242,55,2024-07-13
6297,14,15,30,13,2023-09-21
6298,8,59,265,26,2023-02-27
6299,28,212,95,25,2025-11-02
6300,3,303,256,55,2022-11-20
6301,10,446,271,51,2024-07-21
6302,29,254,78,57,2024-01-23
6303,27,203,494,58,2024-10-16
6304,9,377,48,44,2023-03-29
6305,30,277,468,38,2024-05-09
6306,11,404,242,12,2024-09-11
6307,11,255,242,57,2024-01-26
6308,3,275,277,39,2025-03-16
6309,21,320,275,14,2023-11-24
6310,19,378,202,36,2022-03-19
6311,1,434,182,56,2022-09-30
6312,14,189,125,39,2025-10-20
6313,19,60,407,59,2025-01-11
6314,8,215,170,53,2025-03-04
6315,23,7,10,58,2023-10-28
6316,26,208,488,50,2023-04-24
6317,14,294,450,38,2024-06-13
6318,15,437,208,48,2024-04-12
6319,2,251,184,35,2025-02-12
6320,8,414,189,24,2025-04-18
6321,19,315,126,50,2023-10-29
6322,25,88,366,49,2023-02-13
6323,20,67,-244,58,2025-07-31
6324,12,442,288,49,2025-05-29
6325,12,275,1,12,2023-05-10
6326,14,58,390,25,2022-04-01
6327,9,46,289,21,2025-01-15
6328,29,173,408,16,2023-09-22
6329,26,204,262,24,2024-04-01
6330,13,336,428,34,2022-12-23
6331,17,254,385,19,2024-02-21
6332,1,374,393,58,2024-03-26
6333,28,131,407,50,2024-06-24
6334,17,275,303,19,2024-06-07
6335,28,327,135,24,2023-12-02
6336,28,288,117,13,2023-10-17
6337,5,285,296,18,2025-10-18
6338,12,198,386,40,2022-08-10
6339,22,184,288,13,2024-12-01
6340,7,313,129,57,2023-07-06
6341,6,39,429,47,2023-04-15
6342,5,47,267,44,2024-04-22
6343,23,176,291,23,2022-01-20
6344,27,167,203,46,2024-07-03
6345,11,230,355,13,2023-11-09
6346,19,332,205,43,2023-01-28
6347,24,198,202,56,2023-05-19
6348,3,156,295,28,2025-08-31
6349,6,12,242,56,2024-11-09
6350,26,39,484,15,2022-07-06
6351,23,31,127,59,2024-01-04
6352,12,191,-485,40,2024-02-03
6353,5,16,183,14,2024-06-24
6354,5,93,160,15,2024-07-12
6355,2,428,184,32,2023-09-14
6356,15,59,352,21,2023-10-02
6357,9,41,85,28,2022-12-19
6358,18,155,130,15,2024-11-20
6359,23,60,433,25,2024-09-15
6360,17,408,384,60,2025-02-23
6361,29,142,72,30,2025-05-09
6362,12,35,265,60,2023-06-24
6363,16,94,382,33,2023-01-27
6364,24,446,100,42,2023-05-29
6365,6,158,96,34,2023-10-07
6366,19,365,372,46,2024-08-26
6367,16,28,332,35,2022-09-08
6368,12,263,265,59,2025-03-09
6369,9,404,7,24,2024-10-13
6370,24,181,410,44,2022-08-16
6371,9,174,118,18,2024-04-12
6372,3,326,287,46,2022-05-25
6373,28,191,156,59,2023-07-27
6374,25,70,315,53,2022-02-16
6375,13,283,285,43,2023-03-31
6376,27,180,330,23,2025-04-30
6377,30,127,298,59,2024-11-10
6378,15,120,254,35,2022-09-17
6379,29,150,163,56,2023-11-09
6380,20,97,215,16,2024-03-25
6381,27,254,385,32,2022-10-26
6382,12,119,300,53,2022-07-04
6383,13,361,56,34,2024-03-25
6384,6,192,248,47,2022-12-09
6385,20,37,109,40,2023-12-25
6386,1,37,243,51,2022-01-09
6387,30,293,161,19,2023-05-21
6388,12,128,7,24,2022-06-21
6389,6,66666,436,11,2022-05-27
6390,3,43,153,58,2022-04-30
6391,26,262,1,13,2023-07-30
6392,9,448,114,54,2022-07-30
6393,23,75,227,10,2025-07-05
6394,12,268,157,41,2022-01-15
6395,11,329,27,45,2024-11-03
6396,17,264,131,31,2024-08-11
6397,3,49,251,51,2025-08-01
6398,19,119,147,16,2023-08-22
6399,13,381,74,25,2024-09-08
6400,22,84,31,56,2024-06-04
6401,5,27,399,35,2025-08-20
6402,22,162,321,20,2022-06-03
6403,18,60,412,54,2022-11-18
6404,26,399,110,19,2023-09-04
6405,5,143,298,30,2022-06-28
6406,5,9,448,22,2022-09-05
6407,8,58,143,39,2022-06-18
6408,10,106,450,26,2025-04-06
6409,5,217,270,47,2023-04-25
6410,7,66666,44,50,2023-07-21
6411,21,96,225,14,2023-10-28
6412,27,213,456,60,2022-06-28
6413,15,219,11,52,2022-05-17
6414,26,447,138,12,2024-04-13
6415,15,247,266,47,2023-05-19
6416,28,14,436,23,2024-08-01
6417,6,122,370,54,2023-09-29
6418,27,130,82,13,2023-01-26
6419,22,120,495,15,2022-03-01
6420,5,115,32,38,2022-01-24
6421,25,323,64,26,2025-02-05
6422,29,204,168,58,2023-04-15
6423,5,104,281,52,2023-01-25
6424,29,36,404,58,2022-11-14
6425,21,432,114,31,2023-11-04
6426,25,65,471,38,2025-06-14
6427,2,330,17,14,2025-10-14
6428,14,353,178,52,2023-01-22
6429,26,202,155,52,2024-09-21
6430,24,398,259,25,2023-02-28
6431,13,389,251,21,2022-03-14
6432,29,160,159,25,2024-08-20
6433,20,386,288,11,2022-06-16
6434,10,323,137,45,2022-11-09
6435,12,133,293,57,2025-08-04
6436,21,263,120,42,2025-09-11
6437,19,129,423,38,2024-08-26
6438,2,1,495,22,2022-12-01
6439,29,247,282,16,2024-08-01
6440,25,145,391,23,2023-03-24
6441,23,166,68,49,2023-01-27
6442,2,300,75,31,2022-01-16
6443,19,39,339,10,2025-11-01
6444,15,433,118,30,2025-01-18
6445,16,76,467,37,2024-02-14
6446,15,41,61,56,2022-11-06
6447,1,361,160,28,2025-09-04
6448,18,378,132,58,2022-01-01
6449,2,311,480,33,2024-04-09
6450,19,415,318,12,2025-02-23
6451,3,195,386,20,2022-04-29
6452,7,188,338,17,2025-04-28
6453,29,368,204,24,2023-12-28
6454,12,205,395,27,2024-09-29
6455,4,88,428,22,2025-06-21
6456,12,185,17,26,2024-10-27
6457,13,445,82,50,2024-05-06
6458,17,49,127,42,2025-03-22
6459,1,398,312,26,2023-07-09
6460,13,42,17,49,2025-08-30
6461,23,324,130,17,2025-08-30
6462,8,147,235,52,2023-07-17
6463,7,343,10,40,2025-07-07
6464,15,166,443,45,2024-03-25
6465,11,212,394,46,2025-08-14
6466,19,431,437,39,2022-04-26
6467,14,385,243,37,2022-06-19
6468,4,11,189,18,2023-08-30
6469,22,251,382,55,2022-04-06
6470,28,270,480,34,2023-12-21
6471,22,245,394,59,2025-12-31
6472,12,347,179,21,2025-03-08
6473,30,77,55,39,2025-04-10
6474,19,205,431,12,2025-04-28
6475,18,341,274,46,2023-04-22
6476,16,412,152,37,2023-08-08
6477,18,397,340,41,2025-09-16
6478,17,253,256,50,2023-08-25
6479,8,119,280,60,2022-05-02
6480,25,91,348,48,2025-02-07
6481,30,364,114,35,2024-04-21
6482,25,226,17,45,2025-10-01
6483,13,276,323,54,2023-05-29
6484,18,210,156,47,2023-08-31
6485,7,229,361,25,2022-11-22
6486,16,384,74,47,2023-04-02
6487,20,32,273,14,2025-09-20
6488,18,334,103,36,2025-05-03
6489,3,16,342,47,2023-05-27
6490,7,195,108,48,2022-06-20
6491,17,368,201,26,2022-03-08
6492,30,299,193,36,2025-08-10
6493,26,338,178,27,2025-05-10
6494,18,80,179,45,2022-12-12
6495,20,197,201,19,2022-04-06
6496,24,155,19,15,2025-04-25
6497,29,218,403,45,2022-03-28
6498,5,84,64,57,2025-05-01
6499,1,392,426,44,2025-02-22
6500,12,388,284,60,2025-03-23
6501,13,114,322,49,2023-06-07
6502,14,196,271,50,2022-11-26
6503,11,135,-153,33,2023-05-29
6504,1,16,453,53,2023-09-25
6505,1,59,56,16,2023-10-25
6506,17,208,126,46,2025-05-08
6507,7,288,108,22,2024-07-12
6508,4,242,341,21,2024-11-03
6509,1,368,45,58,2023-05-25
6510,14,427,439,36,2025-03-24
6511,29,117,460,46,2025-01-11
6512,17,338,32,54,2025-05-26
6513,24,116,245,16,2022-04-18
6514,16,328,439,28,2024-11-22
6515,7,263,-449,26,2022-01-15
6516,16,430,409,25,2024-03-03
6517,15,445,350,15,2025-07-13
6518,12,302,104,27,2024-09-25
6519,5,321,497,41,2022-07-26
6520,29,161,121,33,2025-02-17
6521,19,217,21,14,2022-04-16
6522,21,201,56,44,2024-08-10
6523,19,112,191,20,2022-12-08
6524,20,88,372,42,2023-06-29
6525,24,308,246,58,2023-09-21
6526,4,210,395,57,2025-02-10
6527,26,180,497,35,2023-08-20
6528,1,425,206,12,2022-06-13
6529,10,397,175,33,2022-06-07
6530,10,305,238,42,2023-01-31
6531,1,101,364,18,2024-06-16
6532,16,3,147,36,2024-07-27
6533,1,49,232,26,2022-06-27
6534,8,241,209,55,2024-09-16
6535,8,238,480,51,2024-07-02
6536,21,2,481,34,2022-10-09
6537,29,211,34,55,2022-06-20
6538,12,32,285,32,2024-05-13
6539,13,66,149,43,2024-08-22
6540,14,183,131,53,2025-04-15
6541,10,126,347,17,2023-06-18
6542,11,333,378,17,2023-07-02
6543,29,213,122,28,2023-10-16
6544,4,442,455,60,2024-05-07
6545,16,115,323,23,2024-01-30
6546,18,12,317,16,2023-12-03
6547,3,203,322,13,2023-10-03
6548,27,415,186,10,2024-10-21
6549,27,55,409,28,2025-01-21
6550,15,92,354,17,2023-11-25
6551,5,266,252,38,2023-07-23
6552,29,193,482,45,2023-07-22
6553,23,444,6,19,2025-03-13
6554,25,428,440,15,2024-06-25
6555,27,183,-303,56,2024-03-04
6556,21,341,106,43,2025-12-11
6557,12,44,112,28,2024-12-02
6558,30,41,478,23,2022-10-20
6559,6,378,323,47,2024-05-03
6560,14,91,149,49,2025-08-04
6561,21,231,150,43,2025-01-21
6562,5,53,87,40,2024-08-30
6563,30,26,338,24,2023-07-06
6564,2,113,306,41,2023-02-19
6565,29,400,184,50,2023-02-24
6566,7,304,476,28,2024-05-24
6567,27,5,69,56,2022-11-11
6568,28,286,58,28,2025-10-30
6569,4,66666,324,13,2024-05-09
6570,1,95,168,24,2022-08-05
6571,24,260,409,39,2023-03-15
6572,7,374,80,32,2022-08-21
6573,1,391,68,43,2022-02-20
6574,28,335,467,40,2022-09-19
6575,17,105,416,19,2024-01-30
6576,15,319,192,51,2022-02-11
6577,7,373,422,10,2025-05-26
6578,14,396,80,11,2023-10-18
6579,13,117,467,44,2025-07-26
6580,27,158,313,42,2025-11-02
6581,5,221,44,21,2024-05-09
6582,28,323,213,48,2025-06-09
6583,28,9,169,52,2024-06-06
6584,6,210,37,30,2025-03-07
6585,21,435,218,24,2023-03-24
6586,5,411,48,48,2023-08-18
6587,16,80,250,11,2024-11-02
6588,3,410,496,35,2024-03-03
6589,7,433,186,23,2025-11-30
6590,2,196,294,47,2022-03-14
6591,27,98,336,57,2025-01-04
6592,24,449,130,53,2023-06-11
6593,23,29,164,28,2025-12-12
6594,1,221,381,40,2023-06-19
6595,19,270,274,21,2022-07-26
6596,24,342,116,37,2024-01-02
6597,28,418,179,26,2023-09-07
6598,13,371,380,60,2024-06-27
6599,18,400,257,53,2022-04-04
6600,4,248,224,15,2023-01-28
6601,7,130,127,41,2022-08-19
6602,5,64,157,33,2025-06-29
6603,23,366,35,48,2024-04-25
6604,28,62,238,22,2023-11-25
6605,13,195,15,55,2024-03-15
6606,28,265,466,51,2024-04-29
6607,24,178,85,57,2023-11-14
6608,3,280,198,52,2022-10-11
6609,14,358,66,16,2024-08-14
6610,12,120,126,33,2025-07-06
6611,1,69,431,32,2023-02-26
6612,21,211,407,12,2024-05-21
6613,20,395,0,39,2024-07-24
6614,6,417,-84,40,2023-12-26
6615,6,140,68,42,2025-11-13
6616,11,267,88,42,2024-06-11
6617,29,238,52,49,2024-08-20
6618,19,186,500,26,2025-08-04
6619,23,93,365,35,2025-07-10
6620,17,227,63,20,2022-04-15
6621,5,174,404,37,2023-09-09
6622,17,288,438,40,2023-11-28
6623,25,178,33,32,2023-11-16
6624,29,412,190,19,2022-06-30
6625,23,371,490,50,2022-05-25
6626,4,71,62,18,2023-01-01
6627,10,321,484,25,2023-09-07
6628,14,305,317,40,2023-04-26
6629,8,386,293,22,2024-06-06
6630,10,78,124,54,2025-04-26
6631,7,48,325,35,2025-01-20
6632,13,319,341,25,2025-05-25
6633,24,245,422,38,2022-02-09
6634,19,247,432,51,2022-11-05
6635,13,411,410,27,2025-03-28
6636,1,276,355,33,2023-02-25
6637,30,360,114,53,2022-02-21
6638,28,188,111,37,2025-02-23
6639,25,3,14,34,2023-10-31
6640,15,432,237,47,2023-09-04
6641,5,280,143,55,2023-06-01
6642,6,282,433,58,2024-01-04
6643,29,143,132,35,2022-03-28
6644,2,289,419,45,2025-11-30
6645,20,264,248,38,2022-10-20
6646,4,217,367,14,2024-10-23
6647,15,369,147,40,2022-06-06
6648,6,51,166,12,2023-04-06
6649,2,71,149,58,2025-11-06
6650,21,430,199,31,2024-05-29
6651,2,331,198,35,2022-09-28
6652,19,206,117,17,2022-10-03
6653,12,21,127,14,2022-12-22
6654,11,331,345,18,2022-02-17
6655,22,435,354,40,2025-09-11
6656,26,227,234,38,2025-09-24
6657,8,438,62,34,2024-12-15
6658,13,110,170,27,2022-11-14
6659,5,10,331,28,2023-06-24
6660,18,40,66,28,2025-11-11
6661,7,365,255,35,2025-12-02
6662,28,413,380,40,2025-09-12
6663,21,209,191,52,2022-10-30
6664,6,18,329,41,2024-09-26
6665,15,411,479,29,2025-05-13
6666,19,16,422,51,2024-04-10
6667,9,138,305,30,2022-04-16
6668,12,426,186,54,2025-12-16
6669,29,214,181,20,2023-07-10
6670,29,344,216,35,2023-12-11
6671,27,357,258,28,2022-08-29
6672,30,288,296,15,2023-02-17
6673,15,311,378,26,2024-08-15
6674,1,76,154,38,2024-01-21
6675,27,362,126,33,2023-04-28
6676,22,182,59,27,2022-02-23
6677,28,260,4,27,2022-05-04
6678,1,307,196,53,2024-04-12
6679,3,241,498,16,2023-04-05
6680,9,201,77,54,2024-09-07
6681,28,71,11,24,2022-04-13
6682,23,80,259,28,2025-03-16
6683,28,436,421,60,2022-06-28
6684,6,418,308,46,2024-06-28
6685,25,305,138,51,2025-06-03
6686,26,385,148,60,2022-08-30
6687,12,103,157,38,2025-09-22
6688,15,281,388,35,2024-05-16
6689,16,422,84,42,2025-06-23
6690,26,211,-121,59,2023-01-07
6691,28,26,426,52,2023-09-06
6692,1,230,320,13,2023-04-12
6693,14,252,122,50,2022-03-13
6694,22,328,36,23,2024-12-21
6695,15,238,192,50,2025-08-21
6696,2,366,179,48,2023-10-02
6697,17,423,448,15,2025-07-26
6698,5,445,489,48,2022-01-12
6699,7,223,103,57,2025-03-11
6700,14,222,112,38,2023-01-18
6701,4,308,82,28,2025-08-05
6702,8,374,362,14,2024-12-16
6703,21,87,419,15,2025-09-15
6704,18,120,9,53,2022-08-05
6705,7,369,357,54,2024-03-15
6706,30,76,469,25,2022-08-10
6707,5,297,208,10,2023-01-28
6708,4,352,381,54,2023-07-05
6709,4,239,115,51,2024-09-07
6710,23,387,407,29,2024-04-30
6711,23,412,477,48,2025-01-26
6712,16,91,435,25,2025-10-26
6713,10,200,445,10,2022-12-05
6714,11,383,311,57,2022-02-18
6715,30,208,251,45,2023-03-12
6716,4,90,262,33,2025-02-24
6717,3,435,-283,24,2023-12-05
6718,1,295,474,36,2024-05-28
6719,16,203,111,53,2025-11-11
6720,9,31,283,50,2023-11-19
6721,13,450,202,33,2025-01-15
6722,2,328,400,40,2024-01-28
6723,1,284,369,30,2023-07-25
6724,8,408,30,47,2025-01-24
6725,8,297,176,17,2023-10-01
6726,15,107,351,38,2023-08-26
6727,30,340,385,25,2023-08-08
6728,21,314,6,51,2024-11-02
6729,18,367,392,41,2022-05-18
6730,3,218,177,17,2024-08-28
6731,13,415,380,39,2024-04-14
6732,19,20,55,33,2023-03-07
6733,10,5,131,21,2024-10-05
6734,7,196,63,20,2025-03-21
6735,19,156,215,22,2022-02-16
6736,29,311,369,15,2022-12-10
6737,25,209,393,46,2023-09-19
6738,1,66,351,16,2023-12-19
6739,19,73,375,42,2025-12-18
6740,24,373,325,46,2023-07-17
6741,7,141,395,21,2022-06-06
6742,17,112,239,11,2022-01-06
6743,3,178,236,20,2025-08-27
6744,17,125,238,60,2022-06-08
6745,3,343,177,39,2022-05-30
6746,10,230,212,26,2022-06-26
6747,1,176,13,15,2025-12-31
6748,14,247,341,49,2025-08-06
6749,27,341,128,53,2022-06-30
6750,10,270,139,30,2022-12-28
6751,23,286,217,28,2022-10-01
6752,11,367,500,47,2022-10-21
6753,7,16,118,29,2022-02-25
6754,18,225,433,13,2025-09-15
6755,26,435,64,24,2025-05-23
6756,2,49,261,49,2022-02-15
6757,13,322,75,13,2022-03-25
6758,3,7,395,36,2023-10-20
6759,2,118,317,14,2024-06-16
6760,4,170,452,43,2023-11-04
6761,28,103,96,12,2022-09-24
6762,19,173,122,18,2022-02-11
6763,15,203,289,38,2024-07-12
6764,26,299,1,48,2023-09-18
6765,22,4,336,26,2024-02-28
6766,23,118,268,36,2022-10-15
6767,18,56,186,26,2022-04-27
6768,12,81,194,40,2025-09-06
6769,30,227,45,18,2025-07-24
6770,14,372,273,34,2023-07-15
6771,26,279,132,26,2022-07-14
6772,24,187,49,45,2023-09-02
6773,6,243,489,51,2022-04-21
6774,22,335,65,30,2022-08-30
6775,11,389,422,16,2025-03-24
6776,13,239,123,17,2023-09-02
6777,22,246,329,14,2023-12-01
6778,14,433,406,18,2025-04-07
6779,4,106,264,35,2024-05-21
6780,19,277,115,58,2022-02-07
6781,17,201,356,20,2025-11-12
6782,9,347,365,58,2024-01-10
6783,12,350,69,26,2025-07-30
6784,20,204,265,10,2024-05-13
6785,12,307,471,32,2024-09-16
6786,19,337,19,32,2024-02-23
6787,28,75,125,38,2023-11-23
6788,27,253,433,44,2024-08-23
6789,30,168,180,25,2022-05-05
6790,20,70,23,11,2024-08-26
6791,2,409,42,43,2025-12-10
6792,9,321,248,20,2023-08-10
6793,5,325,422,59,2025-09-24
6794,6,116,43,33,2023-04-02
6795,7,330,367,58,2024-06-29
6796,26,372,197,45,2022-09-25
6797,7,353,32,53,2023-12-22
6798,27,63,413,47,2023-04-06
6799,2,316,339,57,2024-12-26
6800,5,103,136,17,2022-05-21
6801,14,382,374,26,2024-07-01
6802,7,53,-201,26,2025-03-29
6803,28,98,344,22,2025-02-16
6804,29,351,314,26,2025-02-18
6805,3,31,235,46,2022-01-28
6806,4,213,170,36,2025-10-05
6807,11,112,303,50,2025-10-04
6808,26,169,44,40,2022-06-08
6809,27,290,394,16,2024-12-04
6810,26,241,500,51,2025-02-20
6811,28,283,319,11,2022-10-20
6812,16,66666,207,21,2022-07-14
6813,11,4,297,45,2025-01-01
6814,21,195,147,20,2024-02-04
6815,5,331,251,47,2024-06-17
6816,2,209,397,35,2024-05-21
6817,13,292,355,42,2023-04-03
6818,13,303,112,42,2022-09-15
6819,16,423,343,34,2022-07-02
6820,14,57,202,48,2024-12-03
6821,29,135,106,59,2022-05-23
6822,7,101,464,35,2022-10-25
6823,5,26,357,45,2022-02-18
6824,6,186,203,26,2024-06-05
6825,5,161,204,17,2023-04-27
6826,12,346,329,21,2022-12-07
6827,12,158,490,11,2023-01-22
6828,1,136,116,45,2023-03-29
6829,22,166,359,13,2023-06-20
6830,22,225,436,40,2025-11-11
6831,23,288,448,13,2025-04-25
6832,8,162,416,40,2024-11-17
6833,16,198,476,42,2025-08-04
6834,10,271,214,47,2023-08-09
6835,24,154,372,40,2024-12-07
6836,7,439,446,26,2025-02-15
6837,27,96,264,34,2022-08-29
6838,17,37,450,16,2022-05-09
6839,23,10,475,31,2024-12-25
6840,17,262,265,25,2025-09-06
6841,2,157,335,16,2022-01-16
6842,11,172,129,46,2023-03-27
6843,12,285,176,47,2025-03-12
6844,2,427,336,33,2025-07-26
6845,5,198,358,28,2023-03-12
6846,17,229,215,58,2022-11-30
6847,22,398,351,49,2022-06-11
6848,20,2,390,46,2023-01-30
6849,24,152,78,16,2023-10-22
6850,12,317,283,20,2024-10-12
6851,10,403,37,35,2025-09-22
6852,14,102,72,37,2025-08-06
6853,1,427,-146,54,2023-11-24
6854,24,77,111,50,2024-09-29
6855,3,450,37,60,2024-08-20
6856,17,244,476,42,2024-03-16
6857,15,126,475,30,2024-02-01
6858,19,75,185,48,2025-05-01
6859,23,185,14,44,2022-09-01
6860,6,299,227,28,2024-07-19
6861,3,212,225,59,2024-12-18
6862,10,291,280,11,2022-10-07
6863,18,373,324,44,2022-02-05
6864,3,19,107,57,2024-09-09
6865,20,403,47,11,2025-05-25
6866,15,344,491,30,2025-12-05
6867,24,352,210,27,2023-08-07
6868,13,95,364,22,2023-07-30
6869,27,4,417,30,2022-02-22
6870,20,158,470,37,2022-01-03
6871,29,372,375,32,2023-11-08
6872,11,394,-213,31,2024-04-08
6873,20,396,476,45,2023-10-04
6874,16,282,132,49,2022-08-05
6875,16,316,355,20,2024-09-12
6876,16,170,342,23,2025-11-05
6877,18,191,187,16,2025-09-19
6878,5,269,297,48,2022-07-17
6879,5,181,255,47,2025-03-06
6880,24,157,291,60,2025-07-10
6881,6,241,77,57,2023-07-11
6882,14,441,338,24,2023-09-28
6883,12,422,43,41,2025-07-15
6884,21,165,78,34,2023-12-27
6885,23,174,463,15,2025-05-03
6886,8,430,352,39,2024-05-01
6887,24,199,341,22,2025-09-28
6888,2,443,377,54,2025-02-12
6889,13,324,182,59,2025-05-21
6890,29,262,235,40,2023-02-07
6891,8,204,52,17,2023-06-14
6892,7,222,157,30,2024-10-12
6893,7,212,111,21,2024-08-24
6894,6,330,150,39,2025-05-22
6895,30,19,262,38,2023-10-16
6896,24,84,-169,38,2024-01-08
6897,11,130,135,58,2023-04-24
6898,17,23,353,47,2022-07-23
6899,16,331,279,34,2023-04-26
6900,7,109,389,20,2025-12-26
6901,28,282,37,23,2024-02-25
6902,2,235,-395,45,2025-06-27
6903,3,419,429,22,2023-06-25
6904,26,47,408,48,2025-03-11
6905,20,284,485,52,2025-02-25
6906,12,142,238,17,2023-04-08
6907,29,384,101,50,2022-02-21
6908,19,356,467,40,2022-10-08
6909,9,97,376,27,2025-10-06
6910,14,144,294,20,2024-08-25
6911,29,290,431,36,2022-08-01
6912,26,242,53,29,2022-01-08
6913,10,231,197,22,2023-02-01
6914,2,223,197,41,2022-10-08
6915,22,406,100,13,2023-12-06
6916,15,37,391,12,2022-03-20
6917,9,394,301,23,2022-01-15
6918,9,385,92,26,2025-12-14
6919,17,444,103,24,2025-04-22
6920,16,206,45,40,2022-02-16
6921,4,260,193,56,2022-12-03
6922,20,355,480,28,2024-04-12
6923,18,398,345,19,2023-11-08
6924,4,95,454,24,2022-03-29
6925,5,120,439,49,2025-09-30
6926,19,40,213,48,2022-10-09
6927,12,164,492,52,2022-09-24
6928,24,39,319,17,2024-12-21
6929,23,345,347,23,2024-03-01
6930,26,71,254,21,2022-06-29
6931,16,95,0,43,2025-07-18
6932,16,96,423,57,2025-09-28
6933,28,273,62,55,2024-12-22
6934,19,278,251,27,2022-07-12
6935,20,89,389,32,2024-06-30
6936,3,110,134,30,2024-06-14
6937,7,392,167,54,2023-09-11
6938,27,372,56,58,2024-02-08
6939,21,99,322,54,2024-04-08
6940,5,260,147,33,2025-09-23
6941,19,66,476,21,2025-06-14
6942,8,295,50,53,2022-10-25
6943,1,443,264,57,2023-09-05
6944,15,65,239,22,2025-06-30
6945,17,131,27,56,2023-12-28
6946,19,51,148,39,2022-01-18
6947,29,162,128,40,2023-10-03
6948,4,222,205,34,2022-06-24
6949,9,162,141,13,2025-09-10
6950,3,149,332,50,2022-08-03
6951,14,209,80,57,2024-08-24
6952,19,372,346,33,2023-06-26
6953,19,402,141,52,2024-07-22
6954,15,318,97,35,2025-10-24
6955,6,324,9,43,2022-04-05
6956,29,292,185,56,2023-12-21
6957,1,111,350,15,2022-05-05
6958,23,4,492,39,2025-04-02
6959,15,354,457,39,2022-07-24
6960,10,380,279,25,2022-10-18
6961,18,33,152,44,2023-10-25
6962,9,12,196,59,2024-11-27
6963,5,403,213,39,2025-08-05
6964,1,32,210,56,2025-03-08
6965,21,128,56,42,2023-11-18
6966,8,65,433,12,2023-09-02
6967,5,337,421,10,2022-09-24
6968,1,416,131,20,2025-12-08
6969,17,151,246,29,2022-11-19
6970,8,416,332,35,2024-07-20
6971,8,9,259,47,2025-08-29
6972,27,395,294,43,2022-01-13
6973,22,47,238,58,2024-01-15
6974,5,81,37,23,2025-05-07
6975,1,182,255,54,2023-04-02
6976,5,100,310,16,2022-06-18
6977,12,380,358,46,2022-05-15
6978,20,266,141,34,2023-10-20
6979,22,65,456,54,2022-08-04
6980,8,28,289,52,2022-06-27
6981,4,275,375,59,2023-09-07
6982,23,44,40,47,2022-02-11
6983,1,419,66,52,2024-05-04
6984,27,396,53,38,2023-02-08
6985,7,33,340,55,2022-07-25
6986,9,35,285,58,2025-04-19
6987,3,427,53,54,2022-06-20
6988,23,61,417,17,2025-04-18
6989,3,310,397,58,2024-10-19
6990,15,296,375,40,2022-06-06
6991,12,338,130,45,2025-12-01
6992,27,335,300,52,2025-09-14
6993,8,412,333,46,2022-09-22
6994,14,65,459,25,2024-10-28
6995,11,209,329,44,2025-07-20
6996,1,340,248,19,2022-08-15
6997,23,305,405,13,2022-02-03
6998,15,78,430,28,2023-01-16
6999,19,284,76,40,2023-07-07
7000,3,38,312,42,2024-10-27
7001,13,400,280,36,2023-10-02
7002,20,433,284,22,2024-03-30
7003,20,420,446,45,2023-10-18
7004,29,222,415,56,2023-12-18
7005,3,209,92,29,2023-05-20
7006,10,336,355,43,2023-07-28
7007,22,92,336,30,2022-03-28
7008,29,53,-93,52,2025-10-14
7009,27,154,258,51,2023-07-06
7010,29,330,414,44,2024-07-22
7011,17,141,-158,25,2022-02-16
7012,11,14,434,25,2023-08-28
7013,8,114,273,41,2023-04-19
7014,22,54,444,54,2023-06-15
7015,20,374,238,17,2022-04-23
7016,17,89,57,37,2022-06-03
7017,23,49,71,52,2023-06-08
7018,6,68,435,36,2022-07-07
7019,27,192,485,46,2025-04-14
7020,29,212,182,23,2025-12-19
7021,13,197,359,13,2022-04-28
7022,21,85,493,21,2023-08-23
7023,4,80,21,13,2025-08-22
7024,20,253,265,49,2024-06-25
7025,29,41,144,58,2025-12-19
7026,16,79,-412,37,2023-06-25
7027,30,437,441,23,2025-01-21
7028,26,261,353,45,2025-10-22
7029,30,333,402,26,2023-01-09
7030,2,232,53,17,2023-12-06
7031,26,201,427,30,2024-05-30
7032,12,141,319,57,2022-03-10
7033,18,139,129,23,2025-06-25
7034,5,258,246,39,2025-05-22
7035,10,88,111,41,2023-07-02
7036,28,181,465,34,2022-10-20
7037,6,60,290,60,2022-11-05
7038,27,89,491,18,2025-06-21
7039,6,49,100,34,2025-04-19
7040,17,341,339,36,2024-07-25
7041,25,176,346,15,2025-04-19
7042,26,381,210,12,2025-03-24
7043,30,31,52,25,2023-03-28
7044,22,267,85,10,2025-09-18
7045,24,22,128,19,2023-03-23
7046,26,285,225,24,2023-11-22
7047,9,253,344,60,2022-07-16
7048,28,107,39,23,2025-06-25
7049,19,231,354,23,2025-01-17
7050,26,311,39,48,2024-08-11
7051,12,304,476,21,2022-08-08
7052,3,134,169,59,2023-02-18
7053,20,14,397,12,2022-08-04
7054,7,242,454,50,2022-02-14
7055,29,134,217,23,2024-06-17
7056,25,37,137,27,2022-09-15
7057,2,63,11,37,2023-04-24
7058,14,39,-351,24,2022-05-21
7059,6,138,444,17,2025-05-19
7060,9,108,33,16,2023-05-24
7061,4,175,248,37,2025-09-14
7062,27,333,102,25,2023-12-08
7063,8,278,293,33,2025-08-21
7064,2,80,178,40,2024-11-28
7065,16,266,419,12,2023-09-07
7066,11,335,153,20,2023-04-21
7067,6,75,38,14,2025-08-28
7068,12,419,202,47,2025-08-05
7069,11,398,335,28,2022-07-26
7070,7,289,149,59,2025-05-07
7071,10,301,-404,19,2022-05-15
7072,25,260,349,42,2022-05-18
7073,1,384,426,53,2023-07-09
7074,19,272,257,29,2022-04-07
7075,17,371,283,48,2025-06-13
7076,1,380,448,53,2023-07-17
7077,27,163,352,52,2023-08-29
7078,22,444,165,36,2025-11-01
7079,27,204,163,19,2025-10-06
7080,7,17,265,29,2022-11-10
7081,20,297,459,42,2023-10-26
7082,26,190,49,47,2025-05-15
7083,3,189,175,50,2022-02-18
7084,25,222,417,21,2024-09-20
7085,1,256,101,10,2025-02-10
7086,27,133,25,15,2025-09-01
7087,12,328,215,44,2025-02-10
7088,9,72,386,54,2023-02-14
7089,25,382,457,58,2023-01-25
7090,16,157,152,39,2025-05-24
7091,23,131,201,42,2025-08-24
7092,29,318,262,36,2024-01-06
7093,14,239,192,40,2025-05-16
7094,2,369,462,50,2024-10-22
7095,5,228,122,25,2024-09-20
7096,8,395,193,43,2023-04-06
7097,11,196,44,36,2023-07-29
7098,4,161,22,25,2022-09-29
7099,1,117,351,51,2022-01-23
7100,14,333,260,33,2025-11-12
7101,9,147,441,60,2022-03-17
7102,22,249,154,29,2023-10-04
7103,2,239,421,24,2022-01-30
7104,25,295,22,21,2022-12-27
7105,7,216,178,42,2022-01-19
7106,27,76,352,10,2024-02-09
7107,29,426,451,41,2023-05-16
7108,23,301,374,54,2024-09-02
7109,29,370,33,56,2022-06-29
7110,11,75,135,48,2023-11-26
7111,23,320,30,13,2022-12-27
7112,28,33,131,27,2022-05-15
7113,16,161,490,36,2024-11-07
7114,14,225,347,53,2025-05-08
7115,30,325,252,10,2023-12-07
7116,9,184,385,33,2025-01-31
7117,10,33,322,31,2025-06-01
7118,20,379,366,26,2024-09-24
7119,19,82,6,45,2024-07-03
7120,22,141,348,59,2024-05-11
7121,5,320,276,50,2025-01-28
7122,29,283,124,41,2023-12-01
7123,13,74,85,56,2024-09-17
7124,7,412,186,47,2022-04-12
7125,13,90,169,24,2024-09-03
7126,9,126,350,50,2022-03-07
7127,26,155,251,35,2022-12-08
7128,30,6,279,52,2022-06-01
7129,20,18,78,27,2023-08-29
7130,11,71,402,37,2025-06-10
7131,18,431,500,59,2023-12-07
7132,11,40,438,36,2025-08-21
7133,8,421,420,41,2023-05-05
7134,27,85,227,22,2023-05-11
7135,12,351,15,19,2023-05-13
7136,18,180,431,20,2023-09-27
7137,21,190,475,23,2025-08-24
7138,13,32,452,11,2022-05-24
7139,15,385,276,41,2022-04-08
7140,5,196,44,28,2023-08-28
7141,1,364,433,12,2022-11-08
7142,13,213,119,52,2022-03-20
7143,14,60,42,34,2025-06-13
7144,6,159,85,10,2024-01-30
7145,25,360,429,26,2023-01-06
7146,8,343,25,47,2025-11-09
7147,4,280,10,30,2024-09-02
7148,30,432,146,41,2024-06-26
7149,3,250,53,17,2025-01-21
7150,21,449,-498,46,2023-06-08
7151,22,408,468,32,2022-12-19
7152,13,313,237,37,2024-05-31
7153,7,241,332,25,2024-11-04
7154,4,310,346,46,2024-05-05
7155,25,258,295,27,2025-12-21
7156,13,162,186,26,2023-03-10
7157,7,236,263,30,2023-10-13
7158,20,177,384,34,2024-09-09
7159,1,303,150,19,2022-08-31
7160,10,357,28,22,2025-04-14
7161,7,204,14,14,2024-05-25
7162,28,106,272,19,2022-09-22
7163,11,147,411,48,2022-05-22
7164,23,54,8,50,2023-09-24
7165,13,168,481,27,2023-04-13
7166,21,30,42,42,2023-06-11
7167,12,129,361,17,2022-06-21
7168,10,173,146,23,2024-05-17
7169,24,197,387,43,2025-09-27
7170,17,54,378,19,2022-08-02
7171,6,351,5,31,2025-11-23
7172,25,377,64,59,2023-05-07
7173,17,352,425,59,2025-03-12
7174,10,401,154,10,2023-07-23
7175,27,411,256,28,2023-12-14
7176,17,199,281,12,2024-07-05
7177,10,89,450,17,2025-08-14
7178,26,159,439,49,2025-03-10
7179,21,46,372,16,2025-02-10
7180,27,26,499,39,2023-04-30
7181,11,28,113,19,2022-04-03
7182,22,302,65,60,2025-07-07
7183,5,300,397,52,2022-11-10
7184,7,388,111,19,2023-06-20
7185,29,274,60,18,2022-04-18
7186,21,142,485,45,2022-10-13
7187,30,231,375,50,2023-11-29
7188,30,283,372,40,2025-10-31
7189,24,109,228,11,2023-01-17
7190,23,124,67,24,2024-03-07
7191,15,308,278,37,2025-06-27
7192,26,67,296,57,2023-03-15
7193,10,434,184,35,2022-12-25
7194,9,370,456,53,2022-10-02
7195,20,174,61,12,2023-12-31
7196,24,72,200,33,2022-09-12
7197,8,328,126,38,2022-11-30
7198,18,393,350,30,2023-04-25
7199,30,373,108,44,2024-10-29
7200,23,357,329,39,2022-05-02
7201,1,206,382,51,2024-05-05
7202,8,331,36,40,2024-02-28
7203,30,149,59,18,2024-07-23
7204,10,233,114,43,2023-07-09
7205,27,42,464,16,2022-04-23
7206,30,317,416,59,2025-05-30
7207,26,144,368,36,2023-08-27
7208,8,109,115,59,2023-06-12
7209,7,437,147,32,2024-08-31
7210,18,448,469,43,2025-11-24
7211,26,423,395,50,2025-03-10
7212,9,258,414,12,2022-12-09
7213,28,168,447,57,2025-05-23
7214,1,64,18,56,2024-04-16
7215,3,300,185,50,2023-12-25
7216,14,172,87,32,2024-02-29
7217,17,441,344,28,2025-04-10
7218,6,90,324,16,2025-12-03
7219,12,78,177,54,2024-11-25
7220,8,185,272,11,2025-08-28
7221,8,322,65,56,2022-07-16
7222,7,125,238,17,2022-11-22
7223,16,2,240,54,2023-02-09
7224,22,70,350,18,2023-09-09
7225,5,96,390,45,2025-11-05
7226,23,348,10,54,2022-02-19
7227,17,7,445,36,2023-03-06
7228,20,366,447,45,2023-10-13
7229,14,330,499,10,2025-06-06
7230,20,241,3,37,2022-01-24
7231,14,204,495,50,2023-04-01
7232,3,251,321,57,2025-03-08
7233,22,37,432,52,2025-09-27
7234,14,394,401,58,2022-12-29
7235,11,153,496,41,2025-07-25
7236,8,208,403,25,2025-06-04
7237,22,52,399,29,2024-04-26
7238,22,29,23,54,2024-06-29
7239,14,216,399,32,2022-12-02
7240,2,66666,121,25,2023-10-24
7241,23,63,148,48,2025-04-01
7242,23,220,195,53,2024-01-21
7243,21,175,32,41,2024-11-04
7244,3,140,411,12,2022-06-10
7245,19,216,152,44,2024-11-24
7246,25,282,279,17,2023-04-30
7247,14,210,276,20,2024-12-14
7248,21,331,90,29,2025-09-05
7249,3,70,156,34,2024-04-30
7250,19,397,172,49,2023-07-07
7251,2,387,185,44,2022-08-08
7252,26,443,361,59,2023-04-24
7253,30,169,250,46,2022-01-04
7254,13,205,239,55,2024-10-13
7255,14,145,272,58,2022-11-13
7256,28,167,421,39,2024-01-12
7257,15,215,365,59,2024-03-28
7258,4,302,226,58,2025-07-04
7259,10,2,286,32,2023-12-22
7260,28,239,184,59,2025-06-19
7261,9,339,300,44,2023-04-26
7262,24,238,22,59,2023-02-21
7263,25,151,6,51,2025-10-07
7264,8,450,471,24,2022-12-26
7265,25,325,131,17,2025-08-01
7266,27,195,40,15,2024-09-20
7267,20,265,150,44,2022-05-13
7268,7,295,96,10,2022-03-24
7269,2,218,338,36,2024-06-01
7270,7,192,171,45,2023-05-04
7271,18,143,215,55,2024-10-23
7272,6,237,286,32,2024-04-08
7273,1,119,81,16,2025-11-14
7274,10,109,196,27,2024-03-04
7275,22,170,465,15,2022-08-25
7276,20,200,78,46,2025-01-25
7277,21,406,309,24,2023-03-04
7278,28,55,208,18,2024-12-25
7279,7,337,151,30,2024-05-04
7280,11,412,320,22,2024-07-25
7281,18,308,61,39,2023-01-18
7282,24,410,159,37,2024-10-26
7283,25,59,229,54,2024-09-24
7284,30,400,181,19,2022-04-15
7285,4,67,1,56,2023-09-14
7286,27,66666,384,19,2023-04-23
7287,21,232,292,41,2023-10-07
7288,23,338,202,14,2024-06-20
7289,29,55,377,53,2025-10-24
7290,19,79,125,35,2022-04-17
7291,1,319,119,16,2022-02-01
7292,24,379,290,60,2025-01-12
7293,18,171,264,19,2022-02-18
7294,18,9,104,34,2023-07-23
7295,20,132,112,49,2022-12-26
7296,2,411,226,14,2023-01-27
7297,18,303,430,45,2023-10-10
7298,21,287,161,18,2025-10-11
7299,4,159,156,40,2022-07-22
7300,20,351,138,32,2022-10-12
7301,21,359,1,14,2024-07-07
7302,1,91,330,59,2024-06-25
7303,11,251,58,11,2025-09-04
7304,22,189,290,25,2023-05-02
7305,29,149,216,13,2024-09-15
7306,7,382,240,12,2025-04-29
7307,12,327,-290,51,2025-07-30
7308,21,330,318,13,2022-04-20
7309,22,370,279,42,2025-09-20
7310,3,385,142,40,2025-07-24
7311,11,59,171,23,2023-10-11
7312,19,342,352,32,2023-03-21
7313,26,310,390,29,2024-09-13
7314,9,232,330,18,2025-06-03
7315,8,327,262,48,2025-09-08
7316,21,337,18,15,2024-02-09
7317,4,406,43,49,2024-07-18
7318,3,232,259,34,2025-05-04
7319,10,329,495,39,2024-06-11
7320,4,114,147,10,2022-02-15
7321,17,76,110,38,2024-12-22
7322,5,23,281,41,2022-12-26
7323,23,207,444,42,2025-06-18
7324,28,303,38,15,2024-08-16
7325,7,135,336,55,2023-01-01
7326,29,203,68,31,2025-10-17
7327,5,410,54,44,2025-09-12
7328,20,293,228,58,2023-05-03
7329,22,261,171,54,2023-05-31
7330,19,146,110,53,2025-09-16
7331,15,429,500,51,2023-04-16
7332,9,222,142,46,2025-03-31
7333,10,413,117,40,2025-09-28
7334,17,279,457,22,2023-09-14
7335,28,45,394,60,2024-08-19
7336,24,138,180,24,2022-10-12
7337,23,432,158,22,2024-11-13
7338,11,102,194,25,2025-02-20
7339,27,247,-354,16,2022-07-09
7340,10,92,204,15,2025-06-15
7341,2,27,403,17,2022-04-27
7342,2,48,183,14,2024-05-12
7343,30,130,218,43,2023-02-05
7344,15,349,264,34,2025-04-26
7345,21,40,332,28,2025-02-15
7346,15,335,105,38,2024-11-09
7347,21,277,-266,18,2025-12-21
7348,2,227,76,29,2024-08-09
7349,13,5,51,60,2024-01-31
7350,8,85,231,27,2024-01-25
7351,13,271,85,45,2022-08-25
7352,9,395,96,16,2024-10-05
7353,27,114,39,51,2025-12-28
7354,25,353,195,30,2022-01-20
7355,6,211,471,11,2023-03-19
7356,8,183,146,41,2022-12-28
7357,27,262,-461,29,2022-10-17
7358,16,366,331,52,2024-10-22
7359,26,394,187,53,2022-08-21
7360,11,231,478,17,2024-12-23
7361,15,75,280,43,2023-06-16
7362,8,96,462,15,2025-08-04
7363,20,430,107,16,2022-08-02
7364,1,299,206,29,2025-10-05
7365,12,150,153,11,2024-08-03
7366,28,382,98,55,2025-09-06
7367,2,177,217,12,2023-03-01
7368,9,379,488,56,2024-10-10
7369,26,119,102,48,2023-11-11
7370,23,285,431,44,2022-03-15
7371,1,358,341,39,2023-03-03
7372,21,50,281,29,2025-08-03
7373,18,66,415,24,2022-08-03
7374,13,109,292,16,2024-10-14
7375,8,362,486,10,2022-03-12
7376,2,202,76,50,2024-08-13
7377,1,224,326,43,2025-11-06
7378,29,391,445,38,2025-02-26
7379,29,112,-219,41,2023-07-24
7380,7,431,64,52,2024-03-07
7381,17,395,452,59,2025-07-05
7382,26,58,480,12,2022-01-15
7383,5,391,415,50,2023-12-31
7384,24,278,306,45,2023-01-09
7385,18,298,117,31,2025-12-12
7386,24,59,260,16,2023-01-07
7387,5,428,142,59,2022-09-04
7388,19,281,328,42,2022-12-22
7389,24,112,204,30,2022-11-16
7390,24,345,208,49,2022-04-10
7391,5,128,131,22,2022-08-26
7392,27,392,411,14,2023-10-29
7393,26,396,352,14,2024-03-21
7394,8,53,348,50,2024-12-15
7395,3,40,234,47,2023-10-11
7396,9,26,493,36,2022-10-13
7397,18,399,368,28,2025-05-12
7398,19,131,196,57,2023-02-17
7399,11,422,211,48,2024-07-31
7400,29,90,289,42,2023-11-04
7401,22,375,366,48,2023-06-22
7402,3,47,350,47,2022-03-24
7403,1,402,56,10,2025-08-25
7404,9,197,147,11,2023-10-18
7405,19,141,190,10,2022-08-25
7406,19,383,500,11,2025-01-22
7407,25,190,317,43,2024-07-01
7408,16,141,343,38,2022-09-02
7409,3,394,416,41,2022-12-03
7410,14,187,419,29,2023-10-24
7411,3,215,170,47,2022-01-21
7412,18,307,207,56,2023-09-03
7413,20,124,260,11,2023-05-31
7414,3,176,363,19,2022-09-18
7415,1,55,55,11,2025-02-12
7416,17,251,463,12,2025-10-07
7417,30,190,432,32,2025-08-11
7418,24,290,14,30,2025-05-14
7419,23,248,490,59,2023-05-28
7420,4,439,423,41,2023-05-12
7421,3,175,260,27,2023-10-30
7422,29,319,258,23,2023-11-11
7423,7,28,287,30,2024-09-23
7424,2,355,89,50,2022-04-30
7425,28,301,264,26,2023-01-04
7426,11,300,499,28,2023-09-16
7427,18,358,83,11,2023-10-03
7428,29,297,457,20,2025-01-07
7429,24,349,85,42,2025-06-11
7430,16,265,361,52,2023-10-04
7431,14,269,6,39,2024-04-24
7432,21,397,16,46,2024-03-13
7433,11,89,354,31,2025-05-29
7434,20,443,137,24,2022-07-22
7435,6,28,366,33,2025-05-01
7436,16,377,411,51,2024-01-20
7437,13,35,116,27,2023-09-19
7438,14,186,178,26,2023-01-09
7439,6,266,89,21,2024-09-15
7440,26,157,344,23,2022-01-27
7441,8,32,193,45,2022-10-31
7442,9,131,439,23,2024-03-31
7443,4,183,342,33,2022-02-07
7444,24,194,405,22,2022-09-16
7445,12,418,183,43,2023-12-05
7446,10,249,440,52,2022-03-16
7447,14,162,244,23,2022-02-12
7448,12,220,476,42,2022-02-24
7449,21,189,3,26,2022-01-19
7450,25,237,32,53,2023-06-30
7451,24,358,449,26,2024-07-09
7452,21,169,82,48,2022-08-19
7453,15,157,432,20,2025-05-21
7454,8,392,303,19,2022-11-04
7455,3,384,152,51,2025-09-24
7456,25,72,448,42,2022-07-05
7457,6,89,304,54,2022-07-04
7458,9,5,206,58,2023-04-28
7459,28,215,191,10,2023-06-14
7460,25,397,483,35,2022-12-23
7461,6,180,409,24,2024-02-17
7462,12,256,360,31,2024-07-05
7463,3,224,244,19,2023-08-12
7464,24,135,283,15,2024-03-22
7465,9,283,125,49,2024-07-06
7466,18,426,408,21,2025-01-17
7467,26,92,193,10,2024-09-30
7468,4,139,139,53,2025-03-28
7469,17,416,246,22,2024-02-25
7470,3,202,359,24,2025-12-22
7471,28,267,78,30,2022-08-31
7472,13,198,376,18,2025-04-10
7473,29,307,247,35,2025-01-25
7474,22,187,487,20,2022-02-21
7475,15,187,467,33,2023-11-27
7476,6,273,131,56,2024-07-08
7477,4,425,81,40,2025-06-13
7478,9,71,401,36,2024-03-27
7479,1,397,170,14,2023-12-03
7480,15,33,304,30,2023-08-05
7481,29,9,413,22,2024-07-27
7482,28,184,474,58,2022-09-27
7483,19,28,15,23,2025-05-17
7484,18,415,37,11,2022-11-26
7485,5,376,471,44,2025-11-26
7486,22,132,213,44,2024-10-23
7487,2,114,240,31,2022-04-28
7488,30,348,415,17,2025-09-04
7489,28,320,375,30,2023-05-27
7490,18,28,393,44,2023-09-24
7491,24,384,147,54,2025-05-24
7492,16,211,80,16,2023-08-25
7493,3,426,464,30,2025-09-22
7494,11,261,430,36,2024-04-25
7495,29,436,62,24,2025-03-13
7496,21,198,11,10,2022-09-09
7497,29,295,387,39,2023-08-22
7498,3,246,309,47,2022-06-15
7499,27,386,123,45,2025-03-24
7500,17,222,144,22,2024-03-24
7501,16,381,66,21,2024-11-11
7502,4,368,413,29,2022-04-27
7503,14,320,382,36,2025-01-18
7504,28,324,130,28,2025-08-09
7505,23,51,123,10,2024-12-22
7506,23,21,245,44,2022-05-13
7507,4,12,294,33,2023-03-02
7508,7,147,73,14,2022-02-19
7509,22,342,159,60,2023-12-31
7510,15,34,2,10,2024-07-20
7511,11,90,27,44,2023-05-03
7512,9,66,149,45,2023-09-30
7513,2,264,32,23,2024-06-15
7514,27,367,166,45,2024-06-16
7515,8,81,401,30,2022-04-08
7516,2,164,51,35,2022-07-26
7517,21,15,120,30,2022-12-21
7518,26,444,232,35,2025-12-17
7519,25,444,41,18,2023-05-28
7520,19,308,156,53,2022-08-24
7521,5,22,135,36,2022-03-27
7522,17,110,327,27,2023-05-29
7523,3,231,424,43,2025-07-12
7524,3,3,379,22,2023-07-24
7525,25,31,106,15,2024-12-23
7526,7,167,403,28,2022-05-13
7527,9,132,292,55,2022-07-29
7528,29,46,61,26,2022-08-12
7529,17,335,246,25,2023-12-03
7530,14,308,485,40,2025-11-02
7531,10,30,175,31,2023-08-28
7532,21,208,497,32,2023-07-28
7533,9,142,410,17,2025-11-24
7534,27,79,291,44,2024-10-31
7535,5,186,-34,48,2024-05-03
7536,26,266,424,54,2023-12-21
7537,6,357,460,22,2022-10-04
7538,12,447,27,13,2022-12-19
7539,7,347,465,39,2025-10-08
7540,16,56,469,21,2022-11-12
7541,27,216,214,60,2025-02-06
7542,14,349,172,19,2022-10-11
7543,5,226,461,48,2023-01-05
7544,16,156,187,16,2024-01-05
7545,13,261,451,39,2022-08-26
7546,24,217,65,10,2024-04-22
7547,25,351,378,24,2023-10-09
7548,18,159,24,14,2025-12-23
7549,20,388,287,19,2023-07-20
7550,29,189,16,56,2024-09-15
7551,25,54,409,42,2022-09-01
7552,18,122,400,37,2023-10-10
7553,18,234,351,32,2024-02-22
7554,30,123,318,47,2022-05-09
7555,17,330,455,28,2025-10-03
7556,28,22,-251,12,2023-01-07
7557,8,168,435,60,2024-09-14
7558,30,312,335,24,2024-07-01
7559,26,217,15,36,2023-05-28
7560,27,2,252,26,2025-07-17
7561,6,315,388,13,2024-07-02
7562,19,49,190,55,2022-04-24
7563,2,354,374,56,2025-07-23
7564,18,301,284,15,2022-11-15
7565,6,95,349,53,2022-05-29
7566,22,424,366,28,2023-04-08
7567,14,391,156,47,2022-01-02
7568,5,296,96,52,2022-11-24
7569,15,42,19,56,2022-01-09
7570,19,325,318,49,2024-07-09
7571,5,116,137,11,2025-11-08
7572,5,42,272,54,2024-05-29
7573,14,281,48,21,2023-12-23
7574,29,192,55,10,2025-12-12
7575,9,312,304,15,2024-06-02
7576,21,160,207,46,2024-01-29
7577,15,449,449,42,2023-10-20
7578,16,313,333,39,2024-06-18
7579,26,271,160,38,2024-08-23
7580,20,112,184,46,2023-05-04
7581,28,225,331,56,2024-01-22
7582,28,89,114,57,2025-12-04
7583,29,396,406,22,2023-03-25
7584,2,81,27,45,2024-09-27
7585,10,215,491,14,2022-01-09
7586,4,378,248,30,2024-06-22
7587,5,346,26,12,2024-07-16
7588,19,266,42,24,2025-07-08
7589,28,443,264,36,2025-08-17
7590,3,243,36,15,2024-12-20
7591,13,254,365,18,2022-03-23
7592,18,433,366,55,2024-02-27
7593,5,142,129,40,2023-11-04
7594,21,95,93,53,2023-12-31
7595,17,230,107,19,2023-07-08
7596,14,46,349,29,2023-10-30
7597,23,17,283,53,2025-02-05
7598,1,321,289,35,2024-07-17
7599,13,204,434,47,2023-11-11
7600,26,390,86,44,2025-07-18
7601,18,118,401,31,2025-09-14
7602,2,84,337,25,2022-10-25
7603,23,121,187,49,2023-07-17
7604,6,374,67,47,2023-04-19
7605,12,110,253,39,2024-10-22
7606,2,95,430,32,2025-01-08
7607,24,236,13,31,2023-02-24
7608,5,43,115,33,2025-10-24
7609,29,44,39,44,2023-05-23
7610,4,145,464,15,2022-07-25
7611,7,90,384,32,2024-03-27
7612,16,439,466,30,2025-06-29
7613,3,91,-269,22,2024-11-24
7614,11,201,433,21,2024-06-14
7615,2,85,451,48,2022-10-20
7616,23,191,-161,27,2023-06-21
7617,30,369,471,26,2024-01-31
7618,2,260,262,28,2024-03-04
7619,21,361,185,16,2024-08-27
7620,26,83,145,26,2023-07-03
7621,28,195,207,14,2022-08-02
7622,20,392,-206,28,2022-12-21
7623,7,423,192,44,2022-06-19
7624,4,272,343,43,2024-06-17
7625,25,306,168,13,2023-10-05
7626,2,131,107,10,2024-05-15
7627,10,195,207,21,2022-06-02
7628,14,200,209,34,2023-02-14
7629,12,100,268,46,2022-08-10
7630,7,352,358,41,2024-12-15
7631,15,234,459,26,2025-03-11
7632,22,220,394,15,2023-03-06
7633,5,54,273,23,2025-04-08
7634,21,4,225,35,2024-03-05
7635,5,371,224,45,2023-08-14
7636,22,142,46,39,2023-08-21
7637,21,377,166,59,2022-02-11
7638,23,87,263,40,2024-12-02
7639,10,386,140,14,2023-07-23
7640,23,66666,36,26,2023-09-15
7641,24,34,417,11,2023-07-24
7642,6,146,178,52,2024-10-11
7643,20,260,436,19,2025-10-18
7644,23,445,74,22,2024-03-29
7645,7,71,210,17,2022-05-02
7646,28,64,448,14,2024-04-20
7647,16,221,244,20,2023-07-29
7648,7,281,332,23,2023-11-24
7649,2,226,493,19,2022-09-13
7650,24,339,201,15,2023-04-17
7651,25,424,140,35,2024-10-23
7652,7,110,235,16,2025-08-11
7653,9,326,239,42,2023-07-24
7654,20,111,176,35,2023-01-25
7655,19,7,309,23,2023-11-19
7656,9,135,449,51,2024-03-06
7657,11,260,3,42,2024-11-16
7658,7,316,108,55,2024-11-03
7659,15,252,200,37,2022-10-14
7660,1,428,76,24,2022-06-18
7661,4,160,-98,46,2024-02-03
7662,17,400,130,45,2025-07-17
7663,16,200,109,49,2023-06-14
7664,28,336,156,24,2025-04-15
7665,11,109,475,35,2023-09-21
7666,30,383,197,26,2024-05-08
7667,24,343,219,56,2025-01-09
7668,25,94,267,10,2023-11-25
7669,11,345,26,19,2024-07-13
7670,30,138,382,14,2023-06-27
7671,28,79,355,35,2025-10-26
7672,16,360,419,57,2024-05-27
7673,19,390,73,24,2023-01-01
7674,5,278,247,39,2025-01-16
7675,30,73,377,27,2025-04-25
7676,12,406,143,38,2025-04-20
7677,29,374,80,26,2023-11-21
7678,26,245,322,12,2023-04-25
7679,25,278,132,25,2023-11-13
7680,28,97,175,17,2025-04-26
7681,10,93,334,19,2023-09-22
7682,2,243,168,47,2025-02-24
7683,28,96,214,52,2022-12-04
7684,28,238,487,14,2024-04-05
7685,29,306,127,50,2023-09-21
7686,13,437,114,14,2023-04-28
7687,4,124,205,50,2025-04-06
7688,24,205,156,17,2023-10-15
7689,10,248,202,36,2024-11-13
7690,3,268,124,32,2022-08-30
7691,2,288,284,53,2024-02-08
7692,21,31,316,47,2024-08-09
7693,22,103,348,12,2022-10-02
7694,26,66666,20,18,2022-03-19
7695,10,442,8,30,2024-09-12
7696,13,147,25,22,2022-02-02
7697,7,435,162,42,2024-10-24
7698,22,17,-249,50,2024-10-23
7699,19,78,240,23,2025-02-02
7700,16,310,199,41,2023-11-26
7701,11,23,105,49,2024-04-25
7702,2,327,175,20,2023-05-11
7703,24,322,211,37,2022-08-15
7704,9,287,307,22,2025-05-01
7705,16,306,221,31,2023-10-28
7706,23,160,387,27,2025-03-09
7707,30,200,207,53,2023-10-20
7708,15,306,312,34,2025-07-28
7709,24,17,489,14,2022-10-15
7710,28,307,487,35,2023-09-13
7711,15,229,239,31,2022-01-03
7712,22,172,18,12,2025-12-03
7713,6,303,148,50,2023-07-19
7714,26,187,482,34,2022-12-04
7715,19,250,40,16,2022-03-29
7716,4,290,460,27,2023-01-08
7717,7,336,278,38,2023-09-13
7718,10,46,180,40,2025-10-09
7719,13,397,266,17,2023-05-23
7720,28,217,204,15,2022-11-26
7721,27,316,398,23,2022-03-30
7722,24,364,309,11,2025-03-05
7723,12,52,187,40,2022-12-11
7724,23,360,55,40,2022-10-15
7725,6,334,148,18,2023-11-29
7726,18,123,237,38,2023-05-26
7727,5,200,287,22,2022-06-12
7728,25,4,70,35,2023-11-02
7729,20,406,492,38,2024-01-23
7730,9,350,472,59,2023-01-23
7731,20,25,296,11,2023-01-22
7732,16,129,209,51,2022-12-30
7733,13,314,423,44,2023-01-05
7734,7,357,182,56,2025-12-21
7735,3,41,188,58,2025-08-23
7736,30,30,99,52,2024-08-24
7737,11,224,495,14,2025-07-03
7738,9,102,191,28,2024-03-26
7739,24,395,144,10,2023-12-11
7740,26,164,292,17,2023-05-14
7741,25,182,213,13,2025-04-02
7742,24,387,396,57,2023-02-15
7743,13,396,387,30,2022-12-11
7744,28,3,234,41,2023-05-18
7745,17,66,491,40,2024-05-05
7746,16,14,21,30,2022-08-13
7747,8,177,56,32,2023-12-02
7748,21,248,200,35,2024-12-02
7749,24,367,97,46,2023-04-27
7750,4,270,351,42,2025-04-28
7751,16,234,165,10,2024-02-01
7752,12,260,326,58,2025-08-22
7753,20,137,129,60,2022-03-06
7754,22,36,56,43,2024-02-19
7755,12,60,16,38,2023-11-29
7756,14,234,256,47,2023-05-03
7757,10,137,18,22,2024-08-30
7758,20,33,390,44,2025-02-21
7759,21,218,186,33,2025-05-28
7760,20,207,249,15,2025-06-03
7761,27,352,82,24,2023-06-29
7762,15,133,150,43,2023-06-30
7763,5,345,340,20,2023-05-01
7764,30,281,233,28,2024-05-01
7765,16,216,348,53,2024-05-02
7766,9,223,439,31,2022-05-10
7767,27,84,445,12,2022-11-03
7768,14,175,88,13,2023-06-20
7769,10,382,87,31,2025-05-01
7770,14,369,415,40,2024-04-27
7771,5,73,88,59,2025-05-02
7772,12,443,433,56,2024-12-17
7773,16,164,256,36,2025-08-22
7774,2,220,472,47,2023-01-26
7775,20,435,21,11,2024-10-10
7776,17,69,145,26,2023-03-23
7777,11,202,122,45,2022-09-11
7778,5,195,293,19,2023-05-01
7779,11,15,380,16,2022-05-19
7780,21,196,440,60,2022-04-28
7781,14,80,275,56,2025-02-28
7782,20,118,361,54,2023-05-04
7783,29,28,483,34,2022-11-07
7784,2,335,1,18,2023-04-03
7785,11,281,94,29,2024-06-26
7786,13,233,12,25,2025-04-28
7787,25,321,101,21,2025-06-01
7788,23,53,378,21,2022-05-24
7789,3,229,347,58,2024-12-01
7790,3,53,141,47,2023-01-24
7791,5,62,262,16,2023-03-31
7792,5,366,334,32,2025-10-29
7793,14,366,473,30,2023-12-16
7794,17,246,429,27,2025-01-27
7795,29,169,482,31,2022-02-27
7796,1,352,342,41,2025-10-28
7797,1,379,213,36,2022-04-27
7798,2,401,429,60,2022-10-04
7799,22,25,103,14,2022-11-24
7800,25,199,153,51,2025-12-14
7801,22,42,312,36,2022-10-13
7802,7,1,302,41,2023-08-20
7803,20,281,136,11,2022-05-15
7804,5,289,160,19,2023-12-04
7805,23,290,122,20,2024-06-22
7806,1,234,407,30,2022-11-08
7807,14,298,189,56,2024-06-01
7808,5,118,-353,56,2023-05-16
7809,6,251,146,40,2023-04-29
7810,29,226,355,30,2024-10-14
7811,2,339,195,51,2024-12-01
7812,13,179,74,56,2022-03-05
7813,23,321,401,48,2022-01-26
7814,6,253,-381,12,2025-12-01
7815,25,21,303,12,2024-10-30
7816,18,48,167,33,2022-07-23
7817,23,249,23,18,2024-01-16
7818,3,291,11,39,2024-01-14
7819,8,3,348,40,2024-02-03
7820,2,297,332,47,2023-07-25
7821,22,278,129,49,2025-02-17
7822,21,212,150,16,2024-08-07
7823,2,34,125,59,2024-04-14
7824,22,350,156,39,2023-09-11
7825,7,86,31,40,2025-10-05
7826,18,30,284,12,2024-03-01
7827,11,277,68,39,2022-03-25
7828,6,128,461,60,2024-01-08
7829,3,85,153,52,2024-06-08
7830,11,316,112,32,2022-05-06
7831,20,30,-247,40,2024-07-27
7832,8,178,463,25,2022-03-15
7833,14,359,44,23,2025-09-27
7834,1,341,251,50,2023-05-09
7835,7,345,435,10,2022-09-10
7836,17,382,343,15,2022-03-03
7837,25,73,144,38,2025-01-27
7838,5,317,311,26,2023-08-20
7839,28,87,342,49,2023-06-13
7840,18,49,59,16,2023-06-02
7841,4,19,449,29,2022-11-05
7842,20,69,202,31,2025-07-28
7843,12,155,188,13,2023-01-30
7844,29,220,235,45,2025-08-03
7845,21,315,79,14,2022-07-12
7846,29,104,32,58,2025-10-05
7847,9,50,57,54,2023-07-08
7848,5,204,51,58,2024-12-19
7849,5,133,440,19,2022-08-26
7850,19,190,217,35,2024-07-22
7851,27,199,405,21,2023-05-21
7852,9,228,442,44,2025-07-13
7853,4,405,340,34,2024-05-15
7854,29,49,376,31,2022-11-26
7855,14,29,396,30,2025-01-11
7856,22,104,155,55,2024-07-30
7857,22,300,124,24,2024-08-09
7858,13,402,391,46,2024-06-27
7859,3,30,453,15,2023-09-18
7860,24,139,359,50,2022-06-05
7861,27,291,172,48,2022-03-04
7862,19,124,304,25,2025-12-08
7863,13,193,326,55,2024-08-17
7864,24,50,113,15,2022-12-25
7865,25,121,170,33,2022-09-08
7866,24,66666,481,51,2023-04-05
7867,12,303,80,15,2024-06-05
7868,26,414,441,50,2024-02-17
7869,2,135,498,46,2023-12-07
7870,15,125,408,16,2025-09-04
7871,30,11,146,35,2023-01-07
7872,30,322,151,53,2022-09-13
7873,23,91,324,16,2022-03-09
7874,1,43,478,58,2023-08-14
7875,1,274,329,14,2022-10-10
7876,4,321,171,34,2024-07-14
7877,8,266,296,54,2025-01-11
7878,25,185,137,17,2022-03-05
7879,20,90,6,57,2022-09-16
7880,27,40,432,30,2024-04-22
7881,8,51,186,55,2023-04-25
7882,30,151,399,38,2024-05-01
7883,13,256,242,42,2023-10-22
7884,14,429,3,57,2023-11-04
7885,25,265,200,28,2025-08-24
7886,4,59,136,35,2022-03-21
7887,3,56,238,47,2023-08-27
7888,10,218,385,22,2022-06-19
7889,16,47,346,10,2025-12-28
7890,20,53,456,57,2023-09-18
7891,8,98,132,43,2022-09-27
7892,8,279,486,45,2025-12-09
7893,14,180,453,60,2025-04-08
7894,9,55,307,54,2024-02-09
7895,21,238,221,41,2024-01-24
7896,22,159,410,49,2024-01-03
7897,3,354,155,39,2024-04-28
7898,30,62,450,48,2025-05-31
7899,26,198,242,46,2024-02-21
7900,3,389,19,19,2024-01-29
7901,5,201,312,46,2025-05-18
7902,15,155,314,53,2025-05-09
7903,23,66,148,22,2022-11-27
7904,11,200,72,30,2025-10-12
7905,4,66666,335,44,2023-06-12
7906,19,204,-213,30,2022-02-22
7907,30,278,51,25,2025-07-17
7908,2,16,335,12,2025-05-28
7909,22,28,302,21,2024-02-01
7910,13,386,220,14,2022-11-21
7911,9,433,394,36,2023-07-11
7912,7,277,345,18,2024-12-25
7913,22,268,499,15,2022-04-28
7914,29,26,330,14,2022-01-15
7915,17,42,427,56,2025-09-13
7916,2,137,407,25,2024-10-22
7917,27,450,-211,58,2024-01-07
7918,25,389,266,40,2024-02-14
7919,13,343,248,37,2025-04-10
7920,5,286,229,52,2023-04-04
7921,6,265,398,37,2024-12-30
7922,17,271,184,11,2024-11-05
7923,1,46,301,14,2024-07-15
7924,30,255,344,33,2025-09-05
7925,25,138,52,40,2023-05-24
7926,19,307,262,26,2022-08-08
7927,21,126,284,22,2024-06-25
7928,8,153,197,34,2022-06-01
7929,2,44,340,38,2025-06-26
7930,3,311,394,24,2022-09-26
7931,1,40,32,35,2024-12-25
7932,3,292,157,41,2024-08-26
7933,20,272,236,39,2024-07-13
7934,11,191,441,27,2022-10-08
7935,17,327,431,47,2025-02-14
7936,6,232,48,33,2023-12-24
7937,25,232,329,11,2024-04-29
7938,29,139,166,22,2022-01-13
7939,16,372,152,28,2023-12-11
7940,16,159,387,11,2023-11-25
7941,27,78,185,50,2024-07-25
7942,12,365,111,16,2024-07-20
7943,11,359,468,52,2022-01-27
7944,22,16,110,13,2023-11-25
7945,17,191,47,33,2025-04-16
7946,16,349,15,52,2022-10-28
7947,2,40,436,41,2023-09-11
7948,7,329,107,37,2023-05-16
7949,13,255,208,38,2022-12-01
7950,23,165,92,48,2025-06-21
7951,30,147,369,38,2025-04-19
7952,20,232,140,28,2022-02-19
7953,20,165,163,56,2022-04-08
7954,16,144,321,30,2024-02-23
7955,20,246,139,24,2023-05-27
7956,16,44,126,49,2022-01-10
7957,4,167,392,18,2023-04-30
7958,2,416,223,29,2024-12-28
7959,29,244,80,14,2025-11-15
7960,17,427,481,56,2023-05-14
7961,3,109,15,34,2024-03-14
7962,30,309,331,26,2023-04-12
7963,19,138,408,19,2025-03-15
7964,27,175,343,21,2025-03-09
7965,11,48,470,41,2024-03-11
7966,29,440,420,32,2025-08-10
7967,13,207,256,20,2023-04-25
7968,17,172,462,26,2025-09-16
7969,28,360,455,37,2025-05-22
7970,8,284,236,37,2024-04-29
7971,22,322,290,34,2023-01-31
7972,23,90,307,50,2023-03-10
7973,7,355,52,54,2022-02-02
7974,25,204,497,24,2025-01-04
7975,26,384,-1,31,2023-02-18
7976,9,293,168,46,2023-12-26
7977,15,66666,383,39,2024-05-22
7978,29,403,129,52,2025-03-01
7979,18,206,244,19,2023-07-27
7980,13,215,31,11,2022-10-04
7981,17,404,-479,57,2022-01-14
7982,1,203,334,35,2024-09-22
7983,28,18,324,31,2024-04-20
7984,4,193,78,18,2023-08-17
7985,29,194,213,11,2024-05-22
7986,13,34,163,19,2023-10-21
7987,9,106,441,44,2023-08-25
7988,2,33,267,11,2022-08-31
7989,28,298,360,54,2024-05-18
7990,8,189,398,60,2023-03-30
7991,15,225,393,12,2022-08-16
7992,5,333,143,17,2022-08-13
7993,2,315,320,25,2022-03-21
7994,22,39,481,46,2022-11-03
7995,9,348,449,39,2025-04-04
7996,15,255,16,43,2025-03-07
7997,4,318,110,55,2024-03-26
7998,8,320,29,48,2025-01-07
7999,13,194,78,11,2023-11-29
8000,29,276,84,57,2022-06-28
8001,7,232,492,13,2022-10-24
8002,8,74,257,14,2022-05-08
8003,18,351,218,15,2022-04-17
8004,27,387,131,16,2025-05-02
8005,25,35,35,32,2025-10-16
8006,15,334,348,23,2024-11-04
8007,10,341,498,22,2022-12-29
8008,26,367,26,56,2024-12-25
8009,7,306,263,19,2024-08-13
8010,8,367,377,26,2024-06-27
8011,5,310,424,22,2023-07-28
8012,5,108,121,42,2024-01-19
8013,22,5,368,11,2023-08-20
8014,12,105,214,36,2024-05-05
8015,18,364,391,30,2022-06-25
8016,20,304,74,26,2024-04-11
8017,20,382,181,18,2025-03-18
8018,29,188,473,50,2025-01-20
8019,1,53,77,25,2024-02-01
8020,11,396,246,32,2023-06-03
8021,25,346,268,30,2023-04-19
8022,6,99,443,15,2023-07-20
8023,26,184,468,18,2022-06-26
8024,14,326,28,21,2025-02-26
8025,29,130,427,57,2024-02-26
8026,7,394,490,44,2022-11-17
8027,5,51,448,25,2024-10-25
8028,10,54,381,51,2023-06-13
8029,24,302,298,36,2023-02-27
8030,25,118,487,54,2023-08-30
8031,22,289,3,58,2022-11-10
8032,6,419,187,42,2025-02-23
8033,16,51,184,39,2024-03-12
8034,26,369,319,14,2025-07-17
8035,22,194,-359,25,2023-04-26
8036,12,84,19,23,2025-12-07
8037,20,321,181,37,2022-01-04
8038,18,205,68,28,2022-01-28
8039,25,396,149,11,2023-03-16
8040,27,62,408,48,2022-12-26
8041,9,445,15,19,2022-02-02
8042,2,422,222,49,2024-09-17
8043,5,134,449,52,2022-04-30
8044,28,80,359,45,2023-08-04
8045,24,357,292,45,2025-01-11
8046,17,171,460,37,2023-07-17
8047,10,372,187,17,2024-09-16
8048,20,209,62,41,2023-10-05
8049,3,219,242,60,2024-02-07
8050,22,105,213,44,2025-09-14
8051,27,322,495,43,2024-10-25
8052,11,304,78,25,2024-11-14
8053,18,250,334,27,2025-10-09
8054,3,226,7,37,2024-01-19
8055,25,66666,444,35,2022-03-09
8056,13,97,354,60,2025-10-03
8057,25,153,298,36,2023-10-03
8058,17,5,127,56,2024-10-19
8059,22,290,391,58,2024-01-27
8060,13,304,80,12,2025-06-28
8061,19,121,426,11,2023-06-09
8062,5,169,494,21,2024-02-09
8063,12,369,140,49,2024-09-03
8064,25,425,236,44,2022-10-13
8065,1,366,202,27,2025-04-11
8066,16,184,389,27,2023-05-08
8067,12,441,39,11,2025-04-04
8068,9,328,499,20,2025-06-03
8069,14,343,230,14,2023-11-03
8070,20,300,347,28,2022-07-04
8071,10,309,28,55,2023-10-01
8072,27,393,88,35,2022-11-13
8073,8,381,87,27,2025-01-05
8074,12,348,92,46,2023-02-17
8075,17,260,238,13,2024-04-24
8076,18,252,170,56,2023-09-14
8077,24,317,371,43,2022-05-01
8078,25,165,445,17,2022-06-18
8079,23,196,229,21,2025-01-20
8080,13,146,43,44,2025-02-02
8081,10,28,449,14,2025-01-09
8082,8,167,90,56,2022-07-19
8083,14,393,290,34,2023-09-30
8084,4,247,208,32,2023-05-21
8085,4,430,77,30,2025-12-12
8086,22,345,389,19,2022-06-02
8087,17,187,432,23,2025-05-07
8088,20,335,134,28,2025-06-28
8089,21,141,68,42,2023-03-26
8090,9,403,72,37,2024-05-04
8091,13,170,314,15,2022-05-18
8092,3,135,208,24,2022-10-02
8093,20,292,262,54,2024-11-09
8094,6,107,120,59,2022-05-27
8095,8,323,24,42,2022-04-23
8096,14,316,50,19,2024-05-15
8097,27,330,401,59,2023-02-20
8098,22,234,263,42,2024-04-20
8099,8,292,-287,50,2023-05-02
8100,12,61,232,18,2023-01-08
8101,24,307,36,26,2023-07-18
8102,22,133,138,39,2024-04-18
8103,28,296,273,12,2022-03-02
8104,16,404,1,32,2025-06-17
8105,13,338,159,41,2022-11-14
8106,14,9,495,47,2023-05-07
8107,7,419,139,20,2023-11-06
8108,18,173,269,60,2023-08-10
8109,15,109,203,33,2023-07-05
8110,20,57,80,27,2024-04-02
8111,30,409,259,13,2023-12-02
8112,12,382,71,14,2022-11-10
8113,26,327,485,15,2024-11-16
8114,30,93,96,60,2023-03-10
8115,5,407,191,37,2023-01-03
8116,22,23,332,34,2024-06-14
8117,28,122,307,12,2025-04-02
8118,29,21,204,38,2023-04-16
8119,26,59,74,19,2024-11-01
8120,18,3,459,23,2024-07-24
8121,15,228,22,20,2022-07-29
8122,10,450,34,36,2022-09-17
8123,12,34,56,34,2023-04-06
8124,7,106,494,26,2023-07-11
8125,22,66666,355,22,2024-01-08
8126,12,19,234,12,2024-09-20
8127,12,387,38,46,2023-11-17
8128,30,377,74,23,2022-03-05
8129,20,73,349,11,2023-05-09
8130,2,444,461,19,2024-03-04
8131,11,20,126,51,2025-07-28
8132,4,376,431,55,2025-03-10
8133,10,66666,268,35,2023-03-07
8134,28,119,98,13,2024-01-09
8135,4,274,151,45,2023-06-28
8136,5,303,4,49,2023-12-18
8137,27,208,293,60,2025-03-30
8138,2,15,321,34,2025-02-19
8139,4,282,243,44,2022-01-18
8140,1,439,330,32,2024-09-29
8141,6,40,71,31,2024-07-21
8142,30,133,218,59,2022-04-30
8143,10,327,163,22,2022-04-18
8144,11,97,215,24,2024-05-30
8145,21,261,186,11,2024-03-17
8146,20,352,455,15,2023-05-21
8147,28,161,222,18,2022-07-08
8148,17,8,52,34,2025-01-13
8149,22,35,487,13,2023-04-21
8150,18,147,197,38,2024-06-17
8151,13,15,474,25,2024-03-05
8152,17,161,248,49,2024-11-27
8153,19,72,30,39,2025-05-03
8154,25,421,312,16,2025-06-09
8155,25,132,307,50,2024-07-12
8156,9,140,166,49,2022-11-29
8157,22,6,179,44,2025-12-02
8158,9,300,441,38,2023-11-09
8159,6,125,209,22,2025-12-04
8160,25,15,177,38,2022-03-05
8161,25,328,369,27,2025-05-08
8162,4,134,374,16,2022-08-12
8163,9,249,421,10,2022-10-20
8164,15,22,105,45,2023-06-20
8165,30,145,440,46,2022-01-06
8166,28,179,325,21,2025-04-08
8167,20,356,462,38,2024-09-04
8168,15,211,261,49,2024-02-07
8169,23,370,225,56,2022-09-07
8170,3,211,321,25,2024-12-10
8171,23,329,466,40,2024-11-20
8172,14,313,327,10,2024-01-04
8173,24,115,264,30,2022-01-31
8174,16,66666,295,21,2024-07-19
8175,27,119,208,21,2025-10-19
8176,3,336,225,23,2022-09-17
8177,23,415,118,45,2023-10-03
8178,6,183,358,16,2025-05-28
8179,9,384,273,13,2024-11-23
8180,24,14,146,49,2023-09-26
8181,19,52,244,59,2022-08-12
8182,15,412,156,35,2024-12-19
8183,18,64,367,21,2024-03-08
8184,1,263,104,36,2023-12-11
8185,17,424,303,47,2023-11-29
8186,16,181,209,40,2023-10-08
8187,4,100,331,55,2024-05-13
8188,18,103,329,19,2025-11-12
8189,19,346,455,18,2024-08-29
8190,2,424,37,12,2024-02-11
8191,4,72,488,22,2022-09-09
8192,27,193,403,31,2023-07-30
8193,26,74,426,39,2022-04-30
8194,3,297,378,19,2023-03-17
8195,17,43,74,31,2022-12-03
8196,29,316,283,19,2024-08-07
8197,19,178,455,50,2022-12-25
8198,20,98,492,34,2025-03-02
8199,8,263,140,38,2024-05-06
8200,29,251,29,55,2023-10-13
8201,16,69,354,23,2025-05-13
8202,12,257,99,31,2024-12-29
8203,28,136,297,49,2023-06-09
8204,3,194,122,39,2025-12-04
8205,24,300,407,59,2023-08-25
8206,19,70,315,54,2025-03-20
8207,27,259,374,44,2022-11-05
8208,28,159,192,39,2022-01-17
8209,24,53,273,54,2025-04-03
8210,15,314,451,55,2025-08-06
8211,2,8,493,36,2022-12-03
8212,16,444,153,40,2025-02-10
8213,1,112,206,45,2022-03-09
8214,1,4,189,49,2022-03-12
8215,4,93,399,45,2023-11-06
8216,12,99,269,40,2022-10-11
8217,16,30,192,38,2023-06-26
8218,14,109,197,17,2022-09-30
8219,5,205,332,24,2024-10-09
8220,9,194,400,53,2022-01-04
8221,4,412,483,40,2023-07-10
8222,1,213,404,49,2024-05-23
8223,19,387,287,21,2025-11-09
8224,24,386,236,39,2023-06-04
8225,5,360,32,57,2022-01-28
8226,8,173,493,51,2024-03-28
8227,1,236,493,48,2022-10-22
8228,6,202,326,15,2025-04-12
8229,9,420,12,51,2024-10-21
8230,20,438,198,35,2022-11-24
8231,11,160,168,29,2022-04-29
8232,16,367,296,16,2025-05-19
8233,12,136,2,15,2025-05-16
8234,21,147,93,16,2022-08-11
8235,20,139,243,51,2024-05-30
8236,21,140,362,14,2024-12-19
8237,4,349,149,34,2024-06-20
8238,22,223,-490,57,2022-12-30
8239,9,160,-473,47,2025-06-06
8240,12,331,211,23,2024-05-07
8241,9,280,19,35,2023-02-22
8242,21,183,312,20,2022-10-12
8243,30,385,222,21,2025-11-05
8244,14,6,364,10,2023-03-24
8245,27,215,353,56,2025-10-31
8246,3,321,292,59,2022-12-22
8247,16,43,76,12,2024-06-30
8248,4,441,66,42,2023-05-21
8249,17,109,-336,12,2023-07-05
8250,18,237,181,15,2022-05-06
8251,27,19,21,25,2024-12-13
8252,15,259,377,37,2022-05-01
8253,6,208,361,18,2025-05-24
8254,13,224,482,52,2023-02-20
8255,20,183,269,27,2023-05-30
8256,24,266,132,55,2022-07-31
8257,4,250,63,59,2023-03-07
8258,25,61,443,13,2024-04-18
8259,15,298,57,57,2022-10-06
8260,2,18,34,52,2023-08-29
8261,6,301,322,21,2022-05-13
8262,21,366,213,56,2023-06-10
8263,12,2,306,26,2022-11-25
8264,30,386,239,11,2022-05-06
8265,11,136,49,56,2022-10-05
8266,29,245,360,50,2024-09-22
8267,26,17,-349,20,2022-07-12
8268,28,426,270,30,2025-12-07
8269,29,79,-471,18,2025-10-22
8270,25,68,8,36,2024-03-18
8271,22,297,325,21,2024-04-13
8272,26,25,43,12,2023-03-30
8273,25,315,460,37,2024-07-30
8274,13,218,99,24,2023-12-13
8275,29,404,292,24,2022-07-05
8276,24,214,209,16,2023-02-27
8277,30,449,105,37,2025-03-25
8278,1,291,218,13,2025-02-05
8279,18,440,17,52,2023-09-28
8280,17,269,417,45,2023-03-17
8281,8,21,242,28,2023-01-28
8282,2,400,384,45,2023-10-06
8283,14,409,324,15,2025-03-05
8284,3,8,127,29,2024-01-02
8285,3,143,30,42,2024-12-24
8286,20,164,367,53,2022-11-17
8287,8,24,119,52,2023-04-13
8288,29,205,451,30,2023-09-03
8289,27,94,349,23,2022-06-02
8290,30,50,330,40,2022-07-16
8291,9,136,433,47,2025-10-24
8292,17,98,135,11,2023-03-29
8293,13,133,492,14,2023-09-09
8294,23,372,138,45,2025-06-07
8295,16,309,60,32,2022-01-15
8296,3,39,406,13,2023-07-04
8297,17,283,223,51,2022-12-20
8298,8,342,141,42,2023-07-07
8299,21,286,63,12,2025-11-26
8300,1,1,371,40,2022-02-20
8301,28,53,145,33,2025-10-22
8302,7,310,490,31,2023-04-21
8303,18,441,380,34,2024-11-28
8304,20,280,92,49,2023-12-02
8305,30,353,181,26,2025-01-11
8306,7,6,26,47,2025-08-30
8307,29,51,12,52,2025-09-16
8308,14,327,429,55,2024-02-13
8309,6,446,463,26,2022-11-12
8310,23,189,12,56,2024-07-23
8311,28,435,237,15,2024-01-15
8312,15,386,177,57,2024-05-18
8313,6,422,159,32,2023-10-27
8314,14,59,263,53,2024-06-17
8315,21,78,411,12,2022-08-25
8316,25,277,270,43,2022-01-08
8317,15,403,364,51,2022-12-05
8318,18,11,152,13,2022-09-02
8319,1,329,-47,28,2022-03-19
8320,9,412,500,56,2022-11-30
8321,13,234,140,50,2023-06-20
8322,10,171,95,33,2025-10-10
8323,18,292,201,55,2023-01-19
8324,14,299,76,30,2022-11-15
8325,1,290,278,30,2025-05-10
8326,23,232,392,17,2022-09-20
8327,14,241,198,15,2024-01-14
8328,30,439,17,56,2023-06-26
8329,22,82,121,50,2024-06-18
8330,25,442,397,43,2022-09-09
8331,2,166,336,45,2022-10-06
8332,16,167,367,45,2025-09-29
8333,30,121,195,35,2024-09-25
8334,3,162,465,13,2023-09-08
8335,7,301,359,55,2025-04-12
8336,29,240,153,54,2025-05-05
8337,3,447,268,18,2025-07-13
8338,23,210,56,19,2022-04-13
8339,1,399,254,19,2025-01-20
8340,21,401,23,55,2024-04-01
8341,9,423,243,46,2024-05-27
8342,13,61,37,55,2024-04-18
8343,26,166,378,20,2025-06-02
8344,15,263,330,38,2025-01-19
8345,2,178,307,32,2023-02-10
8346,29,447,197,27,2025-08-27
8347,9,254,265,13,2025-06-01
8348,17,14,147,47,2022-05-04
8349,7,104,484,56,2022-09-11
8350,15,66666,49,35,2025-06-16
8351,4,328,469,51,2025-07-09
8352,1,396,289,34,2024-02-07
8353,7,410,99,40,2022-09-06
8354,19,12,92,23,2025-11-06
8355,5,92,257,28,2022-10-31
8356,20,184,445,25,2025-05-24
8357,21,206,146,52,2022-05-31
8358,7,154,241,30,2025-03-17
8359,21,371,466,25,2024-09-17
8360,2,123,267,46,2025-01-27
8361,13,152,231,32,2022-10-17
8362,20,247,22,43,2022-06-24
8363,30,376,328,56,2022-08-02
8364,11,232,469,37,2023-03-08
8365,14,287,258,33,2023-06-15
8366,16,41,85,40,2023-08-21
8367,14,17,78,53,2025-05-04
8368,3,397,3,36,2022-02-06
8369,15,158,157,47,2023-03-13
8370,20,448,337,13,2022-01-10
8371,9,323,374,49,2024-02-25
8372,2,370,380,32,2023-09-06
8373,24,193,356,37,2025-01-17
8374,20,299,330,13,2025-10-29
8375,22,312,382,58,2024-10-06
8376,27,309,269,31,2025-09-08
8377,27,128,221,51,2025-10-21
8378,27,398,352,50,2023-10-20
8379,17,245,392,52,2025-04-02
8380,10,391,329,18,2022-09-15
8381,27,289,341,40,2023-01-13
8382,23,184,414,12,2023-01-23
8383,14,401,280,29,2024-10-07
8384,10,289,167,51,2022-01-29
8385,5,13,471,57,2024-01-12
8386,3,170,69,52,2022-08-31
8387,29,363,494,31,2022-01-31
8388,20,203,298,40,2023-09-20
8389,13,441,226,49,2025-12-16
8390,18,442,193,38,2022-12-04
8391,9,275,309,11,2023-12-25
8392,2,351,44,10,2025-02-04
8393,16,298,280,34,2023-09-03
8394,3,217,96,52,2023-01-15
8395,21,12,445,21,2024-12-17
8396,13,352,222,30,2022-08-02
8397,11,291,388,28,2025-04-21
8398,13,40,12,13,2024-01-19
8399,5,402,362,58,2024-05-14
8400,28,150,209,52,2025-03-22
8401,6,69,358,28,2022-01-03
8402,9,325,2,34,2025-07-15
8403,23,30,118,39,2024-09-04
8404,28,385,265,56,2022-06-18
8405,27,334,293,51,2023-05-13
8406,4,450,179,17,2024-05-07
8407,10,197,243,48,2023-10-24
8408,14,30,34,36,2023-05-17
8409,18,380,20,52,2022-03-07
8410,9,246,427,60,2025-02-20
8411,13,316,237,11,2022-06-29
8412,13,44,324,36,2023-06-09
8413,27,435,244,46,2024-09-03
8414,8,321,471,52,2022-03-19
8415,28,152,75,40,2025-05-16
8416,5,324,149,57,2024-01-09
8417,29,339,305,31,2023-02-03
8418,3,317,315,37,2023-12-01
8419,17,93,170,11,2025-09-08
8420,3,204,-67,25,2025-08-29
8421,6,364,201,58,2024-01-19
8422,3,319,97,45,2024-02-21
8423,20,416,462,48,2023-06-21
8424,12,18,191,55,2022-01-20
8425,25,235,51,51,2025-09-02
8426,8,446,482,52,2022-08-22
8427,9,119,421,37,2024-09-22
8428,6,443,299,55,2022-12-21
8429,22,224,185,13,2024-07-16
8430,17,1,165,22,2023-01-18
8431,22,147,291,15,2023-11-14
8432,27,124,88,47,2024-05-31
8433,4,394,245,10,2025-03-20
8434,22,381,174,17,2023-07-08
8435,17,127,213,55,2025-03-12
8436,30,334,314,42,2025-12-18
8437,20,250,151,14,2022-10-18
8438,2,7,115,27,2024-08-05
8439,2,321,118,12,2024-08-22
8440,24,385,6,31,2023-11-15
8441,10,134,22,23,2025-07-24
8442,8,20,376,50,2022-08-03
8443,15,218,91,16,2022-03-19
8444,5,294,184,30,2022-02-26
8445,27,57,35,44,2022-05-28
8446,12,336,272,20,2022-07-15
8447,27,197,102,58,2023-12-03
8448,13,11,357,35,2024-01-02
8449,11,415,296,26,2022-09-22
8450,9,375,390,54,2025-05-25
8451,30,126,287,54,2024-10-05
8452,12,326,391,51,2025-12-24
8453,11,227,13,41,2024-05-31
8454,30,85,306,27,2022-04-20
8455,7,375,447,15,2022-10-11
8456,7,177,211,57,2022-03-09
8457,5,66666,131,16,2024-01-15
8458,14,345,370,52,2023-02-06
8459,11,150,279,51,2022-01-07
8460,1,252,76,24,2025-01-07
8461,6,284,459,11,2025-07-30
8462,13,327,375,38,2024-02-21
8463,7,257,334,36,2022-08-23
8464,3,103,253,49,2022-10-18
8465,6,22,377,43,2025-09-09
8466,27,185,267,42,2022-02-17
8467,30,416,336,58,2024-12-06
8468,25,291,204,41,2022-03-05
8469,2,255,496,24,2025-10-22
8470,8,71,489,43,2025-12-18
8471,8,271,1,40,2024-09-01
8472,13,212,321,39,2024-12-29
8473,6,398,271,35,2025-09-16
8474,21,239,132,32,2024-03-13
8475,30,203,296,14,2022-10-16
8476,27,13,29,56,2025-05-22
8477,17,261,384,34,2023-02-03
8478,2,249,303,47,2024-10-31
8479,26,306,460,57,2024-04-08
8480,9,405,246,53,2022-04-08
8481,23,317,25,54,2025-04-08
8482,25,27,299,25,2022-02-28
8483,18,357,158,54,2024-11-23
8484,29,383,321,18,2025-02-09
8485,14,244,309,18,2022-06-22
8486,16,199,197,55,2024-12-17
8487,3,415,422,45,2024-11-06
8488,22,238,208,49,2024-01-05
8489,26,328,5,39,2024-08-07
8490,13,13,472,15,2022-01-01
8491,12,427,475,54,2025-10-13
8492,17,4,218,11,2023-09-29
8493,26,156,223,53,2025-04-08
8494,6,331,27,32,2024-09-17
8495,6,94,89,42,2025-07-09
8496,13,365,142,42,2024-11-29
8497,29,132,91,37,2023-08-12
8498,18,84,383,47,2025-09-27
8499,25,124,416,48,2022-08-10
8500,4,322,-27,29,2024-03-19
8501,22,146,312,47,2022-10-08
8502,19,45,493,48,2023-09-01
8503,11,32,281,32,2024-01-21
8504,26,335,200,58,2024-11-13
8505,19,21,126,48,2022-09-23
8506,19,417,483,39,2024-10-18
8507,3,105,315,19,2024-12-25
8508,2,234,428,12,2023-02-07
8509,27,93,483,57,2022-12-06
8510,27,66666,97,52,2025-08-02
8511,6,121,66,60,2023-05-21
8512,26,374,343,35,2024-09-22
8513,7,221,31,40,2023-03-21
8514,18,6,157,35,2025-09-24
8515,16,344,373,15,2025-06-04
8516,30,38,485,37,2023-05-14
8517,15,140,263,53,2022-06-30
8518,5,383,197,22,2023-08-26
8519,24,56,179,46,2024-03-09
8520,11,308,277,46,2023-08-23
8521,22,405,207,36,2024-02-10
8522,17,331,184,22,2022-01-07
8523,30,232,-236,13,2024-04-28
8524,27,234,462,14,2022-11-05
8525,23,32,125,30,2025-09-01
8526,10,308,274,24,2023-04-09
8527,9,47,128,12,2024-01-09
8528,20,384,251,11,2023-06-11
8529,29,268,315,26,2022-01-27
8530,2,46,346,56,2022-02-28
8531,18,316,298,27,2024-10-25
8532,22,292,79,41,2022-04-28
8533,15,346,101,11,2024-03-30
8534,5,203,443,10,2023-03-12
8535,9,383,155,57,2022-05-12
8536,22,119,448,59,2023-12-29
8537,8,36,448,17,2023-10-24
8538,21,262,322,21,2024-05-04
8539,30,56,233,53,2022-10-19
8540,12,28,191,19,2024-04-02
8541,8,277,123,12,2024-03-11
8542,11,447,145,13,2024-04-19
8543,1,409,23,17,2024-03-29
8544,12,316,-401,13,2025-03-13
8545,16,276,369,30,2025-01-09
8546,10,354,95,25,2022-08-20
8547,22,427,217,24,2022-05-02
8548,26,275,405,54,2024-03-23
8549,27,446,251,22,2022-09-04
8550,16,397,483,37,2022-09-18
8551,10,440,391,22,2023-12-03
8552,8,67,445,14,2022-08-15
8553,24,251,192,45,2025-07-04
8554,20,8,259,60,2022-03-08
8555,21,350,344,40,2025-02-05
8556,2,89,170,56,2024-02-26
8557,7,111,22,26,2023-06-07
8558,15,87,433,43,2022-11-24
8559,8,383,460,17,2022-03-27
8560,24,325,252,44,2025-10-10
8561,25,390,388,29,2023-08-21
8562,22,393,383,50,2023-07-15
8563,5,380,56,14,2025-02-26
8564,26,318,233,54,2025-02-13
8565,24,421,400,22,2023-10-24
8566,9,9,492,26,2025-01-24
8567,23,340,53,48,2025-02-08
8568,20,125,248,10,2024-11-15
8569,28,142,239,53,2024-07-06
8570,2,447,10,29,2024-10-20
8571,28,172,276,52,2022-04-03
8572,25,320,478,39,2023-02-26
8573,26,68,189,33,2025-04-02
8574,8,250,329,41,2024-12-18
8575,14,377,101,48,2024-02-23
8576,11,66666,36,49,2023-07-15
8577,13,85,296,50,2024-11-27
8578,24,141,304,55,2024-03-15
8579,27,181,39,44,2022-11-12
8580,13,17,226,31,2023-05-17
8581,1,94,258,26,2023-06-15
8582,21,60,41,37,2022-05-26
8583,16,17,40,60,2025-04-04
8584,23,113,97,54,2024-06-10
8585,7,73,429,15,2022-12-21
8586,1,300,271,16,2024-10-03
8587,12,218,371,46,2024-10-19
8588,1,382,135,34,2023-06-26
8589,15,210,-196,28,2022-08-13
8590,3,388,392,55,2025-01-08
8591,17,196,-343,36,2022-08-26
8592,7,82,209,18,2025-07-24
8593,12,134,423,24,2023-12-18
8594,30,249,448,23,2024-08-18
8595,8,138,290,46,2024-03-22
8596,19,311,102,39,2024-06-20
8597,7,189,141,17,2022-07-15
8598,12,315,284,40,2025-06-18
8599,25,25,273,42,2023-03-27
8600,21,26,143,32,2024-09-10
8601,3,252,298,56,2025-11-22
8602,16,220,493,42,2022-03-31
8603,10,360,93,20,2025-11-08
8604,4,68,479,13,2023-01-13
8605,20,283,462,52,2023-01-02
8606,19,198,73,45,2022-02-27
8607,20,199,232,25,2023-04-16
8608,27,320,13,37,2023-02-03
8609,6,32,453,31,2025-08-22
8610,1,442,256,27,2022-09-07
8611,1,235,85,20,2022-01-11
8612,24,226,359,58,2024-09-01
8613,6,285,422,20,2025-06-05
8614,26,31,493,39,2022-06-06
8615,6,245,81,45,2024-10-05
8616,30,194,96,33,2024-05-07
8617,19,267,316,51,2022-01-17
8618,30,251,446,40,2023-06-08
8619,5,130,482,21,2024-04-09
8620,20,426,311,52,2024-05-22
8621,25,85,258,15,2023-12-17
8622,6,363,29,26,2022-11-18
8623,11,159,489,22,2023-02-08
8624,5,49,455,41,2025-08-11
8625,12,321,500,27,2023-05-12
8626,18,305,218,20,2023-09-15
8627,2,194,218,21,2024-01-04
8628,2,13,371,11,2022-06-06
8629,24,254,30,18,2024-01-12
8630,18,304,294,57,2024-02-12
8631,15,338,213,54,2025-05-01
8632,27,210,119,55,2024-10-30
8633,2,299,305,20,2022-10-21
8634,24,97,196,33,2025-09-24
8635,20,398,452,45,2025-05-27
8636,3,449,35,41,2024-02-08
8637,2,107,332,52,2024-05-12
8638,10,261,456,13,2022-10-08
8639,17,284,120,16,2022-12-30
8640,30,67,343,53,2025-10-27
8641,4,66666,356,60,2024-07-21
8642,15,84,4,33,2024-02-11
8643,1,66666,111,22,2023-06-30
8644,15,113,-476,47,2024-02-25
8645,21,327,33,21,2023-11-06
8646,14,253,392,51,2023-10-19
8647,12,448,112,35,2023-07-22
8648,11,189,417,28,2024-07-19
8649,24,285,361,21,2024-01-24
8650,15,438,20,10,2024-06-23
8651,11,85,75,35,2022-05-19
8652,4,444,8,22,2024-03-17
8653,9,422,354,40,2023-04-30
8654,23,24,53,19,2025-07-19
8655,6,46,164,18,2023-03-02
8656,15,316,478,45,2022-03-04
8657,19,363,184,30,2023-07-21
8658,26,41,33,15,2024-10-30
8659,25,188,240,49,2022-02-17
8660,1,280,79,49,2023-01-08
8661,16,10,346,13,2022-07-30
8662,8,95,79,29,2024-09-30
8663,23,272,468,35,2025-11-16
8664,30,189,-382,34,2024-07-09
8665,9,17,467,49,2025-06-07
8666,24,222,187,10,2024-09-17
8667,26,207,174,33,2025-02-22
8668,13,372,409,41,2022-06-10
8669,11,126,205,56,2023-02-22
8670,9,152,60,54,2023-11-30
8671,9,90,162,20,2024-02-18
8672,8,54,429,53,2025-05-09
8673,9,260,108,42,2022-06-22
8674,8,91,471,42,2025-04-04
8675,26,233,411,15,2025-04-11
8676,22,9,438,55,2023-02-10
8677,3,305,84,23,2023-06-14
8678,6,64,99,46,2024-04-07
8679,24,297,430,10,2025-01-06
8680,27,327,293,58,2025-04-14
8681,9,163,482,11,2022-02-15
8682,8,18,47,39,2025-05-05
8683,15,275,95,47,2024-02-15
8684,10,423,438,51,2025-04-09
8685,20,364,329,20,2023-08-17
8686,18,416,399,60,2024-12-13
8687,9,413,275,12,2024-05-05
8688,24,38,131,13,2024-06-02
8689,23,167,268,54,2025-03-17
8690,2,172,113,44,2022-08-02
8691,22,217,299,52,2024-07-01
8692,5,232,301,27,2024-11-12
8693,15,431,493,45,2023-01-20
8694,28,52,392,48,2023-05-13
8695,4,74,400,55,2023-06-02
8696,26,129,288,54,2024-04-21
8697,21,68,151,19,2025-09-28
8698,16,154,321,58,2022-04-10
8699,6,129,98,31,2024-12-27
8700,2,102,22,47,2025-02-24
8701,27,103,304,36,2023-03-08
8702,28,174,83,39,2024-03-08
8703,7,42,494,31,2023-02-12
8704,16,238,134,28,2025-03-12
8705,27,43,310,45,2022-03-08
8706,14,14,29,48,2023-02-14
8707,27,368,223,36,2024-02-05
8708,16,402,97,40,2023-06-08
8709,30,302,40,10,2025-03-12
8710,10,449,164,23,2022-04-18
8711,3,197,234,19,2024-07-21
8712,13,305,294,29,2023-12-18
8713,13,269,6,14,2022-07-07
8714,26,49,463,29,2022-06-21
8715,19,117,380,21,2023-06-24
8716,7,10,247,32,2025-11-07
8717,7,190,4,55,2024-11-15
8718,15,48,24,39,2023-07-10
8719,8,405,395,53,2024-05-19
8720,27,202,89,18,2022-08-02
8721,10,236,163,29,2025-02-27
8722,20,77,74,14,2022-07-28
8723,27,445,59,46,2023-01-14
8724,7,124,56,35,2025-07-15
8725,25,207,453,56,2022-09-01
8726,29,230,438,41,2025-02-26
8727,20,80,387,39,2022-10-24
8728,8,25,294,53,2024-05-19
8729,25,313,86,59,2025-01-24
8730,25,196,350,21,2024-01-22
8731,22,175,300,34,2022-05-05
8732,6,36,134,12,2022-08-18
8733,29,394,251,13,2023-11-10
8734,28,257,342,28,2024-08-04
8735,29,302,142,26,2023-05-26
8736,30,247,245,22,2024-06-01
8737,15,383,465,43,2023-09-17
8738,3,20,111,28,2024-01-06
8739,18,311,364,30,2025-11-30
8740,30,212,-314,50,2024-10-10
8741,15,184,94,54,2025-05-14
8742,19,56,244,34,2025-04-24
8743,13,345,133,57,2023-11-02
8744,16,66666,227,31,2025-07-11
8745,13,334,376,18,2025-12-28
8746,7,11,189,24,2022-09-19
8747,12,170,12,54,2023-03-22
8748,1,386,163,48,2022-06-19
8749,5,34,485,31,2023-09-15
8750,21,59,444,32,2023-04-19
8751,19,18,465,14,2025-12-09
8752,9,3,236,23,2024-05-31
8753,25,356,474,25,2022-10-12
8754,14,408,322,46,2025-06-24
8755,13,6,188,25,2023-10-19
8756,26,134,267,19,2025-11-22
8757,16,431,197,41,2023-09-30
8758,30,163,449,47,2023-08-13
8759,7,290,9,14,2023-12-09
8760,13,136,91,16,2025-05-21
8761,4,393,171,55,2025-09-11
8762,23,327,0,41,2025-10-11
8763,24,405,487,59,2024-01-05
8764,21,222,204,19,2023-11-27
8765,18,402,132,11,2024-07-28
8766,24,419,399,36,2023-03-15
8767,20,180,460,30,2025-08-19
8768,21,241,378,19,2025-08-21
8769,16,90,364,33,2024-12-17
8770,16,450,422,31,2023-05-09
8771,19,91,478,16,2022-06-02
8772,7,2,356,43,2023-05-21
8773,16,277,386,47,2025-02-16
8774,8,68,116,36,2025-02-10
8775,16,72,164,60,2024-08-10
8776,4,81,261,55,2023-01-24
8777,4,66666,298,19,2025-09-19
8778,27,136,247,55,2022-09-26
8779,24,230,448,16,2024-12-17
8780,6,114,190,39,2022-05-28
8781,27,317,417,59,2025-11-14
8782,16,34,0,56,2023-03-31
8783,12,245,132,25,2024-02-27
8784,27,184,12,15,2025-01-18
8785,10,294,134,17,2023-05-25
8786,11,436,247,24,2022-06-05
8787,11,215,335,26,2025-07-20
8788,24,162,170,21,2023-08-23
8789,30,438,228,38,2022-01-10
8790,10,322,360,58,2023-10-24
8791,6,82,33,13,2023-06-11
8792,10,228,369,30,2025-11-20
8793,25,208,500,24,2024-06-26
8794,8,158,213,21,2022-11-28
8795,19,140,154,25,2022-10-24
8796,29,382,274,47,2025-10-27
8797,4,33,106,47,2022-09-23
8798,27,35,340,15,2023-04-22
8799,7,264,432,25,2024-07-01
8800,2,203,479,34,2024-06-23
8801,15,425,82,34,2025-10-15
8802,15,64,49,54,2023-11-15
8803,30,196,348,30,2024-02-12
8804,1,133,458,23,2024-08-19
8805,21,22,308,51,2023-02-28
8806,26,189,166,14,2023-03-28
8807,6,341,442,44,2022-07-23
8808,5,409,293,57,2023-12-22
8809,13,263,202,17,2023-05-15
8810,11,199,413,17,2025-12-26
8811,4,20,271,45,2024-09-26
8812,25,254,97,39,2024-11-23
8813,15,235,481,49,2024-09-24
8814,19,422,167,15,2024-09-17
8815,6,399,358,41,2022-06-30
8816,21,246,217,49,2022-05-27
8817,17,322,373,21,2024-09-22
8818,17,61,491,29,2022-06-13
8819,19,115,490,19,2025-05-27
8820,15,282,-197,44,2022-09-20
8821,9,161,263,50,2023-01-24
8822,10,410,380,45,2025-05-11
8823,22,163,13,15,2025-11-18
8824,10,430,419,25,2023-01-29
8825,17,180,51,50,2022-03-11
8826,12,289,236,41,2025-04-25
8827,27,46,310,26,2023-01-04
8828,26,167,149,14,2022-12-24
8829,13,106,62,58,2023-10-03
8830,3,363,276,57,2022-09-05
8831,5,140,453,38,2022-05-15
8832,7,367,491,57,2023-12-28
8833,19,209,213,43,2025-07-21
8834,15,99,301,12,2024-12-31
8835,22,436,205,32,2022-12-02
8836,4,409,111,10,2023-10-11
8837,11,431,280,45,2024-03-12
8838,13,311,452,58,2022-04-21
8839,15,179,278,55,2022-12-31
8840,3,247,136,21,2023-12-30
8841,15,154,233,20,2024-03-21
8842,14,400,437,23,2023-01-19
8843,16,307,353,55,2025-06-01
8844,1,328,247,16,2022-12-08
8845,7,191,161,49,2023-12-25
8846,5,144,104,16,2022-09-22
8847,7,364,428,28,2023-08-30
8848,24,429,393,17,2023-06-10
8849,24,407,452,12,2022-06-19
8850,24,12,373,29,2024-09-10
8851,24,167,298,24,2025-10-10
8852,16,375,116,45,2023-04-19
8853,9,239,149,58,2024-12-19
8854,8,400,19,28,2024-10-11
8855,4,392,317,24,2022-02-15
8856,3,198,441,18,2022-08-20
8857,3,344,217,42,2022-08-20
8858,16,22,205,57,2023-08-24
8859,18,226,118,32,2023-03-18
8860,23,377,-170,13,2022-06-12
8861,16,233,45,40,2023-08-23
8862,27,409,339,11,2023-08-02
8863,17,375,499,19,2024-12-24
8864,14,331,22,11,2024-02-02
8865,6,424,318,29,2024-07-04
8866,20,107,330,10,2022-05-28
8867,24,75,67,26,2022-07-05
8868,11,229,343,11,2023-07-03
8869,3,298,171,52,2022-04-05
8870,2,350,8,33,2024-05-17
8871,29,155,71,49,2022-07-06
8872,13,20,264,21,2025-07-08
8873,20,308,427,41,2024-02-21
8874,14,37,298,19,2025-03-18
8875,16,146,236,48,2022-05-23
8876,27,385,383,30,2025-04-23
8877,12,276,156,52,2022-06-07
8878,1,168,340,35,2024-12-22
8879,10,337,319,16,2022-11-23
8880,24,161,2,59,2025-12-13
8881,20,319,346,23,2024-05-26
8882,10,203,160,54,2022-10-18
8883,15,81,390,52,2025-11-20
8884,27,87,301,49,2024-12-11
8885,21,188,301,14,2022-04-04
8886,16,49,205,42,2025-04-30
8887,19,334,162,13,2023-05-03
8888,22,186,263,47,2022-02-09
8889,12,159,235,34,2025-03-22
8890,30,63,422,16,2025-08-07
8891,9,291,427,60,2024-03-02
8892,17,349,-263,20,2022-08-01
8893,18,116,280,41,2022-07-19
8894,25,419,500,49,2025-06-05
8895,30,415,490,39,2023-09-10
8896,5,440,169,10,2024-10-02
8897,12,224,455,47,2023-03-19
8898,15,292,452,47,2024-11-22
8899,12,251,20,29,2022-12-12
8900,16,83,470,35,2024-07-17
8901,1,407,385,45,2024-10-30
8902,6,174,42,55,2024-11-10
8903,4,53,32,19,2022-10-16
8904,27,347,76,59,2024-04-13
8905,3,284,332,36,2022-10-05
8906,22,337,290,19,2024-01-30
8907,17,311,488,48,2023-01-19
8908,12,87,128,25,2024-09-06
8909,19,10,156,16,2023-03-23
8910,29,101,162,29,2025-12-28
8911,21,362,75,45,2023-09-07
8912,15,387,116,40,2023-01-19
8913,6,401,411,37,2022-02-16
8914,14,437,480,55,2024-12-18
8915,21,42,171,19,2023-01-05
8916,14,302,218,28,2022-01-01
8917,16,98,20,34,2025-07-30
8918,4,365,166,50,2024-06-22
8919,3,24,109,56,2022-02-11
8920,4,359,121,17,2022-03-01
8921,21,16,150,16,2022-01-24
8922,5,149,402,14,2022-04-25
8923,6,30,488,12,2024-02-16
8924,24,174,203,14,2022-02-07
8925,28,386,483,45,2022-08-16
8926,22,230,127,16,2022-11-16
8927,25,56,160,26,2024-03-09
8928,2,122,261,55,2022-11-28
8929,23,362,245,20,2023-06-06
8930,24,95,212,10,2023-04-20
8931,21,245,41,34,2025-11-15
8932,25,438,500,55,2022-05-14
8933,4,56,282,41,2023-09-24
8934,19,128,269,32,2024-12-17
8935,15,267,364,22,2025-05-18
8936,29,300,229,31,2024-01-03
8937,15,294,331,58,2025-08-07
8938,25,302,445,55,2025-12-30
8939,28,422,136,19,2024-02-02
8940,11,176,80,39,2024-05-17
8941,20,344,362,32,2025-02-10
8942,22,79,399,44,2024-01-07
8943,14,5,359,24,2023-05-08
8944,6,205,489,28,2022-02-03
8945,17,99,197,59,2023-09-25
8946,7,206,459,47,2024-07-16
8947,3,262,81,27,2023-06-06
8948,19,34,427,18,2023-09-09
8949,11,301,111,47,2024-04-30
8950,10,288,155,25,2025-10-20
8951,1,360,331,45,2024-10-21
8952,22,226,434,54,2023-04-17
8953,5,398,10,31,2022-05-20
8954,6,222,212,33,2022-01-16
8955,9,227,285,15,2022-10-25
8956,9,317,273,52,2023-09-02
8957,5,430,251,44,2024-12-14
8958,14,161,336,23,2022-05-19
8959,16,241,144,54,2024-01-09
8960,19,245,45,23,2024-01-16
8961,2,378,362,23,2024-01-23
8962,9,30,208,32,2022-03-09
8963,22,303,421,16,2023-07-27
8964,3,184,484,52,2023-07-27
8965,15,397,496,19,2023-07-01
8966,14,26,80,48,2022-03-10
8967,18,117,40,38,2023-06-28
8968,3,330,274,23,2025-06-12
8969,11,326,383,12,2025-03-18
8970,24,377,121,15,2025-02-27
8971,8,294,354,17,2025-08-02
8972,18,77,109,51,2023-06-20
8973,19,367,366,58,2025-09-04
8974,13,375,-273,22,2025-11-28
8975,4,176,153,39,2024-02-11
8976,9,130,190,39,2025-02-17
8977,9,16,101,29,2023-07-30
8978,8,240,80,18,2023-12-15
8979,22,344,445,47,2022-10-03
8980,1,166,334,16,2025-07-17
8981,13,231,101,23,2024-05-08
8982,27,397,209,34,2023-01-16
8983,17,147,497,56,2025-01-31
8984,26,94,326,47,2022-07-30
8985,2,182,27,48,2023-06-06
8986,6,87,150,32,2023-08-04
8987,10,431,176,25,2023-02-04
8988,30,171,50,23,2024-12-08
8989,13,149,404,19,2024-12-20
8990,20,38,196,22,2024-01-02
8991,13,366,142,36,2023-06-13
8992,19,167,175,20,2022-10-03
8993,23,66666,-128,48,2023-11-20
8994,15,266,467,18,2024-04-26
8995,5,87,19,45,2022-10-08
8996,26,225,170,54,2022-07-15
8997,25,339,443,15,2022-09-04
8998,27,238,158,23,2023-05-01
8999,28,120,104,60,2022-01-31
9000,25,447,332,23,2022-12-19
9001,23,383,404,58,2023-12-20
9002,4,115,176,13,2023-11-27
9003,12,445,381,51,2023-01-19
9004,24,324,103,22,2023-10-22
9005,3,76,464,27,2025-02-06
9006,30,361,404,10,2023-11-10
9007,26,81,269,47,2025-09-08
9008,27,66666,478,12,2025-01-27
9009,15,110,425,12,2025-06-12
9010,11,377,482,59,2024-03-26
9011,24,412,11,49,2023-06-05
9012,30,135,493,49,2024-01-31
9013,23,406,23,11,2025-03-20
9014,5,1,29,47,2023-02-13
9015,1,365,442,38,2023-01-24
9016,27,200,189,51,2022-10-05
9017,8,309,313,10,2024-11-18
9018,24,355,74,35,2025-11-23
9019,3,222,113,24,2023-06-06
9020,11,83,394,59,2023-05-08
9021,3,206,190,40,2024-05-30
9022,19,103,51,49,2025-02-21
9023,7,139,47,35,2024-10-30
9024,14,157,357,59,2025-04-02
9025,5,3,269,39,2024-07-13
9026,6,409,24,39,2023-11-09
9027,24,293,314,26,2024-09-26
9028,23,70,239,24,2022-08-26
9029,2,394,352,12,2022-12-29
9030,11,347,411,26,2024-09-10
9031,8,136,174,34,2025-05-29
9032,22,73,412,56,2022-07-14
9033,28,6,61,60,2022-12-07
9034,13,121,104,28,2022-09-15
9035,29,269,221,43,2022-10-30
9036,29,164,95,46,2024-08-30
9037,3,128,180,25,2023-01-03
9038,5,370,397,25,2024-06-19
9039,27,223,197,32,2025-11-02
9040,1,216,162,39,2025-03-29
9041,15,13,82,33,2022-07-25
9042,1,415,372,48,2022-08-08
9043,2,4,283,32,2024-04-14
9044,29,17,359,26,2025-05-04
9045,1,259,298,15,2025-05-24
9046,9,66666,462,53,2024-02-19
9047,17,46,364,60,2023-08-10
9048,30,248,415,37,2024-01-25
9049,7,70,200,43,2025-09-05
9050,26,195,227,44,2022-11-28
9051,18,371,377,10,2025-09-20
9052,18,128,356,41,2024-03-14
9053,15,360,416,31,2024-02-01
9054,26,72,103,31,2023-02-17
9055,24,359,153,34,2023-01-14
9056,21,210,148,49,2022-01-26
9057,7,326,92,60,2023-06-20
9058,27,355,90,48,2024-11-24
9059,25,414,362,51,2023-12-05
9060,7,44,356,60,2025-09-15
9061,10,188,321,28,2025-01-20
9062,3,96,415,49,2023-08-01
9063,29,102,9,45,2025-01-30
9064,17,47,18,23,2023-03-31
9065,6,163,294,46,2024-03-15
9066,24,93,35,38,2025-12-16
9067,17,436,427,51,2025-08-17
9068,5,8,84,15,2023-04-06
9069,25,105,448,11,2023-09-30
9070,14,420,210,33,2022-03-20
9071,4,337,108,13,2024-04-24
9072,12,160,146,30,2024-03-01
9073,24,264,121,55,2022-04-19
9074,16,132,461,57,2023-11-21
9075,12,65,278,57,2024-04-18
9076,12,157,52,50,2024-11-02
9077,26,110,145,55,2023-01-24
9078,5,231,367,26,2022-09-14
9079,20,424,95,49,2022-07-25
9080,8,417,50,33,2022-05-24
9081,22,135,434,43,2025-10-07
9082,6,369,66,55,2023-10-29
9083,2,240,98,22,2025-11-26
9084,24,435,447,57,2022-06-27
9085,17,363,452,27,2023-12-27
9086,21,227,277,22,2024-06-09
9087,5,361,373,31,2022-08-06
9088,23,431,130,21,2024-11-29
9089,22,177,400,30,2022-10-23
9090,8,217,76,51,2023-07-11
9091,14,68,157,44,2022-04-19
9092,4,339,256,18,2023-03-04
9093,28,254,112,14,2025-05-31
9094,23,408,14,34,2024-03-06
9095,13,119,348,37,2023-09-02
9096,12,227,265,43,2023-01-03
9097,28,205,264,28,2025-10-01
9098,18,345,66,47,2025-06-24
9099,24,190,358,45,2024-05-02
9100,20,92,498,53,2023-11-18
9101,30,108,25,15,2023-03-26
9102,11,250,333,31,2024-01-26
9103,8,86,82,55,2022-10-19
9104,18,164,321,53,2023-12-01
9105,9,107,234,51,2024-10-16
9106,13,120,200,18,2025-03-05
9107,27,444,268,40,2025-12-15
9108,17,285,176,48,2025-04-12
9109,26,359,188,39,2024-09-18
9110,15,365,165,49,2022-04-04
9111,10,76,489,50,2023-06-30
9112,14,397,207,28,2022-01-16
9113,26,96,207,60,2025-11-09
9114,9,169,302,18,2022-08-01
9115,18,59,144,53,2023-05-09
9116,17,344,112,44,2024-03-13
9117,3,132,157,18,2024-07-03
9118,7,324,121,51,2025-10-21
9119,17,324,47,37,2024-10-29
9120,11,178,350,13,2024-03-30
9121,7,351,486,41,2024-03-31
9122,30,29,402,15,2025-08-18
9123,25,154,62,38,2022-10-01
9124,5,362,498,22,2025-09-08
9125,17,154,227,17,2023-01-24
9126,27,206,308,18,2024-01-24
9127,25,437,-331,21,2024-12-05
9128,12,332,284,39,2022-07-08
9129,6,151,444,60,2025-07-27
9130,8,354,151,33,2022-07-06
9131,22,72,439,46,2025-07-23
9132,3,167,54,46,2022-01-02
9133,19,450,142,20,2025-07-17
9134,24,16,444,56,2025-07-29
9135,2,199,192,55,2024-02-23
9136,11,390,330,10,2025-08-12
9137,16,209,230,59,2023-02-16
9138,30,370,262,18,2022-01-08
9139,28,244,151,48,2022-11-12
9140,11,318,420,23,2024-08-30
9141,16,185,145,40,2025-02-12
9142,17,387,139,36,2023-05-05
9143,26,61,96,25,2022-06-11
9144,20,274,217,18,2023-02-17
9145,22,102,332,38,2022-12-17
9146,6,31,406,35,2023-12-03
9147,20,66666,6,10,2023-05-29
9148,17,212,298,18,2024-05-08
9149,24,102,29,18,2023-04-22
9150,29,357,250,16,2024-11-24
9151,14,310,458,34,2022-11-04
9152,5,151,277,18,2025-08-30
9153,27,332,361,32,2023-12-29
9154,30,349,182,33,2022-10-16
9155,6,397,296,14,2022-07-15
9156,12,395,170,52,2023-05-22
9157,22,269,409,25,2024-01-19
9158,19,258,419,38,2022-10-20
9159,29,184,281,27,2025-03-04
9160,2,270,427,27,2022-04-09
9161,17,123,32,21,2023-04-27
9162,3,22,206,15,2023-03-24
9163,30,433,223,10,2022-04-13
9164,6,293,-11,51,2023-12-12
9165,6,372,110,37,2024-10-01
9166,29,182,213,38,2022-02-07
9167,18,81,339,12,2023-04-16
9168,3,287,200,22,2022-06-25
9169,5,276,236,44,2023-05-06
9170,17,114,170,39,2023-02-24
9171,8,385,184,11,2024-06-15
9172,11,443,184,25,2023-08-08
9173,6,98,388,31,2023-09-28
9174,29,314,256,43,2022-07-29
9175,15,357,266,24,2024-02-15
9176,21,152,378,56,2025-12-01
9177,13,368,160,27,2022-10-28
9178,17,407,8,46,2025-07-10
9179,30,103,142,35,2024-03-23
9180,22,134,303,13,2025-04-18
9181,11,441,104,33,2023-03-06
9182,13,431,213,47,2024-08-02
9183,17,450,123,18,2024-11-08
9184,21,422,472,22,2022-10-24
9185,11,328,49,17,2024-03-28
9186,10,39,122,58,2022-05-02
9187,5,235,425,56,2022-06-17
9188,20,1,201,44,2022-02-26
9189,12,74,261,21,2025-03-17
9190,20,100,77,14,2025-03-06
9191,25,55,371,57,2024-08-10
9192,14,112,-165,45,2022-02-12
9193,13,16,270,43,2022-04-14
9194,12,359,426,24,2024-04-03
9195,16,435,280,11,2024-01-26
9196,4,309,288,44,2022-07-02
9197,24,445,66,25,2025-02-03
9198,27,135,69,15,2022-03-27
9199,14,288,368,51,2025-07-14
9200,27,157,242,32,2023-11-23
9201,19,262,291,23,2024-04-02
9202,17,67,99,50,2023-04-15
9203,10,263,259,34,2024-03-12
9204,14,63,72,28,2023-04-08
9205,5,355,107,19,2022-01-08
9206,12,31,327,16,2025-11-15
9207,13,277,92,32,2024-08-04
9208,11,413,76,47,2022-05-30
9209,16,192,290,40,2024-04-10
9210,14,376,479,45,2023-09-06
9211,4,228,279,27,2024-01-15
9212,26,215,87,32,2022-03-05
9213,23,157,104,10,2025-08-10
9214,24,111,414,35,2024-05-08
9215,11,96,500,44,2022-07-21
9216,25,125,493,53,2025-04-19
9217,5,329,104,58,2024-05-18
9218,1,296,25,27,2025-05-14
9219,16,242,462,49,2025-05-25
9220,1,385,66,12,2024-01-04
9221,27,229,48,58,2023-08-16
9222,19,263,265,23,2022-09-20
9223,10,409,466,35,2025-05-22
9224,9,111,130,45,2023-05-08
9225,27,350,435,57,2022-03-13
9226,15,232,45,47,2024-03-29
9227,5,113,180,60,2024-06-19
9228,19,30,268,45,2025-04-12
9229,27,246,335,46,2025-02-27
9230,6,14,146,26,2024-12-27
9231,6,10,382,19,2024-12-24
9232,25,418,442,40,2025-07-09
9233,24,430,442,50,2024-04-14
9234,23,326,398,49,2023-10-07
9235,21,257,270,35,2022-09-27
9236,8,312,64,39,2022-12-06
9237,6,136,338,28,2022-03-15
9238,17,265,46,21,2023-05-30
9239,17,175,452,47,2022-12-16
9240,30,20,118,59,2024-02-17
9241,24,164,333,40,2023-09-21
9242,9,219,220,36,2022-11-27
9243,25,324,209,46,2023-07-11
9244,22,30,248,51,2022-09-20
9245,17,6,438,58,2024-10-19
9246,5,166,290,39,2025-01-08
9247,21,388,18,51,2023-04-22
9248,9,192,284,36,2025-08-21
9249,30,131,148,10,2025-11-04
9250,18,281,151,34,2025-06-21
9251,30,311,284,20,2025-10-14
9252,10,132,292,29,2023-08-11
9253,26,404,192,10,2022-08-25
9254,11,439,97,33,2024-04-26
9255,3,150,289,38,2024-04-04
9256,11,217,159,46,2022-01-09
9257,15,288,351,57,2022-12-11
9258,2,262,344,12,2022-09-26
9259,4,58,483,23,2023-09-01
9260,1,238,460,60,2024-02-17
9261,22,87,48,14,2024-06-09
9262,15,77,210,23,2023-09-25
9263,27,423,277,14,2023-08-31
9264,20,167,71,42,2022-03-17
9265,11,236,9,45,2025-10-16
9266,2,105,349,22,2025-11-07
9267,11,280,399,14,2023-02-04
9268,22,44,207,49,2024-01-20
9269,10,111,-45,21,2024-07-04
9270,28,47,246,56,2022-01-25
9271,25,401,0,22,2025-08-18
9272,12,280,462,39,2023-07-25
9273,3,6,94,49,2022-06-10
9274,10,448,421,44,2024-01-14
9275,22,396,440,37,2025-09-22
9276,12,370,391,23,2025-06-14
9277,30,323,345,34,2022-04-14
9278,28,135,237,35,2024-09-01
9279,13,214,263,28,2022-10-23
9280,21,75,87,20,2023-08-12
9281,5,291,209,50,2022-12-22
9282,15,150,465,59,2022-04-29
9283,22,138,171,26,2025-04-01
9284,5,19,337,50,2024-03-11
9285,10,198,32,40,2025-05-11
9286,23,193,443,12,2025-01-21
9287,3,93,192,57,2022-09-26
9288,24,304,441,35,2025-11-27
9289,15,148,14,29,2022-10-22
9290,23,98,499,50,2023-12-24
9291,15,304,460,46,2023-11-28
9292,19,366,249,38,2022-01-31
9293,12,247,151,59,2023-08-15
9294,22,193,345,12,2023-03-23
9295,16,12,342,26,2022-03-05
9296,5,106,41,18,2022-01-12
9297,5,29,34,60,2024-12-07
9298,29,373,411,38,2022-04-07
9299,27,252,440,29,2022-09-17
9300,7,315,-91,32,2022-03-18
9301,5,308,458,35,2023-05-11
9302,22,150,245,20,2024-05-02
9303,4,116,124,51,2025-08-21
9304,30,205,369,24,2024-04-23
9305,28,32,313,46,2025-12-06
9306,29,82,54,39,2025-08-16
9307,16,325,245,40,2022-07-23
9308,28,194,413,13,2023-06-27
9309,1,316,496,24,2024-04-08
9310,19,13,53,22,2025-08-17
9311,22,185,310,39,2023-11-04
9312,25,95,210,21,2023-03-07
9313,23,440,112,48,2023-01-16
9314,1,418,438,56,2022-02-20
9315,2,162,366,32,2024-05-25
9316,12,97,122,41,2025-04-21
9317,17,440,127,51,2025-11-05
9318,21,364,46,50,2025-04-18
9319,22,399,241,18,2022-06-20
9320,13,169,364,38,2024-10-02
9321,12,225,256,42,2022-03-16
9322,5,281,247,59,2023-03-08
9323,29,377,459,36,2022-07-05
9324,16,308,211,25,2022-11-27
9325,12,279,58,58,2023-06-30
9326,27,149,100,10,2022-07-05
9327,21,317,462,50,2022-02-20
9328,24,107,252,27,2024-07-14
9329,22,334,495,58,2023-04-09
9330,7,140,93,40,2025-09-29
9331,10,80,423,48,2023-02-23
9332,29,128,495,55,2023-10-26
9333,23,263,154,32,2022-08-04
9334,19,185,185,10,2025-11-26
9335,6,176,198,57,2024-05-31
9336,28,232,50,22,2024-11-16
9337,4,313,406,23,2022-08-01
9338,7,153,14,33,2024-01-31
9339,24,328,302,46,2025-01-30
9340,9,74,77,40,2025-08-10
9341,20,218,307,28,2025-04-01
9342,18,197,357,47,2024-04-08
9343,15,170,245,20,2022-09-27
9344,2,51,496,33,2025-08-15
9345,28,424,380,12,2022-09-12
9346,29,264,444,46,2025-02-22
9347,27,261,77,41,2025-05-03
9348,14,436,373,17,2025-03-05
9349,23,292,423,19,2023-09-19
9350,14,240,228,53,2022-04-24
9351,4,138,387,17,2022-06-01
9352,24,134,356,10,2022-06-21
9353,26,175,164,54,2022-03-08
9354,27,295,127,53,2022-09-01
9355,26,274,470,16,2025-01-24
9356,25,84,209,24,2024-10-18
9357,18,102,405,55,2025-07-26
9358,4,369,316,38,2022-06-20
9359,17,384,345,35,2024-02-17
9360,11,120,327,57,2023-10-02
9361,23,299,431,53,2023-03-04
9362,28,297,33,38,2023-05-17
9363,6,56,133,49,2022-02-25
9364,12,140,283,33,2025-01-13
9365,13,153,410,39,2025-08-17
9366,26,325,263,45,2024-09-26
9367,3,61,68,33,2022-06-23
9368,17,346,311,13,2022-08-11
9369,6,109,378,31,2025-04-29
9370,18,235,210,47,2024-10-23
9371,22,15,450,14,2022-02-07
9372,22,98,421,16,2022-02-05
9373,10,326,212,15,2022-02-27
9374,19,394,373,37,2025-05-25
9375,25,312,55,18,2022-07-30
9376,24,212,11,29,2025-07-28
9377,3,72,109,48,2023-04-10
9378,11,42,403,52,2024-02-12
9379,11,336,136,57,2023-06-26
9380,25,407,245,28,2023-03-05
9381,29,109,217,26,2022-11-16
9382,14,278,13,40,2023-04-14
9383,26,259,226,25,2025-08-19
9384,15,384,71,18,2023-08-09
9385,7,132,132,43,2024-09-28
9386,14,450,341,54,2025-11-04
9387,3,59,39,37,2024-01-08
9388,9,112,187,28,2024-03-23
9389,4,304,67,14,2025-07-01
9390,29,323,306,30,2024-10-06
9391,1,199,24,45,2022-08-21
9392,2,6,251,23,2023-11-11
9393,10,273,148,48,2023-04-25
9394,23,107,21,19,2024-05-19
9395,19,222,130,57,2025-03-06
9396,23,14,82,40,2024-10-11
9397,19,225,54,25,2022-07-19
9398,21,185,125,44,2022-12-10
9399,6,444,497,37,2022-10-22
9400,17,166,28,19,2022-03-25
9401,21,70,247,26,2022-12-14
9402,17,445,71,17,2024-02-25
9403,22,143,278,43,2025-09-07
9404,25,417,385,32,2023-04-11
9405,4,449,331,36,2024-01-29
9406,28,123,119,44,2024-12-12
9407,27,436,325,47,2023-04-07
9408,1,12,499,15,2025-04-26
9409,28,82,379,36,2024-12-19
9410,3,260,0,28,2024-04-01
9411,26,321,323,54,2022-08-31
9412,11,258,263,14,2023-09-26
9413,25,143,413,35,2022-01-20
9414,11,337,491,27,2022-02-10
9415,15,342,483,46,2024-03-14
9416,9,193,32,59,2025-07-27
9417,8,75,457,15,2022-06-15
9418,19,329,329,13,2025-01-27
9419,18,258,215,26,2023-07-11
9420,18,69,47,34,2024-08-10
9421,8,353,289,43,2022-03-24
9422,13,158,435,37,2022-08-24
9423,3,432,401,50,2025-02-01
9424,12,89,123,42,2023-01-09
9425,30,220,476,22,2023-02-12
9426,5,208,117,18,2025-05-02
9427,28,445,4,40,2025-01-07
9428,23,52,65,57,2023-11-15
9429,28,220,386,27,2023-04-13
9430,9,14,108,21,2023-01-31
9431,3,395,285,49,2022-06-25
9432,30,153,7,16,2022-05-10
9433,3,342,309,34,2023-03-24
9434,22,277,468,38,2023-10-04
9435,7,4,347,51,2023-02-03
9436,16,427,485,13,2023-10-12
9437,7,338,157,50,2025-08-17
9438,6,300,7,12,2022-12-24
9439,28,368,446,48,2022-09-12
9440,3,306,175,25,2023-11-19
9441,12,20,333,31,2023-01-21
9442,15,35,400,52,2024-02-07
9443,14,117,184,28,2025-09-29
9444,28,65,361,33,2022-04-16
9445,9,255,373,24,2024-12-05
9446,30,354,372,57,2024-10-23
9447,2,425,419,21,2022-07-22
9448,27,305,411,25,2023-09-22
9449,21,90,175,11,2023-08-13
9450,24,441,157,53,2025-06-25
9451,20,162,228,35,2023-08-06
9452,11,409,455,50,2022-03-10
9453,5,223,283,50,2023-02-22
9454,5,265,377,56,2024-03-28
9455,15,404,149,41,2025-07-31
9456,8,382,494,50,2025-01-13
9457,20,324,263,37,2025-05-20
9458,10,320,397,54,2022-12-12
9459,14,87,284,25,2025-05-22
9460,3,412,63,21,2024-04-25
9461,23,99,253,49,2022-05-29
9462,27,41,495,39,2023-10-27
9463,17,258,308,46,2025-09-11
9464,21,425,303,36,2025-09-24
9465,8,281,452,28,2024-03-27
9466,26,76,25,30,2025-12-20
9467,15,419,470,24,2023-03-16
9468,9,267,456,44,2025-08-27
9469,4,383,171,37,2022-08-31
9470,11,315,204,35,2024-01-13
9471,15,305,279,26,2024-06-25
9472,4,323,122,30,2022-11-10
9473,20,422,25,26,2023-02-09
9474,26,429,175,46,2024-03-13
9475,22,387,128,34,2023-10-19
9476,1,410,273,15,2022-07-15
9477,30,301,151,20,2024-06-03
9478,24,444,166,60,2025-12-08
9479,7,249,129,36,2024-09-06
9480,8,135,243,59,2022-11-22
9481,16,399,120,31,2024-01-12
9482,9,273,455,39,2025-12-14
9483,20,189,306,49,2025-12-29
9484,20,287,340,52,2025-11-09
9485,25,220,89,43,2025-02-03
9486,21,66666,327,38,2025-09-13
9487,13,447,246,50,2022-05-26
9488,14,12,432,31,2025-11-22
9489,8,10,463,42,2025-04-30
9490,12,104,335,60,2024-06-21
9491,26,125,424,18,2025-02-12
9492,19,224,276,14,2025-05-07
9493,12,230,109,17,2023-01-19
9494,13,329,150,22,2025-09-18
9495,6,425,184,59,2024-10-13
9496,22,174,80,12,2023-06-27
9497,18,218,315,48,2024-03-15
9498,18,248,384,42,2024-09-03
9499,22,293,287,56,2022-05-18
9500,6,3,110,18,2022-07-30
9501,14,238,22,41,2025-02-06
9502,10,123,116,54,2023-09-09
9503,1,449,194,30,2022-04-23
9504,18,100,209,10,2023-05-25
9505,15,118,282,41,2022-08-10
9506,1,377,266,33,2023-03-29
9507,23,368,62,12,2024-07-23
9508,3,33,65,51,2023-04-23
9509,2,82,398,58,2024-10-15
9510,20,206,120,12,2022-05-03
9511,23,346,230,38,2025-12-17
9512,6,187,281,20,2025-08-29
9513,7,291,69,28,2023-06-14
9514,6,410,391,42,2025-05-14
9515,9,100,52,12,2022-07-08
9516,22,420,140,59,2024-01-29
9517,29,11,120,35,2024-10-19
9518,23,446,120,21,2024-04-20
9519,2,441,415,51,2023-09-13
9520,9,352,299,39,2022-05-23
9521,19,106,483,23,2024-01-02
9522,9,349,247,12,2022-12-01
9523,29,159,305,35,2022-03-13
9524,30,266,292,20,2023-12-18
9525,8,246,383,29,2025-03-05
9526,12,277,60,57,2023-06-28
9527,11,134,7,37,2022-12-09
9528,11,363,455,43,2023-10-05
9529,25,412,161,58,2022-11-25
9530,29,399,128,47,2024-02-06
9531,13,53,336,55,2024-05-13
9532,23,194,371,40,2023-11-23
9533,11,263,500,32,2025-04-09
9534,22,56,423,47,2024-04-27
9535,28,391,366,42,2023-03-23
9536,3,359,431,16,2022-07-29
9537,15,66666,214,16,2022-01-08
9538,23,181,-293,57,2024-09-29
9539,2,144,69,35,2024-10-08
9540,23,306,43,35,2025-05-13
9541,5,251,315,33,2025-01-13
9542,27,434,227,56,2023-11-06
9543,3,349,297,17,2023-03-21
9544,8,127,477,42,2024-01-01
9545,17,90,302,44,2022-07-16
9546,29,371,432,25,2023-11-01
9547,11,128,122,42,2022-03-30
9548,2,290,203,45,2022-05-02
9549,25,137,467,19,2022-05-18
9550,22,32,371,13,2023-08-09
9551,10,168,59,49,2025-05-30
9552,12,30,367,10,2025-12-01
9553,16,409,263,16,2023-02-22
9554,8,286,257,27,2025-07-27
9555,18,178,389,37,2025-02-17
9556,19,65,284,39,2023-07-29
9557,22,200,95,60,2023-02-11
9558,10,398,209,44,2022-11-15
9559,13,326,217,14,2022-04-25
9560,27,243,253,17,2024-02-08
9561,27,152,385,13,2025-04-02
9562,26,273,-213,60,2022-06-10
9563,19,74,297,37,2025-12-23
9564,13,87,447,29,2024-08-25
9565,2,21,222,24,2022-08-18
9566,29,25,283,55,2023-12-08
9567,27,162,158,58,2024-06-26
9568,22,164,251,40,2022-08-08
9569,19,162,247,35,2024-10-18
9570,21,94,155,58,2025-09-11
9571,27,47,149,49,2025-01-28
9572,29,313,374,20,2023-03-20
9573,15,340,14,36,2025-04-12
9574,16,285,89,40,2023-03-28
9575,30,234,370,35,2025-08-04
9576,21,324,49,16,2023-10-11
9577,27,61,464,46,2025-01-26
9578,18,105,61,27,2022-07-20
9579,4,44,229,59,2023-04-11
9580,12,139,173,34,2022-07-25
9581,16,18,456,10,2024-08-01
9582,16,219,297,50,2023-05-25
9583,30,347,158,46,2023-05-16
9584,13,357,133,59,2024-03-11
9585,12,151,224,14,2025-11-23
9586,19,333,72,17,2024-07-28
9587,23,69,218,52,2023-10-20
9588,22,333,398,21,2025-01-26
9589,29,33,223,59,2024-11-29
9590,27,269,401,53,2025-09-24
9591,18,141,177,41,2024-03-22
9592,7,75,180,59,2025-03-29
9593,20,151,211,47,2025-10-19
9594,26,3,308,19,2022-06-22
9595,28,329,352,55,2025-06-08
9596,3,441,282,32,2023-11-23
9597,17,326,162,52,2024-07-17
9598,23,275,410,51,2025-01-10
9599,14,40,355,58,2023-05-09
9600,26,377,126,21,2022-02-24
9601,11,57,51,12,2024-02-24
9602,18,220,328,44,2024-01-25
9603,4,276,284,22,2024-12-22
9604,9,386,463,20,2023-10-02
9605,21,234,371,33,2023-09-16
9606,25,101,382,39,2024-07-09
9607,8,72,104,21,2024-06-20
9608,13,68,435,49,2023-10-04
9609,25,117,296,45,2022-02-25
9610,28,236,335,26,2024-11-11
9611,28,293,324,10,2025-10-11
9612,26,200,256,26,2024-10-03
9613,29,87,291,60,2025-06-20
9614,5,165,399,36,2023-03-12
9615,9,417,30,17,2022-10-06
9616,13,434,318,41,2022-05-12
9617,7,81,164,24,2022-10-26
9618,2,414,239,19,2024-02-12
9619,17,420,196,46,2022-03-04
9620,29,69,116,53,2023-05-04
9621,12,390,144,14,2025-09-20
9622,28,438,143,26,2023-05-03
9623,12,196,141,24,2022-09-03
9624,17,73,466,51,2025-06-23
9625,15,351,12,51,2025-07-09
9626,6,135,24,39,2022-03-10
9627,2,341,488,42,2023-06-19
9628,25,159,15,25,2023-12-19
9629,7,297,266,17,2025-11-03
9630,30,112,1,31,2022-10-05
9631,2,439,146,58,2022-09-24
9632,24,378,377,57,2022-08-02
9633,24,305,384,48,2025-01-12
9634,30,284,441,57,2024-07-07
9635,6,91,378,13,2025-08-13
9636,2,450,46,21,2024-10-29
9637,24,191,128,55,2025-03-30
9638,26,436,243,13,2023-11-02
9639,23,411,49,38,2023-10-14
9640,15,100,332,18,2023-09-06
9641,4,261,251,60,2022-10-29
9642,26,206,482,59,2023-07-30
9643,28,126,378,38,2025-12-14
9644,5,267,144,30,2023-04-08
9645,19,3,371,46,2024-11-16
9646,25,42,148,11,2025-04-20
9647,11,306,21,28,2024-07-29
9648,7,202,239,60,2022-03-14
9649,30,24,63,53,2022-03-21
9650,12,114,59,13,2022-12-03
9651,20,133,336,52,2022-03-16
9652,29,12,326,47,2024-06-02
9653,20,310,23,44,2023-03-31
9654,10,6,20,53,2025-03-05
9655,8,66666,365,41,2024-10-27
9656,5,417,36,24,2025-05-24
9657,25,175,407,38,2023-11-01
9658,10,347,22,38,2022-11-16
9659,4,57,304,15,2025-08-02
9660,5,57,461,19,2022-09-17
9661,26,53,428,29,2025-10-12
9662,9,92,137,23,2024-07-04
9663,26,308,70,31,2025-01-14
9664,26,209,258,28,2024-11-07
9665,17,132,14,28,2023-02-16
9666,22,183,27,51,2024-10-07
9667,30,148,281,36,2025-06-29
9668,16,400,210,28,2024-12-27
9669,8,233,460,47,2023-02-27
9670,19,293,88,12,2023-08-25
9671,4,179,80,14,2023-03-31
9672,8,449,127,14,2024-04-19
9673,7,287,270,25,2023-02-11
9674,8,184,163,38,2022-12-24
9675,7,376,64,46,2024-02-09
9676,19,105,479,30,2024-07-11
9677,28,381,480,50,2024-05-11
9678,17,52,141,22,2024-07-31
9679,10,68,488,59,2022-05-01
9680,23,414,302,36,2023-07-31
9681,1,162,344,43,2023-12-16
9682,7,239,96,14,2022-10-27
9683,15,23,323,58,2024-11-12
9684,13,229,477,49,2023-07-26
9685,24,150,320,54,2023-04-05
9686,10,8,233,20,2023-04-21
9687,9,244,454,36,2025-07-12
9688,11,165,437,24,2024-12-31
9689,14,258,106,48,2024-06-13
9690,29,432,207,38,2024-01-28
9691,1,73,299,38,2024-07-03
9692,13,164,388,39,2024-02-29
9693,15,60,379,20,2023-05-15
9694,3,437,-379,23,2022-04-23
9695,5,109,344,36,2022-03-17
9696,28,271,8,22,2024-09-28
9697,6,345,330,36,2023-05-15
9698,7,266,486,22,2022-05-24
9699,4,38,27,42,2025-05-26
9700,27,270,349,10,2025-05-30
9701,6,44,187,51,2024-03-10
9702,15,372,334,37,2024-02-11
9703,5,122,298,47,2025-03-12
9704,16,63,88,15,2024-07-31
9705,28,311,265,25,2023-12-26
9706,25,242,230,47,2022-03-15
9707,24,276,432,21,2022-12-11
9708,30,113,473,37,2022-12-20
9709,13,18,163,20,2024-06-12
9710,6,20,15,46,2024-09-04
9711,3,425,257,58,2024-11-01
9712,20,208,408,35,2022-12-23
9713,6,190,451,10,2023-10-22
9714,24,425,486,16,2023-06-27
9715,26,131,2,17,2022-03-19
9716,14,218,271,48,2022-03-25
9717,18,42,449,31,2022-08-03
9718,19,407,426,17,2022-01-29
9719,22,271,317,11,2025-01-27
9720,12,329,68,12,2022-07-27
9721,29,410,48,15,2025-04-30
9722,23,59,239,45,2024-04-23
9723,16,65,142,40,2022-08-23
9724,28,259,157,19,2024-06-12
9725,10,147,1,11,2022-10-21
9726,15,367,239,59,2025-10-29
9727,18,198,368,56,2025-01-29
9728,16,113,35,26,2023-06-01
9729,23,298,101,45,2024-07-14
9730,21,383,424,29,2024-07-29
9731,30,403,458,43,2023-07-09
9732,23,313,377,36,2023-03-28
9733,19,42,178,27,2025-09-23
9734,11,225,90,15,2022-05-06
9735,25,7,166,53,2023-08-17
9736,9,211,11,38,2022-04-25
9737,11,88,20,25,2023-03-22
9738,6,358,20,36,2023-03-02
9739,27,186,286,22,2022-04-26
9740,13,37,376,40,2024-06-10
9741,22,253,404,50,2022-09-11
9742,8,106,218,14,2024-05-15
9743,16,408,394,44,2024-07-15
9744,25,366,136,44,2022-08-26
9745,12,412,193,19,2022-07-29
9746,6,2,406,36,2023-06-24
9747,18,342,357,24,2023-09-26
9748,19,292,387,59,2025-08-01
9749,9,88,106,36,2025-12-11
9750,20,102,210,11,2023-01-18
9751,1,129,355,35,2022-12-16
9752,29,225,329,14,2023-04-28
9753,28,402,230,19,2022-12-10
9754,22,309,485,11,2025-06-12
9755,25,394,242,19,2025-03-06
9756,1,408,433,34,2024-08-17
9757,23,151,97,26,2023-10-14
9758,13,19,464,23,2023-11-02
9759,21,18,54,43,2022-06-04
9760,5,207,72,52,2023-07-06
9761,28,437,203,47,2023-05-03
9762,13,384,49,10,2024-01-27
9763,28,222,364,38,2024-12-17
9764,17,134,197,11,2022-09-12
9765,16,346,67,20,2024-09-09
9766,7,100,-3,55,2023-09-22
9767,10,105,47,22,2024-04-13
9768,8,402,226,57,2025-07-04
9769,1,297,360,55,2025-09-27
9770,5,170,66,14,2022-09-07
9771,19,165,351,50,2022-10-28
9772,9,335,246,57,2023-11-30
9773,3,235,206,20,2024-04-23
9774,4,330,51,55,2022-04-14
9775,22,391,447,42,2023-11-11
9776,28,363,251,57,2023-10-19
9777,18,317,453,39,2023-11-26
9778,22,49,332,45,2023-10-22
9779,4,208,214,41,2024-04-13
9780,9,81,8,14,2023-03-09
9781,3,263,370,14,2022-09-04
9782,21,252,53,56,2025-10-09
9783,28,219,357,51,2023-08-24
9784,12,353,3,31,2022-04-25
9785,22,412,439,57,2023-04-07
9786,11,170,97,37,2025-05-14
9787,24,163,205,11,2025-02-17
9788,5,244,41,45,2023-05-18
9789,28,1,29,48,2025-10-07
9790,18,277,406,23,2024-04-27
9791,29,376,156,15,2023-05-30
9792,18,414,449,34,2025-08-02
9793,20,423,294,56,2024-05-01
9794,23,58,320,56,2025-02-07
9795,24,365,197,17,2024-06-01
9796,11,6,397,29,2025-04-21
9797,13,251,122,21,2022-07-30
9798,18,16,417,58,2023-11-07
9799,28,31,284,46,2023-05-22
9800,18,87,94,33,2023-01-28
9801,29,221,347,50,2023-02-09
9802,13,310,126,29,2024-03-05
9803,20,9,38,12,2024-01-16
9804,14,219,-162,53,2022-01-14
9805,10,240,122,44,2022-04-17
9806,20,194,484,29,2023-02-23
9807,26,265,254,57,2023-07-17
9808,7,5,430,35,2023-10-06
9809,19,385,149,29,2022-05-26
9810,20,363,9,56,2022-09-28
9811,25,373,386,39,2022-04-28
9812,15,374,231,25,2022-11-11
9813,2,191,413,15,2023-09-22
9814,27,54,416,44,2025-11-05
9815,20,154,361,17,2023-01-15
9816,22,116,440,44,2023-01-09
9817,2,106,169,37,2023-12-13
9818,11,259,164,37,2024-06-21
9819,15,330,39,46,2024-06-28
9820,17,51,173,29,2022-11-19
9821,25,146,321,32,2023-02-27
9822,1,194,248,24,2025-04-12
9823,16,143,22,57,2025-04-30
9824,23,420,388,30,2025-01-27
9825,25,279,245,48,2022-01-26
9826,21,380,349,18,2025-09-03
9827,23,129,405,56,2023-06-25
9828,23,183,427,12,2025-12-19
9829,16,131,177,60,2022-03-31
9830,8,334,249,26,2023-07-03
9831,22,43,140,53,2023-11-05
9832,22,437,163,20,2023-06-10
9833,29,390,155,40,2025-01-28
9834,21,276,-127,31,2022-06-22
9835,14,70,494,26,2025-11-22
9836,10,313,416,38,2024-07-05
9837,14,211,431,21,2025-07-09
9838,30,167,199,46,2025-06-14
9839,26,229,310,19,2025-01-11
9840,25,28,218,51,2022-03-22
9841,13,160,320,58,2022-04-29
9842,30,396,30,54,2023-06-04
9843,20,91,474,13,2022-05-19
9844,14,31,387,42,2024-03-09
9845,24,400,279,51,2024-01-24
9846,8,443,412,58,2022-03-07
9847,21,39,143,16,2023-01-16
9848,17,162,413,36,2025-09-13
9849,9,235,465,53,2024-04-17
9850,8,56,230,25,2023-11-11
9851,17,334,340,19,2024-09-15
9852,9,307,162,24,2024-03-07
9853,29,156,421,15,2024-07-30
9854,4,407,86,30,2024-02-03
9855,20,271,268,49,2022-05-16
9856,7,168,460,44,2023-09-13
9857,28,349,326,19,2023-12-22
9858,21,323,393,33,2023-03-30
9859,27,425,102,30,2023-06-03
9860,7,418,335,12,2023-03-05
9861,4,199,416,24,2023-02-04
9862,29,253,358,25,2025-11-23
9863,15,193,321,11,2024-08-11
9864,26,165,170,45,2025-07-01
9865,24,296,311,22,2022-09-25
9866,19,294,54,32,2023-04-11
9867,16,448,28,32,2022-03-23
9868,17,238,318,51,2025-03-07
9869,23,349,111,40,2023-04-10
9870,27,7,214,23,2024-07-24
9871,26,102,443,46,2025-12-20
9872,10,14,365,57,2025-08-17
9873,29,65,355,26,2023-10-13
9874,12,123,432,43,2024-11-06
9875,16,212,194,19,2023-07-31
9876,2,376,476,37,2024-11-10
9877,17,259,143,30,2024-01-23
9878,16,190,256,16,2022-09-12
9879,26,101,85,30,2023-05-14
9880,27,168,393,58,2024-07-20
9881,15,196,454,51,2025-11-09
9882,16,183,500,30,2023-05-23
9883,27,256,57,49,2024-04-27
9884,15,111,197,58,2022-10-20
9885,7,244,491,19,2025-03-03
9886,12,337,443,57,2023-10-12
9887,7,226,72,19,2025-04-04
9888,27,20,275,18,2025-06-26
9889,10,177,48,33,2022-12-19
9890,30,141,222,14,2022-09-21
9891,18,350,177,36,2023-11-21
9892,19,338,495,51,2024-01-14
9893,5,32,395,39,2024-04-15
9894,22,386,55,31,2023-11-04
9895,3,276,209,24,2022-09-12
9896,17,402,458,25,2025-12-20
9897,14,7,303,16,2023-01-01
9898,10,436,371,26,2024-10-29
9899,17,329,350,10,2025-01-10
9900,6,349,234,57,2025-10-30
9901,5,194,37,58,2023-10-03
9902,22,291,180,32,2024-01-18
9903,17,255,285,46,2023-09-05
9904,26,150,348,38,2025-02-08
9905,10,223,23,55,2024-09-24
9906,19,408,140,60,2024-02-25
9907,24,318,117,14,2024-02-21
9908,28,389,472,18,2022-08-05
9909,29,111,349,50,2022-05-04
9910,22,227,54,42,2022-08-11
9911,15,40,332,59,2022-09-18
9912,15,391,42,23,2024-04-24
9913,1,304,405,32,2022-09-14
9914,29,367,438,25,2022-08-05
9915,21,66666,10,10,2022-04-19
9916,17,272,215,31,2022-11-03
9917,12,125,188,41,2024-10-04
9918,22,153,176,28,2024-07-28
9919,16,42,491,29,2024-03-22
9920,25,74,128,33,2022-12-02
9921,24,173,183,24,2022-10-08
9922,30,397,340,23,2024-12-12
9923,30,36,164,32,2022-06-03
9924,21,300,408,53,2025-05-02
9925,19,35,217,46,2024-09-25
9926,4,408,131,44,2025-02-24
9927,8,37,439,51,2024-08-03
9928,14,64,107,32,2024-10-04
9929,14,375,384,12,2024-12-09
9930,26,172,351,11,2024-02-07
9931,26,292,369,57,2022-03-02
9932,7,126,265,40,2022-10-06
9933,5,397,235,56,2025-08-27
9934,20,7,131,49,2023-10-29
9935,10,373,289,16,2024-03-14
9936,9,84,169,25,2025-02-12
9937,22,423,168,38,2024-06-01
9938,10,281,175,55,2023-07-19
9939,8,93,157,53,2025-05-28
9940,16,31,370,38,2023-05-13
9941,4,437,265,32,2025-02-11
9942,17,425,73,18,2023-08-21
9943,17,142,117,25,2022-08-27
9944,7,169,454,25,2022-04-06
9945,1,422,88,11,2022-08-11
9946,6,348,189,27,2024-05-18
9947,13,287,486,49,2022-12-21
9948,26,73,334,22,2025-05-08
9949,17,195,498,27,2023-10-16
9950,9,390,233,16,2022-03-03
9951,11,440,212,19,2023-02-09
9952,9,310,478,18,2024-01-11
9953,12,248,301,27,2022-02-28
9954,6,172,437,35,2022-05-03
9955,8,429,95,40,2022-04-16
9956,16,311,416,28,2024-11-21
9957,25,130,468,60,2024-05-11
9958,29,414,235,15,2022-03-12
9959,29,209,467,50,2025-07-27
9960,12,96,98,46,2024-12-31
9961,24,148,161,20,2022-06-23
9962,16,387,321,46,2022-08-23
9963,19,360,253,32,2022-05-29
9964,9,431,117,26,2023-05-14
9965,4,436,427,15,2022-11-03
9966,19,300,321,43,2024-05-11
9967,16,29,495,24,2022-04-18
9968,27,349,328,53,2024-02-28
9969,24,64,491,49,2025-10-25
9970,15,264,343,31,2023-01-05
9971,17,303,392,49,2023-07-12
9972,30,152,146,50,2025-08-26
9973,1,179,478,44,2023-10-07
9974,5,45,434,51,2023-05-30
9975,11,268,322,22,2023-01-16
9976,26,16,33,37,2023-07-17
9977,26,214,75,47,2022-10-13
9978,5,367,25,56,2024-04-28
9979,12,311,444,57,2025-12-25
9980,25,139,258,16,2023-07-02
9981,21,102,481,39,2024-09-25
9982,7,246,476,44,2025-05-12
9983,25,402,427,56,2025-05-07
9984,1,68,118,10,2024-03-05
9985,19,163,341,10,2022-12-05
9986,24,149,287,35,2025-03-30
9987,15,71,272,56,2024-02-06
9988,17,106,260,23,2022-08-24
9989,28,158,213,12,2024-10-12
9990,26,51,276,43,2023-06-17
9991,17,79,157,43,2025-01-31
9992,21,28,112,53,2023-04-08
9993,14,18,207,59,2025-07-29
9994,2,371,232,30,2024-01-24
9995,12,132,192,12,2025-01-22
9996,3,153,227,31,2025-10-11
9997,17,409,10,40,2023-11-10
9998,21,289,388,10,2024-02-07
9999,24,153,204,53,2024-07-19
10000,4,66666,279,38,2025-11-29
10001,14,32,360,38,2023-08-13
10002,22,208,394,24,2022-06-15
10003,29,7,351,20,2023-06-15
10004,22,407,95,58,2025-09-26
10005,1,393,316,46,2022-08-05
10006,18,338,161,16,2023-07-09
10007,28,230,350,38,2023-03-31
10008,14,75,51,10,2025-04-23
10009,12,187,29,47,2025-05-21
10010,11,131,407,14,2022-11-09
10011,29,31,192,49,2024-10-20
10012,21,116,443,37,2024-08-25
10013,28,76,196,48,2023-09-16
10014,22,205,203,27,2024-04-28
10015,18,360,392,28,2023-05-27
10016,2,304,43,13,2023-11-04
10017,12,397,399,53,2023-05-29
10018,12,333,183,35,2024-04-02
10019,20,117,175,11,2022-08-21
10020,4,23,431,18,2025-04-13
10021,23,110,325,19,2023-08-04
10022,4,39,108,30,2025-04-10
10023,21,37,436,11,2024-02-05
10024,9,396,445,41,2024-02-13
10025,27,358,43,40,2022-07-04
10026,27,319,177,53,2023-08-13
10027,18,66666,493,22,2023-09-21
10028,15,124,172,26,2024-05-29
10029,8,105,462,36,2022-07-13
10030,26,336,71,60,2025-01-07
10031,1,217,460,33,2025-04-28
10032,16,432,81,50,2022-04-13
10033,21,373,264,49,2024-02-29
10034,16,26,128,14,2023-03-18
10035,11,349,-309,58,2025-09-11
10036,15,303,331,17,2022-01-26
10037,1,323,319,16,2022-02-20
10038,22,173,331,25,2024-05-11
10039,28,113,7,19,2024-09-20
10040,11,362,296,27,2024-12-20
10041,4,103,-48,44,2025-02-17
10042,28,151,427,28,2025-08-03
10043,21,282,367,46,2025-06-09
10044,25,106,156,23,2024-12-21
10045,3,429,240,26,2024-03-11
10046,29,408,373,60,2024-03-06
10047,7,261,11,35,2025-07-27
10048,28,252,100,55,2024-01-09
10049,25,111,154,50,2025-07-07
10050,13,129,163,26,2022-06-23
10051,5,90,90,21,2025-05-28
10052,9,388,482,25,2023-04-11
10053,25,284,257,49,2025-05-27
10054,24,6,348,18,2024-09-20
10055,21,204,416,29,2022-09-19
10056,1,80,479,19,2022-09-09
10057,7,80,163,47,2025-02-12
10058,6,63,30,52,2023-10-13
10059,16,81,360,46,2025-11-20
10060,5,189,330,33,2022-05-22
10061,18,270,110,53,2023-09-11
10062,21,182,394,15,2023-12-04
10063,21,369,339,23,2022-05-06
10064,16,162,211,49,2024-03-28
10065,4,232,251,41,2022-12-06
10066,17,66666,478,17,2022-11-11
10067,3,126,314,14,2023-11-14
10068,9,33,457,39,2025-10-04
10069,19,153,373,14,2025-07-27
10070,19,189,224,59,2025-09-12
10071,9,7,160,31,2024-08-01
10072,22,33,-121,51,2025-02-27
10073,20,278,372,11,2024-06-06
10074,11,10,158,12,2023-08-29
10075,10,9,120,56,2025-11-17
10076,16,27,87,47,2023-03-03
10077,3,237,306,11,2022-04-15
10078,30,183,158,29,2024-06-10
10079,16,315,206,56,2025-04-18
10080,8,123,172,57,2025-01-05
10081,19,358,229,57,2022-09-24
10082,10,66666,162,51,2024-08-23
10083,22,221,142,36,2023-09-02
10084,8,251,82,55,2024-12-03
10085,11,411,167,41,2024-10-02
10086,11,392,266,21,2022-10-30
10087,2,219,399,53,2025-07-31
10088,19,260,242,47,2022-07-27
10089,23,312,107,15,2025-11-15
10090,16,171,323,29,2022-11-25
10091,26,196,161,32,2023-06-01
10092,16,357,422,19,2022-07-13
10093,25,87,114,38,2023-11-02
10094,19,426,331,44,2025-06-04
10095,29,52,42,37,2022-12-01
10096,25,286,126,20,2025-06-06
10097,22,332,52,27,2024-05-28
10098,6,149,103,33,2025-05-30
10099,28,183,214,48,2023-11-25
10100,7,197,354,30,2025-07-12
10101,22,63,180,54,2025-01-27
10102,15,5,259,46,2025-09-12
10103,27,34,500,47,2025-08-30
10104,23,430,149,38,2024-11-21
10105,21,265,399,10,2025-03-20
10106,12,79,97,47,2024-10-02
10107,4,86,81,18,2023-11-19
10108,8,88,205,47,2024-03-11
10109,28,439,259,34,2025-03-03
10110,15,396,301,55,2024-01-09
10111,28,141,9,27,2022-06-03
10112,2,39,242,22,2022-12-17
10113,25,406,106,34,2023-10-17
10114,3,181,452,41,2024-12-18
10115,25,163,95,43,2023-11-18
10116,14,217,375,37,2025-04-25
10117,13,4,248,44,2022-02-16
10118,28,2,182,28,2024-08-28
10119,22,179,458,36,2024-03-25
10120,21,56,297,55,2022-07-09
10121,28,121,148,58,2025-01-26
10122,18,328,196,42,2023-01-29
10123,5,247,444,30,2022-01-10
10124,14,137,121,44,2022-04-12
10125,25,10,28,42,2025-05-05
10126,17,157,199,22,2025-10-08
10127,13,171,174,29,2024-11-19
10128,12,209,269,23,2025-03-04
10129,23,130,107,59,2024-08-17
10130,27,165,451,48,2025-05-10
10131,15,198,192,38,2025-07-17
10132,11,76,330,17,2025-10-16
10133,11,322,100,44,2025-12-10
10134,2,342,91,28,2024-09-13
10135,17,56,190,58,2025-09-23
10136,30,186,59,18,2023-12-23
10137,10,95,158,25,2023-02-12
10138,20,226,249,24,2024-03-03
10139,9,340,34,53,2023-10-30
10140,12,45,48,13,2022-11-01
10141,25,314,72,56,2022-06-13
10142,20,302,326,27,2025-10-12
10143,8,393,341,42,2022-02-25
10144,7,243,185,29,2024-08-04
10145,10,63,466,59,2023-04-26
10146,29,310,453,36,2025-11-28
10147,30,170,1,51,2024-06-19
10148,4,345,125,29,2025-02-09
10149,21,199,169,32,2023-06-06
10150,21,82,284,34,2025-06-12
10151,2,261,254,15,2022-10-14
10152,26,410,354,42,2022-10-09
10153,7,406,472,33,2025-04-24
10154,12,126,259,44,2023-04-01
10155,29,47,166,21,2022-04-17
10156,23,394,269,45,2022-07-23
10157,28,401,104,15,2022-01-23
10158,11,233,115,49,2023-01-27
10159,11,24,465,53,2022-07-10
10160,19,323,79,15,2022-08-18
10161,3,323,163,43,2025-02-14
10162,16,416,398,52,2022-03-03
10163,30,446,326,53,2024-11-07
10164,5,246,299,38,2022-08-21
10165,14,421,196,31,2023-06-01
10166,29,411,306,37,2023-07-29
10167,22,397,477,13,2022-04-23
10168,19,89,11,50,2025-06-30
10169,8,221,282,59,2022-08-11
10170,7,186,424,17,2024-03-30
10171,27,49,246,29,2022-10-01
10172,18,306,411,51,2022-02-01
10173,29,59,110,27,2022-08-03
10174,4,284,45,45,2025-02-05
10175,4,79,231,39,2023-01-15
10176,29,50,114,27,2025-05-11
10177,13,208,98,44,2025-11-03
10178,8,264,310,43,2022-08-09
10179,8,364,476,50,2025-02-25
10180,23,180,490,48,2025-08-29
10181,8,176,170,47,2023-12-12
10182,9,248,188,22,2025-05-19
10183,27,198,294,41,2022-03-30
10184,2,115,281,55,2023-12-17
10185,14,235,318,17,2024-03-20
10186,20,309,280,55,2023-08-11
10187,23,339,241,44,2022-06-06
10188,30,97,258,16,2023-10-23
10189,10,235,302,14,2022-02-17
10190,24,388,481,14,2022-01-24
10191,24,327,74,35,2023-04-03
10192,5,446,349,40,2022-12-27
10193,26,230,411,36,2023-03-26
10194,3,227,159,19,2023-11-15
10195,18,447,170,45,2022-04-04
10196,14,165,322,59,2024-08-02
10197,8,80,275,52,2022-12-09
10198,20,345,497,13,2023-04-03
10199,14,248,376,18,2025-12-12
10200,5,347,99,55,2023-07-07
10201,5,432,496,43,2023-04-12
10202,12,22,211,43,2022-01-24
10203,19,289,115,39,2023-12-16
10204,4,107,283,53,2024-01-28
10205,18,372,391,57,2024-10-11
10206,20,257,114,47,2025-08-07
10207,23,355,2,25,2025-11-21
10208,18,184,297,39,2025-09-14
10209,4,255,453,11,2022-01-28
10210,29,13,478,33,2025-07-21
10211,9,183,343,53,2022-03-02
10212,25,334,277,48,2022-03-24
10213,7,113,406,39,2023-09-09
10214,1,23,195,10,2022-06-20
10215,7,386,114,27,2022-10-27
10216,23,416,333,14,2022-02-05
10217,8,288,305,20,2025-09-19
10218,3,382,161,15,2024-11-05
10219,15,428,188,46,2022-10-23
10220,14,71,50,42,2025-11-26
10221,2,142,83,20,2024-05-22
10222,7,89,198,44,2023-11-30
10223,5,150,479,56,2023-02-14
10224,1,264,26,60,2025-09-14
10225,4,47,174,14,2025-11-18
10226,4,182,178,17,2022-03-27
10227,4,440,440,12,2025-04-01
10228,10,82,276,41,2025-02-15
10229,18,438,298,25,2024-03-07
10230,29,153,319,22,2022-06-16
10231,5,216,310,33,2023-07-17
10232,17,399,463,45,2022-01-13
10233,26,300,140,58,2024-12-28
10234,12,10,31,35,2025-07-29
10235,17,184,51,11,2023-08-01
10236,27,121,309,11,2023-01-11
10237,25,179,411,33,2023-07-06
10238,29,108,195,24,2022-09-14
10239,16,443,132,21,2024-11-19
10240,16,128,394,23,2024-07-13
10241,7,408,451,38,2025-01-30
10242,3,26,14,15,2024-12-23
10243,26,427,88,15,2024-08-02
10244,9,301,154,31,2023-01-22
10245,27,227,406,14,2024-02-01
10246,15,337,204,14,2024-12-15
10247,14,444,22,24,2025-12-10
10248,25,326,315,32,2024-06-14
10249,26,109,306,44,2025-07-23
10250,9,181,31,23,2025-05-12
10251,14,27,285,56,2023-04-04
10252,26,365,104,43,2022-01-12
10253,15,28,302,47,2024-10-28
10254,18,411,166,48,2024-09-04
10255,5,335,361,42,2022-06-19
10256,25,340,486,48,2023-04-21
10257,10,141,431,19,2023-12-14
10258,21,345,281,14,2025-10-17
10259,3,430,357,25,2024-07-13
10260,20,404,469,33,2024-03-23
10261,9,308,44,46,2022-02-11
10262,24,272,204,48,2023-02-22
10263,20,450,124,17,2023-12-28
10264,13,308,330,46,2022-10-27
10265,18,196,156,28,2022-11-03
10266,1,153,462,25,2023-11-27
10267,11,276,123,10,2024-11-20
10268,10,283,178,53,2023-08-17
10269,3,107,183,58,2025-03-22
10270,27,155,44,17,2025-02-19
10271,17,101,174,45,2023-01-09
10272,25,318,432,21,2025-05-09
10273,16,394,407,37,2023-12-13
10274,2,389,405,26,2022-03-11
10275,3,92,13,19,2023-04-08
10276,10,133,359,34,2022-01-29
10277,20,245,123,19,2022-06-22
10278,3,200,207,30,2023-09-14
10279,11,173,127,11,2024-05-03
10280,27,38,203,34,2024-06-01
10281,1,34,167,56,2024-03-21
10282,4,135,84,14,2023-12-28
10283,2,145,326,29,2024-01-04
10284,15,173,129,13,2023-11-27
10285,2,334,367,16,2023-10-14
10286,1,3,412,56,2023-03-24
10287,11,374,399,50,2024-03-27
10288,11,110,243,50,2025-10-04
10289,12,56,413,31,2023-08-11
10290,13,181,336,47,2023-03-06
10291,2,138,281,36,2023-11-30
10292,11,43,492,42,2024-04-30
10293,12,15,361,58,2025-04-29
10294,1,283,380,34,2024-11-20
10295,9,240,479,45,2022-03-25
10296,30,238,363,10,2023-09-18
10297,3,322,183,14,2023-07-29
10298,30,174,201,42,2025-01-11
10299,11,105,380,44,2023-03-20
10300,26,11,90,15,2024-05-24
10301,10,56,288,29,2025-04-27
10302,22,12,443,49,2024-03-10
10303,13,47,433,32,2023-10-26
10304,27,250,345,20,2023-01-21
10305,3,220,443,29,2022-10-19
10306,4,70,418,58,2023-06-01
10307,22,348,233,59,2024-02-19
10308,10,392,306,10,2023-09-30
10309,14,132,236,10,2022-10-14
10310,2,408,304,57,2023-03-25
10311,6,291,237,33,2023-01-29
10312,27,83,460,45,2024-03-10
10313,22,440,323,60,2023-05-24
10314,2,287,245,53,2022-03-11
10315,9,36,191,18,2022-10-11
10316,3,137,492,20,2024-10-15
10317,16,152,132,18,2022-07-12
10318,9,66666,479,42,2025-01-10
10319,10,276,232,53,2023-02-08
10320,18,86,46,56,2022-08-18
10321,30,54,128,21,2022-12-24
10322,13,75,342,31,2022-10-28
10323,24,27,448,43,2022-08-19
10324,20,108,99,50,2024-04-07
10325,10,158,145,48,2023-12-25
10326,29,172,90,42,2024-05-25
10327,27,237,150,55,2022-08-19
10328,22,233,368,32,2025-06-29
10329,18,201,197,41,2025-08-12
10330,13,183,68,25,2024-04-24
10331,28,419,-464,18,2023-03-22
10332,2,175,452,15,2024-05-31
10333,18,41,488,23,2024-12-12
10334,17,156,98,58,2022-12-16
10335,16,20,403,41,2023-06-06
10336,12,408,341,46,2024-04-10
10337,22,285,327,60,2025-02-05
10338,9,206,46,13,2025-05-14
10339,7,158,209,22,2023-12-15
10340,29,331,445,14,2023-02-12
10341,28,140,368,44,2024-10-18
10342,19,339,441,23,2024-01-05
10343,4,181,248,39,2023-03-18
10344,23,251,478,45,2023-01-31
10345,22,422,61,28,2023-04-01
10346,6,308,440,32,2022-05-21
10347,17,392,290,47,2023-05-09
10348,14,61,145,23,2024-07-21
10349,30,86,416,32,2022-06-06
10350,22,266,132,33,2023-08-07
10351,12,186,112,18,2025-06-23
10352,14,307,416,44,2024-07-27
10353,9,372,182,17,2022-04-15
10354,22,241,444,52,2025-11-19
10355,20,285,321,17,2025-11-15
10356,1,14,139,39,2023-06-05
10357,7,213,192,20,2025-12-31
10358,24,114,232,50,2022-04-24
10359,29,35,274,13,2022-02-23
10360,2,133,259,18,2025-06-20
10361,16,140,337,47,2024-09-13
10362,1,362,231,24,2025-09-20
10363,3,368,265,42,2023-06-10
10364,14,160,261,26,2025-06-29
10365,23,136,128,24,2023-06-03
10366,10,296,311,53,2024-05-17
10367,25,13,224,32,2023-03-20
10368,13,246,449,20,2025-04-20
10369,12,402,16,43,2024-09-02
10370,1,429,475,24,2024-01-05
10371,14,230,478,35,2022-08-23
10372,20,24,138,11,2022-06-09
10373,26,302,225,16,2023-06-07
10374,29,293,432,10,2024-02-27
10375,20,217,59,23,2025-01-30
10376,17,78,35,53,2024-10-24
10377,26,5,155,41,2022-05-16
10378,16,292,71,58,2025-10-17
10379,7,341,442,23,2025-03-01
10380,23,175,127,56,2023-05-04
10381,28,313,454,36,2023-04-08
10382,17,118,254,25,2024-08-26
10383,7,262,331,37,2023-11-03
10384,24,8,271,17,2023-06-25
10385,4,371,70,53,2025-06-26
10386,18,320,188,10,2022-12-25
10387,1,82,346,58,2023-08-15
10388,4,218,217,31,2023-12-12
10389,25,160,290,13,2022-01-17
10390,6,326,59,36,2022-09-27
10391,24,321,234,58,2023-11-07
10392,6,257,306,14,2023-04-19
10393,16,142,325,60,2025-08-12
10394,7,259,252,37,2025-05-05
10395,19,303,199,26,2022-11-17
10396,20,28,331,59,2022-12-22
10397,15,251,311,27,2024-11-29
10398,20,191,23,26,2023-08-28
10399,1,433,274,32,2023-10-30
10400,21,186,406,41,2025-05-04
10401,24,183,424,52,2022-08-04
10402,27,177,149,54,2022-12-10
10403,12,29,37,25,2024-11-07
10404,19,434,223,17,2023-01-07
10405,6,224,222,26,2024-03-02
10406,14,74,183,35,2025-11-09
10407,10,317,376,23,2022-05-13
10408,21,294,232,57,2023-03-22
10409,10,127,304,14,2024-08-11
10410,21,353,436,10,2022-06-27
10411,12,301,423,34,2025-05-22
10412,5,102,91,10,2025-04-21
10413,23,393,257,21,2023-11-26
10414,12,378,285,28,2023-01-17
10415,17,381,344,31,2022-10-03
10416,15,11,148,50,2023-05-13
10417,11,426,51,26,2023-03-02
10418,22,252,158,44,2025-06-09
10419,24,23,356,58,2025-10-05
10420,16,39,138,25,2023-02-11
10421,6,120,177,46,2022-06-21
10422,8,234,77,28,2025-06-15
10423,26,160,445,51,2025-03-11
10424,1,325,186,11,2025-02-17
10425,2,348,147,58,2024-09-16
10426,18,255,280,27,2023-05-17
10427,11,240,306,33,2024-11-11
10428,25,148,184,41,2023-10-06
10429,28,421,153,55,2025-04-16
10430,15,362,12,37,2024-11-14
10431,2,276,301,10,2023-12-31
10432,3,71,191,43,2024-01-02
10433,2,68,255,29,2024-02-08
10434,15,80,265,58,2023-11-03
10435,1,110,247,34,2025-07-10
10436,30,303,227,38,2025-12-27
10437,14,236,209,27,2024-11-11
10438,15,256,181,45,2023-05-22
10439,12,17,402,59,2023-03-16
10440,18,275,396,25,2025-12-23
10441,17,28,187,56,2022-07-09
10442,22,206,278,14,2025-06-22
10443,16,281,436,41,2024-02-27
10444,15,161,131,16,2025-04-21
10445,16,247,225,29,2022-11-30
10446,21,387,18,55,2023-09-05
10447,23,170,483,55,2024-03-30
10448,4,162,247,48,2022-09-03
10449,10,368,278,26,2024-03-16
10450,12,394,84,50,2025-06-08
10451,30,365,84,56,2025-05-13
10452,13,318,26,22,2023-11-16
10453,29,171,294,33,2023-03-11
10454,15,287,282,25,2023-11-26
10455,8,324,2,39,2023-11-07
10456,26,48,206,37,2023-02-21
10457,17,206,261,15,2023-10-13
10458,14,108,104,40,2023-09-03
10459,23,243,59,15,2023-12-10
10460,17,15,2,13,2024-06-27
10461,2,340,376,34,2025-10-03
10462,26,448,93,33,2023-01-31
10463,8,388,404,54,2024-09-17
10464,7,253,6,38,2023-01-18
10465,12,82,415,49,2025-04-16
10466,25,255,382,13,2024-12-09
10467,7,151,189,31,2023-09-05
10468,23,172,390,51,2022-02-14
10469,28,379,101,20,2023-08-04
10470,8,129,19,14,2024-06-25
10471,17,333,213,19,2023-03-02
10472,17,165,198,29,2022-10-01
10473,3,66666,98,17,2022-12-13
10474,9,269,363,43,2025-10-20
10475,23,142,335,35,2024-03-28
10476,18,73,298,53,2023-01-12
10477,5,114,192,53,2023-12-22
10478,9,357,146,10,2024-03-12
10479,19,187,242,44,2022-05-28
10480,29,115,304,12,2024-02-27
10481,22,107,50,49,2022-06-03
10482,28,66666,69,58,2022-10-29
10483,19,445,84,31,2022-01-12
10484,18,34,164,40,2023-07-23
10485,10,252,65,21,2023-07-16
10486,19,149,277,31,2023-06-05
10487,10,407,50,26,2022-12-13
10488,26,80,325,23,2025-01-14
10489,27,263,56,36,2025-10-28
10490,12,137,-68,36,2025-12-30
10491,9,427,215,55,2024-12-31
10492,8,111,193,60,2022-06-26
10493,10,45,93,33,2022-11-05
10494,27,221,178,33,2025-06-13
10495,22,360,284,42,2024-05-15
10496,15,402,379,10,2024-02-22
10497,12,111,400,22,2025-12-23
10498,22,339,351,15,2024-03-13
10499,29,202,370,32,2023-11-29
10500,10,241,428,29,2024-01-21
10501,28,308,276,30,2022-08-26
10502,30,105,489,27,2024-04-07
10503,4,390,188,21,2022-01-22
10504,8,77,324,11,2024-01-10
10505,30,122,343,38,2023-05-02
10506,21,120,180,18,2025-01-30
10507,27,380,195,51,2025-10-14
10508,6,188,286,53,2023-05-27
10509,8,172,273,44,2024-02-06
10510,30,51,350,15,2023-10-10
10511,28,115,430,44,2022-01-09
10512,19,313,344,21,2023-09-24
10513,13,414,467,35,2022-10-26
10514,12,431,327,20,2025-09-30
10515,1,156,475,21,2025-07-12
10516,5,436,23,52,2023-10-04
10517,2,193,296,51,2023-01-29
10518,5,332,52,21,2024-05-06
10519,28,387,333,51,2025-01-27
10520,12,118,394,27,2025-11-14
10521,25,380,222,59,2025-06-05
10522,16,7,234,22,2025-05-05
10523,14,191,466,47,2024-05-21
10524,18,58,-132,38,2023-01-18
10525,11,433,222,14,2024-12-21
10526,27,160,445,39,2025-10-30
10527,13,192,483,37,2023-08-31
10528,14,297,416,32,2023-10-30
10529,6,332,351,55,2023-06-02
10530,3,165,422,27,2024-02-26
10531,15,395,116,28,2024-02-18
10532,26,95,287,47,2023-01-12
10533,28,243,403,14,2022-11-07
10534,29,325,278,25,2025-10-18
10535,25,445,65,44,2024-07-26
10536,12,425,163,44,2025-11-22
10537,22,413,30,30,2024-10-19
10538,10,143,108,14,2022-11-30
10539,15,427,132,35,2024-04-07
10540,12,33,248,33,2022-10-21
10541,14,267,129,53,2022-01-29
10542,16,335,115,29,2023-05-30
10543,20,181,65,60,2024-03-31
10544,16,193,317,37,2025-07-02
10545,20,358,116,32,2025-11-30
10546,20,116,323,16,2025-12-04
10547,1,282,148,39,2022-02-10
10548,19,150,237,10,2023-01-24
10549,17,419,296,41,2022-04-08
10550,11,27,445,49,2024-08-05
10551,15,422,472,50,2025-02-13
10552,21,159,229,13,2022-11-24
10553,14,410,389,40,2024-06-10
10554,24,122,482,15,2025-09-25
10555,19,436,197,16,2023-07-31
10556,23,240,319,38,2025-09-22
10557,28,292,442,53,2022-02-25
10558,11,294,157,30,2025-11-27
10559,25,311,200,41,2024-11-23
10560,4,202,345,54,2022-04-09
10561,12,293,101,42,2023-01-05
10562,15,83,459,27,2022-03-16
10563,16,267,125,38,2022-05-23
10564,8,84,402,12,2022-06-23
10565,2,184,442,43,2024-12-26
10566,30,12,326,39,2024-05-24
10567,13,422,346,55,2022-05-10
10568,7,215,305,57,2025-06-03
10569,22,270,373,12,2023-04-26
10570,8,164,23,33,2022-09-11
10571,25,251,76,48,2023-06-23
10572,14,438,355,22,2025-05-08
10573,28,104,197,26,2025-09-10
10574,21,73,465,51,2023-07-14
10575,7,296,379,30,2024-09-13
10576,21,237,126,25,2022-06-23
10577,28,399,220,24,2025-02-07
10578,27,226,327,58,2022-02-16
10579,25,183,193,27,2023-04-18
10580,16,225,385,34,2022-04-21
10581,16,134,29,27,2025-02-22
10582,30,125,352,37,2024-10-18
10583,6,34,426,21,2023-05-12
10584,5,61,492,38,2023-10-26
10585,19,285,338,60,2023-11-17
10586,11,220,290,37,2025-05-29
10587,21,308,470,37,2024-10-18
10588,30,341,280,16,2022-06-07
10589,28,332,389,24,2025-01-01
10590,27,257,60,32,2025-11-12
10591,2,53,188,54,2024-06-26
10592,22,389,55,16,2022-08-18
10593,10,115,194,19,2025-03-05
10594,21,410,55,10,2023-03-12
10595,1,197,194,37,2022-09-29
10596,19,430,389,29,2022-07-26
10597,1,74,220,50,2022-11-14
10598,13,423,288,53,2025-12-24
10599,14,73,5,49,2023-03-06
10600,17,113,146,25,2025-08-25
10601,22,118,-80,55,2025-09-23
10602,19,221,368,30,2025-07-23
10603,2,98,272,10,2023-01-02
10604,13,353,8,20,2022-04-20
10605,15,410,425,51,2022-03-04
10606,10,66666,67,42,2025-03-28
10607,4,263,18,46,2024-04-17
10608,20,296,394,11,2022-12-23
10609,5,273,84,26,2024-06-17
10610,26,388,162,34,2025-03-26
10611,6,312,427,51,2025-03-11
10612,21,444,53,25,2023-12-11
10613,1,350,126,29,2023-03-11
10614,30,180,209,49,2022-07-21
10615,3,329,493,31,2022-10-21
10616,27,292,366,55,2023-11-02
10617,23,289,86,16,2022-04-08
10618,9,241,444,23,2023-07-03
10619,21,77,287,54,2025-12-15
10620,23,367,327,57,2024-05-19
10621,25,9,438,12,2022-05-01
10622,12,91,465,49,2023-08-11
10623,11,387,246,57,2022-04-11
10624,29,409,490,45,2024-02-25
10625,18,2,221,58,2025-08-01
10626,20,129,377,23,2023-02-05
10627,10,242,217,11,2022-03-21
10628,20,187,146,24,2022-03-22
10629,25,409,101,51,2022-05-14
10630,4,241,85,14,2024-09-06
10631,2,385,234,49,2025-01-13
10632,14,361,187,48,2025-11-13
10633,1,132,368,50,2025-08-17
10634,29,80,115,15,2025-10-09
10635,19,406,4,17,2025-03-11
10636,21,230,15,27,2022-12-20
10637,20,346,414,58,2022-02-10
10638,14,33,25,44,2024-07-31
10639,9,216,498,25,2024-06-05
10640,21,130,114,29,2022-01-24
10641,20,432,344,44,2022-08-29
10642,11,11,343,33,2022-11-14
10643,24,159,168,28,2022-01-23
10644,15,339,312,47,2024-05-04
10645,17,348,460,12,2025-12-09
10646,5,348,487,29,2023-05-09
10647,17,192,12,22,2025-03-09
10648,8,237,442,31,2024-06-12
10649,16,87,127,28,2022-01-10
10650,6,61,438,29,2022-03-01
10651,12,38,362,37,2024-10-13
10652,13,189,63,18,2023-04-22
10653,1,77,488,44,2022-06-09
10654,7,95,412,36,2022-09-12
10655,9,353,353,43,2023-04-21
10656,12,228,434,42,2022-12-18
10657,14,94,269,47,2022-07-23
10658,14,120,353,16,2022-07-25
10659,12,112,119,52,2024-11-02
10660,8,214,176,50,2023-03-11
10661,5,66,352,10,2025-07-13
10662,9,4,378,44,2024-02-01
10663,21,418,82,58,2023-09-22
10664,9,424,253,28,2024-08-26
10665,29,174,392,35,2023-08-06
10666,11,193,489,11,2024-02-01
10667,1,98,150,39,2022-06-02
10668,9,446,120,47,2022-12-11
10669,24,201,89,37,2022-01-27
10670,10,159,220,57,2024-06-19
10671,24,306,234,32,2025-06-27
10672,3,393,347,53,2023-04-10
10673,30,70,43,30,2023-12-25
10674,24,211,410,42,2023-03-29
10675,19,236,206,41,2022-09-27
10676,7,331,271,17,2024-10-13
10677,8,231,221,58,2022-06-10
10678,6,80,172,46,2024-07-28
10679,23,148,363,27,2025-06-02
10680,17,102,195,13,2025-03-06
10681,13,408,366,27,2024-10-28
10682,23,385,465,21,2023-01-23
10683,7,308,250,28,2022-10-30
10684,27,150,120,58,2025-08-06
10685,5,433,448,55,2023-12-07
10686,23,322,98,26,2022-10-16
10687,7,416,128,11,2023-11-22
10688,18,359,48,53,2023-02-18
10689,11,388,254,27,2025-12-31
10690,17,194,27,58,2023-08-21
10691,21,285,343,50,2023-03-01
10692,20,96,310,24,2022-11-19
10693,4,295,178,14,2023-07-31
10694,26,291,42,60,2023-09-29
10695,5,6,-455,39,2023-02-26
10696,26,446,415,46,2025-10-28
10697,21,177,491,44,2023-09-18
10698,13,328,145,39,2022-09-30
10699,4,209,342,45,2024-06-16
10700,6,390,479,35,2024-02-20
10701,27,431,13,48,2023-06-12
10702,2,398,161,60,2024-03-23
10703,7,395,362,48,2023-04-06
10704,30,263,141,44,2024-06-03
10705,30,337,369,13,2023-06-13
10706,18,127,388,14,2024-12-31
10707,10,265,120,19,2024-06-22
10708,2,139,351,30,2023-01-19
10709,29,215,447,46,2022-03-12
10710,27,354,7,25,2024-04-28
10711,9,224,367,32,2022-08-28
10712,20,227,116,54,2023-12-27
10713,1,107,473,18,2023-01-28
10714,30,209,290,52,2025-01-23
10715,6,313,200,17,2024-09-30
10716,3,160,298,32,2025-05-26
10717,29,27,50,15,2025-02-12
10718,27,164,16,30,2022-05-11
10719,27,274,162,13,2024-04-16
10720,18,430,26,23,2023-11-10
10721,17,413,246,49,2023-05-19
10722,9,231,93,57,2022-12-04
10723,15,426,423,15,2025-03-30
10724,12,156,127,44,2025-08-14
10725,18,325,476,37,2024-04-19
10726,3,278,174,45,2025-05-22
10727,19,326,364,19,2025-08-09
10728,18,90,81,27,2024-09-15
10729,30,16,51,23,2025-06-25
10730,8,151,74,37,2024-10-19
10731,30,331,158,44,2023-03-02
10732,6,6,4,53,2025-02-16
10733,24,4,338,44,2022-04-27
10734,23,162,103,38,2025-10-28
10735,16,415,289,53,2023-01-20
10736,26,173,15,46,2023-06-16
10737,27,403,358,43,2022-08-04
10738,21,167,489,59,2023-07-26
10739,5,25,220,46,2023-11-02
10740,7,22,440,37,2023-01-20
10741,8,372,100,59,2022-04-11
10742,6,289,257,29,2024-06-26
10743,22,192,392,22,2023-09-01
10744,23,112,-283,41,2025-06-22
10745,3,234,10,22,2023-06-11
10746,7,115,336,22,2024-01-07
10747,17,314,97,21,2024-08-25
10748,27,286,423,33,2023-02-13
10749,13,177,149,33,2022-04-03
10750,18,437,445,47,2025-10-30
10751,13,43,384,30,2025-11-26
10752,7,404,229,35,2023-03-05
10753,23,190,207,49,2022-09-05
10754,6,413,155,46,2025-08-21
10755,22,69,148,40,2022-10-06
10756,17,239,243,49,2024-07-02
10757,14,445,247,34,2023-08-09
10758,27,304,304,58,2024-07-16
10759,25,2,393,45,2022-09-16
10760,2,319,192,58,2024-05-23
10761,14,193,188,48,2022-03-21
10762,28,226,446,18,2022-12-13
10763,30,64,446,57,2025-05-30
10764,20,141,254,50,2023-06-12
10765,6,239,245,46,2025-06-24
10766,15,407,432,35,2025-11-19
10767,19,392,184,19,2023-12-05
10768,27,383,408,16,2024-03-31
10769,2,70,444,14,2025-07-23
10770,14,170,287,45,2025-10-24
10771,11,406,-111,10,2025-11-07
10772,5,119,38,54,2024-08-16
10773,16,361,434,16,2023-06-17
10774,25,236,230,12,2023-05-27
10775,11,286,351,11,2022-06-08
10776,27,419,437,17,2024-06-26
10777,7,93,281,42,2025-10-29
10778,27,251,328,37,2024-10-21
10779,2,309,144,57,2022-03-18
10780,4,286,292,44,2023-01-15
10781,28,295,346,27,2024-07-05
10782,16,437,255,11,2023-03-28
10783,22,94,92,17,2023-08-17
10784,7,14,296,23,2024-05-24
10785,30,375,277,45,2023-04-02
10786,2,161,389,13,2023-10-11
10787,24,331,390,53,2022-12-15
10788,4,355,88,32,2024-09-23
10789,19,68,275,22,2023-06-04
10790,14,190,327,44,2024-04-16
10791,29,260,245,34,2023-07-25
10792,16,254,138,39,2024-05-15
10793,3,221,343,46,2025-03-10
10794,23,20,-231,25,2024-11-05
10795,4,142,78,46,2022-07-15
10796,23,354,131,59,2024-07-31
10797,12,313,273,43,2022-10-23
10798,2,293,422,58,2024-10-07
10799,10,10,468,35,2025-12-23
10800,28,350,457,35,2023-01-03
10801,10,340,498,44,2023-11-06
10802,10,66666,379,40,2023-12-12
10803,1,349,189,22,2024-05-29
10804,21,427,203,60,2025-04-04
10805,7,441,489,27,2023-02-15
10806,4,237,-406,54,2023-05-19
10807,19,355,173,44,2024-07-19
10808,10,114,487,10,2024-11-18
10809,6,294,303,22,2025-09-17
10810,7,56,60,25,2024-12-16
10811,26,203,218,17,2024-04-09
10812,3,146,329,12,2023-11-08
10813,24,427,186,37,2023-11-23
10814,11,382,441,39,2025-09-12
10815,30,346,28,13,2024-03-04
10816,17,421,196,45,2022-05-30
10817,2,405,421,26,2024-11-17
10818,23,159,100,34,2023-07-31
10819,4,52,224,19,2024-06-30
10820,24,96,228,58,2023-03-07
10821,1,275,194,18,2023-09-14
10822,29,418,337,29,2022-07-07
10823,9,68,393,60,2023-11-08
10824,2,420,497,48,2022-11-27
10825,30,46,364,29,2022-05-11
10826,7,34,364,50,2022-03-27
10827,14,431,11,44,2024-04-16
10828,5,129,423,31,2022-10-16
10829,22,237,257,12,2024-03-10
10830,14,130,221,10,2022-04-24
10831,15,310,408,49,2023-03-14
10832,14,34,167,16,2025-04-20
10833,5,222,49,25,2022-03-28
10834,9,129,195,42,2024-02-11
10835,21,296,140,31,2025-08-13
10836,28,359,114,18,2022-06-19
10837,9,143,222,48,2024-09-02
10838,23,72,8,35,2025-11-05
10839,12,400,46,51,2023-07-05
10840,25,1,-17,37,2023-02-12
10841,26,234,469,20,2022-02-24
10842,17,332,182,48,2024-04-08
10843,24,415,2,46,2023-07-01
10844,13,358,370,34,2025-07-03
10845,14,184,439,27,2025-01-28
10846,4,231,447,53,2022-01-27
10847,27,112,465,55,2024-09-14
10848,20,79,471,16,2023-05-29
10849,25,227,414,20,2022-09-02
10850,4,234,362,11,2025-04-13
10851,15,450,159,28,2023-07-17
10852,29,158,447,57,2022-05-22
10853,2,434,82,37,2025-11-20
10854,10,425,431,56,2022-02-14
10855,22,425,413,32,2024-06-05
10856,8,305,148,17,2023-11-13
10857,13,325,360,32,2022-08-05
10858,13,428,385,50,2022-04-21
10859,26,406,409,17,2022-07-30
10860,3,324,276,35,2023-10-27
10861,6,154,162,36,2022-02-05
10862,23,23,281,13,2025-01-07
10863,27,413,385,37,2024-07-19
10864,11,266,386,53,2024-10-29
10865,28,408,465,28,2022-10-28
10866,7,391,67,59,2024-06-26
10867,18,154,338,29,2025-08-15
10868,23,429,418,36,2022-07-02
10869,11,270,312,14,2022-02-02
10870,24,128,138,25,2024-10-06
10871,2,237,458,22,2023-12-07
10872,15,138,381,30,2023-12-08
10873,26,24,416,28,2025-10-10
10874,3,261,231,42,2023-12-13
10875,7,342,153,10,2025-05-04
10876,14,257,16,38,2025-11-10
10877,7,172,116,32,2025-03-15
10878,11,372,435,56,2025-07-14
10879,18,190,220,29,2022-10-19
10880,28,398,162,51,2023-03-23
10881,17,80,500,45,2025-07-20
10882,11,45,15,58,2025-07-25
10883,20,42,93,38,2025-01-27
10884,4,30,86,34,2024-11-04
10885,19,46,376,56,2024-09-28
10886,21,254,218,38,2023-08-26
10887,23,96,53,35,2024-03-11
10888,11,139,227,25,2024-02-15
10889,7,303,286,34,2025-07-09
10890,29,352,122,33,2022-10-16
10891,13,98,374,34,2023-05-06
10892,23,186,174,43,2024-03-19
10893,26,13,152,34,2023-07-22
10894,27,138,127,22,2023-06-15
10895,8,124,471,22,2022-03-10
10896,19,348,238,24,2024-06-23
10897,5,211,479,53,2022-11-03
10898,21,226,371,35,2024-12-29
10899,29,236,399,50,2025-03-26
10900,27,266,143,60,2023-11-10
10901,25,192,135,33,2023-07-04
10902,18,175,464,55,2024-04-30
10903,6,74,230,60,2023-01-19
10904,16,84,161,55,2024-03-26
10905,10,272,436,19,2024-09-27
10906,16,273,400,28,2022-02-11
10907,29,190,230,26,2022-12-12
10908,7,27,115,13,2025-09-18
10909,14,312,182,51,2024-12-15
10910,8,103,20,44,2022-07-15
10911,30,272,78,58,2024-01-12
10912,22,433,321,15,2025-02-14
10913,12,12,267,26,2024-07-13
10914,23,262,78,13,2025-12-22
10915,17,183,311,29,2022-10-10
10916,24,346,468,49,2025-07-12
10917,25,364,262,25,2024-03-09
10918,29,32,26,43,2025-05-06
10919,3,83,285,59,2023-01-31
10920,18,55,156,50,2022-12-17
10921,22,279,206,13,2023-02-18
10922,12,70,296,39,2025-11-05
10923,21,302,448,43,2022-03-18
10924,6,394,239,54,2025-07-01
10925,25,239,253,60,2022-11-29
10926,8,201,471,59,2023-11-17
10927,27,366,307,44,2022-06-30
10928,2,432,423,55,2025-06-21
10929,4,422,363,54,2022-03-11
10930,27,66666,63,35,2024-11-28
10931,8,349,279,22,2023-07-01
10932,8,179,48,42,2025-02-25
10933,15,353,240,51,2024-11-25
10934,20,134,386,50,2025-03-20
10935,17,117,124,28,2022-01-07
10936,11,357,315,37,2025-08-07
10937,27,363,381,19,2022-09-07
10938,27,134,50,59,2024-06-12
10939,5,419,24,42,2024-06-14
10940,30,223,416,36,2023-07-28
10941,14,4,183,33,2023-08-17
10942,14,388,484,20,2022-06-22
10943,26,323,13,23,2022-03-09
10944,12,264,387,42,2023-05-24
10945,9,95,296,57,2023-09-25
10946,8,41,462,27,2022-01-19
10947,24,165,125,21,2023-07-02
10948,13,122,145,12,2025-01-03
10949,12,161,79,15,2022-02-26
10950,15,182,106,23,2025-05-23
10951,9,204,113,30,2024-06-09
10952,8,311,184,25,2023-12-13
10953,4,398,474,53,2025-03-02
10954,25,62,9,50,2024-01-04
10955,19,166,454,28,2024-03-13
10956,24,110,453,27,2022-09-11
10957,3,365,89,50,2024-04-19
10958,20,387,339,52,2025-04-10
10959,1,359,258,49,2022-01-18
10960,26,236,244,40,2022-10-25
10961,26,252,139,32,2022-06-23
10962,19,413,114,18,2023-02-26
10963,20,76,481,27,2023-04-12
10964,2,146,495,30,2025-10-26
10965,6,4,358,48,2022-08-26
10966,8,42,178,10,2023-01-06
10967,12,278,479,33,2022-05-13
10968,26,345,45,60,2022-07-30
10969,3,177,182,38,2025-04-25
10970,3,171,385,19,2023-10-07
10971,14,13,25,43,2023-08-13
10972,11,5,399,52,2022-10-07
10973,14,62,260,35,2023-10-10
10974,17,204,311,46,2025-04-10
10975,14,418,297,23,2025-04-11
10976,7,193,271,38,2023-07-14
10977,8,196,457,20,2023-04-19
10978,13,383,362,31,2023-01-09
10979,13,173,264,18,2022-08-13
10980,22,211,90,19,2022-10-10
10981,1,250,87,11,2023-06-08
10982,21,66,297,14,2024-08-14
10983,29,435,294,53,2022-06-10
10984,9,148,253,18,2022-09-25
10985,26,437,73,17,2024-02-01
10986,3,201,46,23,2025-08-27
10987,8,34,131,31,2022-08-04
10988,11,140,165,26,2024-07-05
10989,11,129,202,53,2023-07-22
10990,7,319,291,34,2025-11-10
10991,23,139,11,42,2025-02-01
10992,25,446,471,10,2024-05-19
10993,19,22,265,34,2023-10-24
10994,1,279,491,11,2024-06-25
10995,7,237,482,56,2023-06-05
10996,9,330,163,56,2022-12-30
10997,16,229,202,25,2023-03-12
10998,25,17,213,10,2023-05-26
10999,18,404,173,12,2023-09-20
11000,18,185,380,27,2024-01-10
11001,15,134,198,30,2022-11-09
11002,21,349,192,53,2024-01-09
11003,21,207,425,24,2024-04-20
11004,3,277,270,44,2022-12-20
11005,5,311,488,17,2023-08-13
11006,3,81,324,14,2025-07-05
11007,11,235,438,10,2024-03-29
11008,6,73,293,25,2024-06-30
11009,25,281,198,30,2022-05-29
11010,1,423,391,52,2024-05-28
11011,4,259,372,45,2024-12-20
11012,10,246,103,58,2023-05-08
11013,23,396,407,43,2022-07-23
11014,9,139,231,44,2024-09-27
11015,2,200,485,57,2025-09-18
11016,24,45,29,18,2022-09-17
11017,22,129,489,54,2022-09-03
11018,29,126,229,53,2022-07-24
11019,7,160,149,40,2022-01-10
11020,9,205,211,28,2025-11-29
11021,11,323,250,49,2023-05-22
11022,10,202,359,43,2023-07-05
11023,27,346,457,34,2023-11-08
11024,8,61,191,41,2024-02-13
11025,1,387,451,57,2025-09-21
11026,18,319,17,43,2024-06-14
11027,8,102,47,27,2025-05-11
11028,11,395,86,33,2025-09-16
11029,6,317,186,56,2024-04-27
11030,18,291,327,57,2024-02-09
11031,17,446,80,48,2024-10-13
11032,29,282,31,58,2023-11-29
11033,27,97,105,12,2025-08-25
11034,29,431,179,55,2022-10-02
11035,5,447,125,34,2025-01-07
11036,19,181,99,39,2025-03-20
11037,2,307,92,43,2024-08-15
11038,26,304,230,34,2025-06-22
11039,22,305,125,48,2022-08-05
11040,14,205,204,30,2024-03-16
11041,12,9,444,17,2023-06-25
11042,1,298,284,60,2023-07-20
11043,29,37,485,38,2025-03-16
11044,3,50,264,26,2024-12-13
11045,25,244,440,39,2023-06-20
11046,17,209,456,46,2022-11-15
11047,30,389,195,42,2025-05-24
11048,16,354,319,19,2022-10-01
11049,21,347,370,55,2024-08-12
11050,30,9,37,18,2022-04-20
11051,17,140,89,36,2022-05-09
11052,22,281,297,33,2024-02-20
11053,25,264,236,29,2022-07-31
11054,9,86,75,44,2025-07-14
11055,24,397,236,54,2023-08-24
11056,2,20,306,49,2023-06-03
11057,14,45,470,31,2022-03-25
11058,20,337,305,56,2024-06-11
11059,27,32,329,21,2022-12-06
11060,8,326,65,56,2022-05-09
11061,24,257,161,43,2024-04-10
11062,10,439,366,24,2024-11-28
11063,14,76,63,50,2025-06-06
11064,26,7,420,21,2023-09-11
11065,27,312,17,51,2023-04-24
11066,27,242,104,20,2024-01-04
11067,9,425,492,57,2022-07-06
11068,26,103,341,59,2022-06-21
11069,19,55,226,35,2025-04-20
11070,28,247,321,42,2024-09-24
11071,18,18,315,18,2022-04-03
11072,13,373,84,35,2024-06-23
11073,6,262,191,25,2023-06-16
11074,20,23,93,13,2025-08-19
11075,13,200,344,18,2023-11-03
11076,18,216,424,20,2025-08-10
11077,14,402,419,27,2022-03-03
11078,11,108,144,21,2025-03-14
11079,1,143,19,20,2024-05-07
11080,3,225,241,20,2024-11-30
11081,18,268,344,30,2022-11-28
11082,3,230,201,49,2022-07-14
11083,16,296,341,22,2025-07-01
11084,27,8,0,43,2024-08-01
11085,4,341,222,44,2024-02-02
11086,18,43,394,12,2023-05-18
11087,24,253,307,54,2024-01-12
11088,26,286,315,51,2024-04-27
11089,29,444,443,51,2025-09-21
11090,8,193,373,55,2022-08-27
11091,22,61,202,44,2022-05-24
11092,25,201,376,31,2022-09-01
11093,13,14,189,22,2024-05-10
11094,28,357,493,49,2023-06-07
11095,2,253,205,60,2022-05-11
11096,15,270,278,33,2022-12-20
11097,25,304,63,10,2024-02-14
11098,15,145,481,25,2022-10-24
11099,16,378,357,23,2023-08-10
11100,27,182,239,49,2023-10-04
11101,20,231,334,51,2024-01-11
11102,5,388,317,22,2025-01-04
11103,9,93,156,15,2023-05-01
11104,23,2,459,14,2024-05-30
11105,1,189,132,25,2022-10-01
11106,18,76,300,13,2022-02-15
11107,20,349,135,21,2022-12-09
11108,28,229,107,25,2024-04-27
11109,20,327,49,27,2025-12-10
11110,28,351,62,27,2025-05-18
11111,16,293,435,16,2023-04-30
11112,24,143,336,51,2024-01-25
11113,20,383,53,20,2023-12-12
11114,9,303,6,17,2025-01-20
11115,7,228,111,33,2023-11-17
11116,15,128,367,11,2024-08-14
11117,13,83,30,21,2024-10-26
11118,19,227,447,37,2024-09-16
11119,14,136,403,47,2023-11-13
11120,2,35,91,60,2023-08-16
11121,23,179,239,52,2024-08-28
11122,13,186,461,23,2022-06-08
11123,18,323,221,35,2024-04-11
11124,15,356,142,52,2025-08-23
11125,8,139,95,20,2023-03-07
11126,18,389,401,20,2025-03-31
11127,3,186,116,52,2024-11-29
11128,22,91,240,46,2022-06-11
11129,8,191,500,11,2023-01-29
11130,1,10,77,49,2025-12-25
11131,4,266,265,40,2023-09-09
11132,21,413,438,40,2025-10-13
11133,21,224,77,11,2022-01-09
11134,3,413,319,30,2025-03-16
11135,1,357,180,53,2022-06-07
11136,11,78,151,12,2022-01-28
11137,11,41,188,21,2023-02-25
11138,1,214,400,43,2023-10-09
11139,21,271,361,40,2023-01-31
11140,24,303,99,26,2025-02-14
11141,20,370,63,48,2022-05-02
11142,24,9,499,43,2022-09-03
11143,19,108,269,53,2025-02-02
11144,4,50,303,16,2023-05-09
11145,8,6,70,15,2022-12-14
11146,30,22,59,44,2023-07-14
11147,27,139,398,37,2023-01-29
11148,11,87,241,23,2024-01-17
11149,5,283,321,37,2025-11-17
11150,4,423,267,24,2023-11-25
11151,18,167,346,44,2023-11-27
11152,14,47,210,47,2024-12-14
11153,30,352,89,26,2025-11-25
11154,11,36,146,20,2024-08-27
11155,17,263,54,55,2024-03-05
11156,9,213,441,27,2023-08-12
11157,12,436,297,12,2025-03-12
11158,16,337,216,10,2025-09-04
11159,11,360,497,59,2024-11-21
11160,17,366,434,12,2025-08-07
11161,8,378,498,17,2022-01-22
11162,5,270,364,38,2022-09-24
11163,2,397,304,40,2023-07-20
11164,2,5,49,49,2023-03-21
11165,21,79,447,43,2024-11-22
11166,2,364,105,34,2022-08-02
11167,13,323,495,24,2022-07-24
11168,4,121,443,47,2025-06-16
11169,14,44,358,51,2024-11-10
11170,9,290,260,56,2022-08-11
11171,1,222,295,45,2022-10-22
11172,14,373,281,24,2025-09-28
11173,13,427,111,42,2025-12-18
11174,11,66666,197,10,2024-05-16
11175,29,358,412,11,2022-04-22
11176,28,88,198,60,2025-02-05
11177,3,163,114,56,2023-01-10
11178,6,85,473,25,2024-06-26
11179,5,124,0,53,2023-03-19
11180,14,337,44,46,2023-12-09
11181,27,284,316,33,2023-07-28
11182,28,262,450,38,2025-05-01
11183,8,401,36,43,2023-09-11
11184,5,146,11,24,2024-06-24
11185,24,232,282,18,2022-03-16
11186,10,58,152,44,2023-04-07
11187,17,396,56,24,2025-09-09
11188,2,167,162,41,2025-03-25
11189,1,212,259,48,2025-07-19
11190,11,13,440,14,2023-09-21
11191,4,128,106,53,2022-12-06
11192,11,195,235,57,2025-03-07
11193,29,75,490,27,2025-03-08
11194,20,390,249,27,2024-08-01
11195,7,280,450,27,2023-10-07
11196,24,312,298,25,2025-10-26
11197,5,159,98,15,2025-01-30
11198,12,439,69,43,2023-05-14
11199,25,383,228,18,2023-03-10
11200,10,157,243,44,2024-11-16
11201,19,420,307,21,2024-04-12
11202,20,275,-340,15,2025-11-08
11203,7,39,173,23,2022-12-02
11204,15,135,126,24,2022-11-13
11205,22,355,480,34,2023-06-04
11206,16,45,62,49,2025-12-31
11207,7,379,460,10,2022-04-02
11208,19,114,220,34,2025-10-08
11209,1,394,291,15,2023-11-27
11210,26,154,209,42,2022-09-10
11211,29,355,329,53,2024-02-12
11212,7,116,189,48,2024-06-18
11213,26,383,370,42,2024-12-11
11214,2,375,92,39,2022-12-10
11215,21,54,472,60,2024-01-16
11216,6,13,487,60,2023-11-27
11217,5,316,391,11,2023-12-03
11218,18,247,243,42,2024-01-07
11219,16,449,27,22,2023-06-16
11220,13,182,428,33,2024-10-04
11221,8,437,474,11,2023-07-03
11222,14,67,422,60,2024-09-24
11223,13,387,42,38,2022-08-22
11224,1,141,251,57,2022-12-25
11225,4,335,302,60,2024-09-16
11226,21,80,393,58,2025-06-25
11227,5,80,274,41,2025-04-16
11228,12,201,47,10,2024-08-11
11229,24,166,497,37,2024-01-12
11230,20,50,243,51,2024-04-05
11231,24,280,455,28,2022-10-30
11232,26,442,111,24,2023-04-14
11233,7,427,145,10,2022-06-30
11234,15,123,365,19,2024-01-11
11235,20,54,26,10,2023-08-19
11236,11,60,67,27,2023-12-01
11237,18,47,360,16,2022-08-21
11238,4,92,223,43,2025-02-26
11239,9,66666,349,48,2024-07-19
11240,3,401,409,46,2022-11-22
11241,30,269,453,22,2023-07-12
11242,6,430,257,36,2022-01-17
11243,8,356,300,43,2025-11-16
11244,1,320,353,49,2023-04-09
11245,23,40,209,51,2024-11-19
11246,24,247,485,33,2025-02-08
11247,8,78,72,20,2022-06-24
11248,16,406,215,41,2023-08-26
11249,30,236,277,12,2025-01-19
11250,22,95,428,55,2024-12-24
11251,4,225,439,17,2024-07-21
11252,26,36,489,26,2024-07-10
11253,15,169,7,60,2025-10-05
11254,23,115,366,23,2024-05-16
11255,21,243,180,39,2024-07-30
11256,22,66666,470,37,2023-08-01
11257,27,15,235,34,2022-04-21
11258,12,292,34,17,2023-11-21
11259,5,242,73,16,2023-06-06
11260,12,244,385,12,2022-10-14
11261,14,214,121,12,2025-10-11
11262,1,375,264,24,2024-07-05
11263,23,307,379,40,2023-07-10
11264,15,21,179,37,2024-12-05
11265,23,437,219,38,2022-12-21
11266,6,198,353,52,2023-11-15
11267,17,310,-8,46,2024-07-14
11268,13,134,392,56,2024-11-27
11269,14,296,10,56,2024-07-02
11270,21,393,376,60,2023-09-04
11271,3,139,203,12,2024-06-01
11272,9,1,399,40,2025-06-13
11273,7,156,465,46,2025-06-13
11274,18,264,118,34,2024-08-31
11275,2,109,176,51,2022-10-24
11276,14,77,146,38,2023-01-19
11277,12,66666,478,25,2025-09-09
11278,20,152,309,27,2022-02-27
11279,17,292,97,19,2024-05-10
11280,30,17,272,46,2025-10-21
11281,29,89,58,50,2023-01-26
11282,21,74,394,24,2025-05-09
11283,28,266,184,46,2025-04-20
11284,2,173,229,36,2022-05-25
11285,14,72,432,42,2024-04-03
11286,4,131,18,57,2022-06-11
11287,21,312,159,58,2024-11-11
11288,5,145,24,30,2025-04-23
11289,21,52,285,54,2025-08-10
11290,10,50,282,23,2024-12-20
11291,19,135,287,22,2025-11-30
11292,3,73,439,12,2022-11-13
11293,8,348,193,17,2025-01-14
11294,28,70,284,16,2023-12-28
11295,20,59,221,60,2025-02-04
11296,29,217,86,29,2023-10-18
11297,7,31,226,27,2024-08-25
11298,12,434,274,11,2025-10-22
11299,27,417,174,40,2025-03-07
11300,13,66666,63,29,2023-08-22
11301,19,359,485,17,2023-10-14
11302,16,345,400,54,2022-01-08
11303,4,414,31,13,2025-04-02
11304,17,163,474,15,2022-08-25
11305,7,65,285,37,2024-11-25
11306,13,123,410,29,2023-02-19
11307,13,449,180,39,2023-03-19
11308,14,133,391,13,2022-09-15
11309,1,440,487,58,2025-04-24
11310,20,368,382,26,2022-11-22
11311,26,42,213,33,2025-03-09
11312,20,326,445,39,2022-06-01
11313,6,298,240,52,2025-08-15
11314,21,69,424,37,2025-09-19
11315,10,348,215,43,2025-02-20
11316,4,26,319,57,2024-08-08
11317,28,284,330,41,2024-06-13
11318,4,252,473,11,2023-02-18
11319,30,57,64,19,2023-03-31
11320,6,86,283,45,2025-09-08
11321,23,247,429,60,2024-08-09
11322,1,147,71,28,2024-04-23
11323,6,279,62,57,2024-11-07
11324,9,221,219,60,2025-12-17
11325,22,243,299,59,2025-07-05
11326,17,70,441,37,2023-06-01
11327,27,267,171,15,2025-08-18
11328,7,205,11,13,2022-11-21
11329,22,314,265,18,2023-06-14
11330,14,415,323,48,2025-02-10
11331,10,187,306,15,2023-12-31
11332,18,330,186,45,2022-08-07
11333,18,36,153,11,2025-09-15
11334,27,268,388,54,2022-09-16
11335,3,374,218,55,2024-08-19
11336,29,39,472,32,2023-03-16
11337,28,66666,140,55,2025-10-15
11338,14,226,15,26,2022-07-30
11339,3,289,109,12,2024-12-07
11340,12,23,466,35,2022-10-16
11341,24,406,45,19,2024-05-30
11342,6,250,214,54,2024-02-29
11343,22,214,346,38,2024-08-07
11344,22,319,92,57,2025-10-25
11345,6,124,481,44,2022-05-25
11346,2,360,3,16,2023-11-04
11347,22,157,432,35,2024-07-25
11348,26,305,226,36,2024-05-24
11349,30,300,463,12,2025-10-06
11350,12,39,137,24,2024-12-14
11351,7,12,76,32,2023-08-10
11352,2,12,243,50,2023-12-25
11353,30,132,197,58,2023-09-14
11354,15,375,434,29,2025-06-18
11355,12,131,382,35,2022-04-16
11356,6,127,161,40,2025-01-24
11357,12,320,500,12,2023-06-24
11358,30,256,459,57,2025-08-25
11359,3,187,490,40,2023-07-11
11360,30,298,212,21,2024-12-08
11361,8,308,314,55,2022-10-09
11362,11,206,479,39,2024-10-18
11363,10,179,134,53,2024-07-29
11364,28,51,37,43,2023-12-23
11365,13,222,393,46,2024-07-10
11366,16,419,469,54,2023-05-15
11367,22,384,191,17,2023-05-30
11368,21,272,353,17,2022-04-08
11369,7,21,25,43,2024-07-31
11370,23,16,-319,57,2024-03-16
11371,27,285,255,45,2024-06-30
11372,12,5,486,14,2024-07-15
11373,3,214,213,23,2022-01-24
11374,3,341,260,15,2024-10-21
11375,12,168,-246,58,2024-02-14
11376,16,32,409,55,2025-02-26
11377,8,79,351,16,2025-12-17
11378,17,353,171,10,2025-09-22
11379,15,164,181,22,2024-05-02
11380,24,420,201,56,2025-09-28
11381,4,49,493,60,2025-01-01
11382,5,263,184,16,2022-06-11
11383,12,258,241,12,2022-03-08
11384,30,80,319,15,2023-10-31
11385,6,177,206,46,2025-02-13
11386,16,441,428,51,2024-02-12
11387,27,116,476,54,2023-09-23
11388,23,294,368,16,2022-05-25
11389,12,283,253,37,2022-02-04
11390,27,80,285,22,2024-04-21
11391,21,338,339,34,2023-07-18
11392,24,237,253,56,2022-11-21
11393,24,235,74,31,2024-06-18
11394,19,125,81,49,2023-05-16
11395,4,205,61,34,2022-11-02
11396,9,116,320,34,2024-12-13
11397,5,344,195,51,2025-06-21
11398,27,230,326,47,2025-12-11
11399,15,17,393,18,2024-07-16
11400,16,1,167,48,2022-10-14
11401,3,364,19,27,2023-02-13
11402,9,264,174,20,2022-06-29
11403,18,287,10,38,2022-11-03
11404,26,43,429,22,2023-02-28
11405,18,233,98,21,2022-11-13
11406,25,14,130,39,2024-11-13
11407,8,313,23,41,2024-12-03
11408,16,109,226,23,2024-12-22
11409,21,148,41,38,2023-03-03
11410,4,324,434,56,2025-04-28
11411,15,188,181,59,2024-09-15
11412,3,440,117,38,2025-12-08
11413,3,294,3,51,2024-02-07
11414,8,104,107,23,2025-01-27
11415,16,155,248,32,2022-01-22
11416,15,90,439,35,2025-01-10
11417,7,36,25,54,2024-07-13
11418,23,219,346,11,2022-02-04
11419,10,193,83,44,2023-06-21
11420,6,377,492,42,2025-04-06
11421,20,126,394,26,2022-01-20
11422,8,195,251,38,2022-10-22
11423,6,319,196,39,2022-10-28
11424,8,272,71,31,2023-08-01
11425,15,114,221,30,2024-10-06
11426,8,70,1,53,2023-02-24
11427,2,445,10,10,2022-07-27
11428,4,346,337,37,2023-11-13
11429,16,23,15,32,2023-02-26
11430,19,77,259,33,2023-08-21
11431,25,413,244,53,2025-11-01
11432,18,10,122,26,2024-11-25
11433,21,180,387,43,2024-02-11
11434,1,130,442,56,2023-03-30
11435,5,279,319,51,2023-03-04
11436,15,162,112,60,2023-10-15
11437,23,375,67,56,2024-08-28
11438,30,418,222,30,2025-05-15
11439,22,171,331,59,2025-10-02
11440,17,422,281,20,2022-06-14
11441,30,82,140,57,2024-08-01
11442,17,133,175,41,2022-09-26
11443,24,362,481,56,2023-03-20
11444,25,171,155,12,2025-08-17
11445,10,19,291,56,2024-09-06
11446,3,381,294,26,2023-01-20
11447,9,356,447,27,2022-12-29
11448,11,254,6,48,2023-01-28
11449,3,147,260,55,2025-02-18
11450,1,421,406,19,2022-04-13
11451,2,336,241,24,2022-12-10
11452,10,324,404,32,2023-04-06
11453,20,442,82,18,2024-10-15
11454,13,166,216,27,2023-09-12
11455,18,92,481,47,2023-07-13
11456,24,2,451,15,2022-03-29
11457,9,363,47,41,2025-06-19
11458,27,408,418,22,2024-04-24
11459,2,9,54,26,2024-12-19
11460,23,241,269,26,2025-11-08
11461,30,445,371,15,2025-05-11
11462,27,271,479,53,2022-04-25
11463,13,72,117,18,2023-07-18
11464,21,10,215,27,2023-11-17
11465,3,390,206,25,2022-03-04
11466,12,250,234,13,2025-10-04
11467,7,57,156,51,2024-12-12
11468,12,242,28,33,2025-09-16
11469,30,217,254,15,2024-04-06
11470,26,370,136,44,2025-09-03
11471,19,84,29,26,2023-02-12
11472,16,214,291,16,2022-11-01
11473,27,50,463,44,2023-11-13
11474,25,309,161,28,2023-07-31
11475,6,41,257,20,2023-07-20
11476,14,194,-256,18,2023-06-09
11477,11,402,280,24,2022-04-15
11478,8,43,121,34,2022-01-20
11479,12,299,179,56,2022-05-28
11480,17,108,457,59,2024-12-20
11481,9,49,221,20,2023-05-26
11482,13,23,495,53,2022-05-05
11483,22,145,266,58,2023-04-17
11484,4,268,176,49,2024-07-08
11485,13,71,261,25,2024-08-23
11486,23,223,300,49,2023-02-24
11487,18,286,462,20,2025-11-09
11488,17,144,290,10,2023-01-05
11489,27,115,428,10,2025-06-13
11490,7,76,16,52,2024-02-25
11491,5,206,488,10,2025-11-30
11492,20,11,133,51,2022-12-03
11493,22,414,362,44,2024-09-12
11494,15,430,250,36,2023-12-22
11495,24,249,405,35,2024-11-28
11496,2,294,203,50,2022-12-31
11497,21,340,276,14,2024-01-31
11498,30,326,108,29,2023-05-06
11499,30,72,90,16,2023-09-23
11500,29,263,329,23,2025-03-22
11501,28,427,271,50,2023-10-13
11502,4,211,18,54,2023-08-15
11503,27,201,441,51,2025-07-31
11504,26,334,195,57,2023-02-23
11505,17,66666,476,38,2023-07-23
11506,2,72,420,53,2025-11-25
11507,12,197,435,36,2025-12-25
11508,30,391,274,13,2022-01-17
11509,29,337,231,57,2024-07-15
11510,13,70,67,25,2023-04-15
11511,30,100,297,32,2024-05-29
11512,10,130,70,18,2022-06-08
11513,2,124,207,20,2024-12-23
11514,7,118,427,20,2025-01-06
11515,2,189,280,33,2024-02-06
11516,15,400,499,24,2024-12-26
11517,5,420,238,37,2024-06-27
11518,1,195,240,23,2023-04-21
11519,30,156,128,37,2024-09-24
11520,8,260,284,60,2022-07-10
11521,10,225,13,47,2022-07-10
11522,7,207,24,49,2022-06-11
11523,18,107,210,35,2024-04-29
11524,29,267,210,43,2025-01-23
11525,16,196,446,51,2022-11-01
11526,28,369,35,60,2022-03-28
11527,30,65,239,17,2022-05-12
11528,22,190,323,43,2023-08-19
11529,8,261,84,15,2024-07-06
11530,15,377,121,25,2024-09-13
11531,5,435,271,34,2023-05-29
11532,4,35,-356,10,2025-09-07
11533,27,433,394,14,2024-03-26
11534,4,396,215,52,2024-09-27
11535,28,203,268,38,2025-07-28
11536,27,147,354,32,2025-11-07
11537,21,64,332,20,2022-07-02
11538,23,293,71,23,2022-08-25
11539,17,26,242,19,2022-04-08
11540,30,69,178,15,2023-06-14
11541,3,281,333,28,2025-04-21
11542,9,261,136,58,2025-09-25
11543,21,119,138,11,2025-04-29
11544,20,166,19,43,2024-03-06
11545,15,66666,447,20,2023-01-21
11546,14,197,442,55,2022-07-10
11547,27,12,359,42,2025-03-20
11548,22,369,358,21,2022-04-27
11549,13,267,226,57,2023-07-21
11550,28,248,64,17,2023-09-21
11551,10,184,303,47,2024-01-19
11552,6,77,180,17,2022-08-19
11553,8,335,290,56,2022-02-11
11554,20,61,61,38,2025-09-25
11555,26,148,413,55,2024-09-14
11556,21,437,-148,30,2024-05-22
11557,30,253,151,18,2024-10-30
11558,14,143,99,13,2024-09-06
11559,23,73,453,20,2023-07-07
11560,12,381,248,56,2025-06-20
11561,22,235,417,45,2022-02-22
11562,8,52,324,18,2023-11-12
11563,13,219,156,56,2022-11-05
11564,5,127,146,32,2022-05-07
11565,30,222,365,56,2022-10-09
11566,23,208,201,16,2023-08-06
11567,1,83,496,36,2025-10-25
11568,4,96,405,18,2024-05-15
11569,14,25,147,28,2025-09-22
11570,27,376,232,29,2024-09-21
11571,10,304,8,58,2025-01-29
11572,16,304,462,59,2025-10-04
11573,29,125,235,44,2024-10-17
11574,8,19,438,28,2024-06-17
11575,26,163,198,36,2024-05-22
11576,9,359,60,23,2025-06-01
11577,20,202,305,12,2023-06-18
11578,5,396,70,30,2022-03-17
11579,11,338,220,45,2024-02-14
11580,8,90,387,42,2024-11-09
11581,12,148,428,42,2023-04-04
11582,26,6,90,20,2023-11-16
11583,29,152,407,40,2024-05-30
11584,10,328,89,53,2024-02-02
11585,4,187,139,38,2022-03-06
11586,7,371,265,23,2023-03-28
11587,18,271,412,10,2024-10-05
11588,27,74,285,23,2025-07-30
11589,17,243,54,46,2024-12-22
11590,7,314,132,19,2024-07-01
11591,2,28,460,28,2023-08-17
11592,12,206,156,21,2023-09-02
11593,1,160,172,57,2025-07-10
11594,24,326,17,56,2024-03-04
11595,13,60,258,55,2024-05-29
11596,8,418,79,23,2024-07-21
11597,6,255,106,12,2024-09-26
11598,19,234,115,46,2023-11-19
11599,22,100,381,51,2022-09-06
11600,5,121,340,36,2024-03-13
11601,7,176,413,48,2024-02-11
11602,12,363,220,37,2024-07-20
11603,25,11,431,52,2023-05-17
11604,17,257,28,16,2022-04-07
11605,2,127,216,33,2024-03-19
11606,12,178,419,27,2025-06-20
11607,30,211,1,14,2023-07-25
11608,1,167,446,34,2024-10-09
11609,25,411,401,30,2025-09-11
11610,2,222,134,38,2022-06-17
11611,8,371,263,31,2025-11-11
11612,22,432,322,54,2024-05-28
11613,22,21,162,42,2022-11-02
11614,29,43,147,52,2024-12-31
11615,10,67,290,18,2022-03-18
11616,15,262,462,32,2023-06-02
11617,1,155,498,26,2024-04-01
11618,19,182,268,52,2024-08-24
11619,10,40,263,17,2023-12-29
11620,20,347,177,48,2023-05-06
11621,16,97,247,32,2025-12-26
11622,24,301,500,14,2024-04-10
11623,21,9,191,35,2022-02-21
11624,29,441,391,38,2022-05-26
11625,2,104,411,19,2024-11-03
11626,27,51,146,41,2022-08-03
11627,27,111,484,12,2022-05-11
11628,12,330,478,19,2023-01-24
11629,25,249,89,22,2022-04-14
11630,14,69,399,17,2024-07-31
11631,9,338,179,58,2024-03-28
11632,25,120,361,27,2025-07-21
11633,25,246,425,54,2024-09-22
11634,4,384,130,41,2023-04-17
11635,11,303,359,59,2025-08-20
11636,17,57,452,58,2025-02-18
11637,9,91,271,18,2023-04-18
11638,9,295,113,52,2025-07-30
11639,29,291,315,45,2024-04-09
11640,25,219,91,54,2024-07-15
11641,26,232,206,44,2022-09-22
11642,4,244,66,14,2022-06-22
11643,30,88,65,59,2023-01-20
11644,14,339,436,41,2022-02-01
11645,14,52,129,38,2023-03-25
11646,15,85,-483,32,2024-01-07
11647,1,401,268,16,2023-02-24
11648,7,49,388,34,2025-07-01
11649,1,13,175,22,2022-07-11
11650,5,99,81,54,2024-10-10
11651,29,421,446,58,2024-01-06
11652,27,428,53,50,2023-03-08
11653,22,286,55,49,2023-07-18
11654,25,162,200,46,2022-01-20
11655,26,250,491,41,2022-11-02
11656,28,95,255,44,2023-08-09
11657,25,395,483,32,2022-01-13
11658,20,39,405,49,2024-07-01
11659,26,341,484,42,2024-06-21
11660,17,364,176,43,2024-12-23
11661,28,39,487,27,2024-09-18
11662,29,259,-301,56,2024-08-01
11663,5,372,238,58,2022-07-30
11664,5,98,270,27,2024-02-23
11665,1,191,418,23,2024-06-18
11666,5,148,420,32,2024-07-04
11667,29,353,345,11,2024-08-04
11668,20,179,380,14,2025-10-30
11669,16,436,125,28,2022-09-21
11670,11,157,26,43,2022-06-09
11671,16,111,363,27,2024-07-23
11672,1,232,94,41,2025-02-04
11673,7,219,226,15,2023-07-28
11674,17,302,431,54,2025-07-17
11675,29,389,225,51,2023-03-26
11676,1,105,380,56,2025-05-29
11677,23,389,215,38,2024-11-17
11678,28,83,151,18,2025-11-11
11679,20,301,46,43,2024-08-14
11680,30,428,56,31,2022-05-13
11681,6,47,66,46,2023-08-16
11682,29,261,107,13,2023-05-13
11683,3,199,307,33,2025-01-30
11684,6,391,488,50,2023-06-26
11685,12,231,91,48,2022-10-26
11686,24,309,122,51,2025-01-02
11687,22,113,88,14,2025-05-03
11688,5,190,443,19,2024-09-28
11689,20,415,89,25,2023-10-14
11690,5,392,397,41,2023-02-18
11691,10,353,68,18,2022-02-21
11692,24,168,93,26,2023-09-24
11693,23,328,269,49,2023-05-09
11694,21,72,307,53,2023-06-05
11695,24,289,445,22,2025-10-09
11696,3,223,40,39,2024-08-22
11697,11,99,285,20,2023-08-06
11698,5,213,13,57,2022-08-24
11699,2,217,271,14,2025-12-22
11700,22,371,-306,25,2025-10-31
11701,25,211,219,35,2022-03-12
11702,13,440,453,27,2024-04-30
11703,23,3,376,28,2023-01-06
11704,14,319,222,37,2022-05-12
11705,13,237,389,39,2022-04-22
11706,26,445,270,33,2022-11-07
11707,10,18,293,13,2024-12-22
11708,17,415,328,23,2023-09-22
11709,10,87,0,40,2022-11-16
11710,18,302,91,15,2024-04-03
11711,8,130,187,50,2022-09-12
11712,30,443,90,12,2022-02-06
11713,23,271,487,44,2023-01-19
11714,7,420,21,41,2024-11-24
11715,16,64,219,19,2023-10-08
11716,30,343,252,21,2025-01-04
11717,9,24,292,58,2023-05-19
11718,13,293,293,29,2025-04-26
11719,18,230,401,12,2023-02-06
11720,15,364,208,49,2024-05-10
11721,2,74,200,55,2024-01-02
11722,12,240,39,56,2023-04-18
11723,29,248,422,26,2024-11-20
11724,7,18,468,43,2024-09-04
11725,24,431,472,55,2023-04-04
11726,14,92,91,50,2022-08-22
11727,17,351,439,50,2022-06-30
11728,19,410,453,47,2022-01-19
11729,21,203,345,52,2023-11-06
11730,26,357,474,29,2024-09-25
11731,3,422,462,23,2024-07-08
11732,21,273,244,55,2024-12-26
11733,4,147,18,55,2025-01-11
11734,8,161,422,32,2024-05-18
11735,19,395,61,52,2022-10-06
11736,11,171,334,52,2022-07-02
11737,3,5,257,54,2024-05-21
11738,9,76,468,23,2024-06-22
11739,6,66666,364,57,2022-05-28
11740,23,11,96,53,2024-03-08
11741,3,273,-341,52,2022-05-10
11742,8,5,175,44,2025-11-26
11743,3,431,362,57,2025-03-21
11744,3,155,10,13,2022-07-22
11745,9,113,91,60,2023-06-10
11746,26,297,255,43,2024-02-01
11747,7,179,407,44,2022-04-23
11748,16,147,50,29,2023-05-04
11749,2,403,431,40,2022-01-09
11750,22,19,-460,38,2023-05-09
11751,7,274,140,18,2022-12-07
11752,13,63,166,28,2023-09-23
11753,24,250,441,28,2025-07-22
11754,2,73,274,40,2022-09-12
11755,1,444,202,56,2022-12-14
11756,27,404,397,21,2024-12-03
11757,9,381,10,42,2022-12-12
11758,12,377,279,13,2022-09-21
11759,14,412,492,57,2022-06-21
11760,8,142,238,17,2024-04-08
11761,24,262,388,30,2025-09-01
11762,27,37,238,20,2023-12-03
11763,7,15,281,39,2023-05-19
11764,28,280,468,56,2025-03-30
11765,17,158,108,39,2025-05-22
11766,24,274,-404,16,2025-12-18
11767,26,397,175,23,2024-04-27
11768,5,298,239,60,2022-11-17
11769,20,26,166,57,2023-05-30
11770,6,200,202,25,2022-12-09
11771,6,29,130,47,2022-01-26
11772,1,169,231,26,2024-11-05
11773,1,75,99,26,2025-11-15
11774,8,13,114,47,2024-06-10
11775,17,320,279,33,2023-09-29
11776,19,343,427,36,2022-06-11
11777,19,197,380,53,2024-12-03
11778,5,31,106,30,2022-07-28
11779,17,321,195,36,2024-09-08
11780,7,284,185,16,2022-04-25
11781,3,106,473,36,2025-12-06
11782,24,200,361,45,2025-05-19
11783,6,189,-192,41,2023-10-11
11784,17,323,47,36,2023-04-04
11785,21,36,374,27,2022-10-26
11786,18,25,124,48,2022-04-27
11787,16,163,45,39,2025-10-13
11788,18,111,432,55,2025-03-23
11789,10,190,50,22,2023-01-09
11790,3,27,14,55,2023-05-12
11791,2,419,65,50,2022-11-25
11792,15,283,371,37,2024-11-04
11793,22,352,139,31,2023-11-22
11794,11,253,147,49,2024-11-14
11795,24,80,477,59,2025-11-05
11796,8,115,414,12,2023-04-08
11797,2,208,496,60,2024-02-03
11798,5,65,286,43,2022-09-03
11799,23,38,134,11,2023-05-06
11800,26,439,497,52,2024-10-22
11801,30,351,84,56,2024-04-09
11802,20,62,468,44,2022-12-18
11803,17,448,253,18,2024-07-17
11804,25,69,276,33,2025-01-21
11805,27,338,486,49,2023-01-30
11806,12,281,292,44,2024-06-09
11807,1,33,302,46,2022-04-21
11808,2,158,111,30,2022-10-16
11809,16,447,26,28,2023-07-04
11810,8,314,56,19,2023-09-08
11811,30,48,189,14,2025-05-15
11812,12,127,285,10,2025-05-23
11813,1,180,477,14,2023-07-13
11814,19,179,458,39,2022-01-18
11815,12,349,26,44,2023-02-20
11816,25,6,400,35,2025-09-08
11817,1,24,269,43,2023-11-15
11818,29,387,324,57,2022-05-20
11819,18,156,256,30,2024-01-17
11820,13,2,153,26,2024-05-11
11821,21,114,215,59,2024-03-10
11822,21,384,456,49,2025-11-03
11823,4,443,1,43,2023-05-31
11824,6,304,300,34,2022-11-10
11825,23,221,54,34,2024-03-16
11826,27,233,258,60,2023-04-12
11827,10,206,168,47,2022-04-23
11828,21,44,401,19,2024-12-03
11829,5,422,205,47,2023-06-27
11830,18,231,-236,48,2023-01-14
11831,12,421,282,57,2022-08-21
11832,10,146,379,22,2022-11-09
11833,15,55,379,17,2022-11-16
11834,22,438,132,30,2023-01-16
11835,7,442,16,58,2022-12-25
11836,25,359,69,41,2022-11-18
11837,26,158,169,50,2024-03-25
11838,30,434,316,37,2022-11-18
11839,24,225,264,31,2024-08-18
11840,17,339,283,12,2024-12-13
11841,9,124,493,50,2024-03-01
11842,25,293,100,18,2023-12-31
11843,25,357,35,17,2022-05-05
11844,26,116,367,59,2023-11-08
11845,2,320,43,51,2023-09-08
11846,10,377,82,43,2025-04-27
11847,19,439,147,26,2024-06-05
11848,28,361,359,56,2022-06-10
11849,26,248,272,16,2024-06-02
11850,24,390,478,15,2022-04-24
11851,24,130,8,13,2024-07-19
11852,15,417,147,60,2025-11-06
11853,27,293,283,31,2023-05-08
11854,25,430,477,14,2023-10-15
11855,30,273,86,19,2024-12-06
11856,9,200,456,10,2024-11-05
11857,5,365,213,38,2023-02-02
11858,18,132,305,42,2023-09-28
11859,28,182,56,44,2022-03-25
11860,5,290,287,32,2022-05-23
11861,18,394,248,18,2025-03-27
11862,16,353,300,53,2024-10-16
11863,28,214,125,13,2024-03-21
11864,3,183,196,51,2024-09-24
11865,20,289,158,55,2025-06-06
11866,19,208,31,59,2025-01-21
11867,1,432,37,58,2023-03-16
11868,3,213,116,21,2024-07-18
11869,14,423,326,23,2024-01-08
11870,5,123,431,43,2024-06-05
11871,14,128,263,30,2022-10-22
11872,17,200,41,50,2025-04-12
11873,15,30,283,43,2022-05-03
11874,19,37,483,23,2022-11-26
11875,21,356,473,49,2023-01-31
11876,11,221,33,40,2022-07-25
11877,28,224,323,48,2024-01-27
11878,4,215,471,30,2023-09-28
11879,15,443,140,58,2025-03-24
11880,7,209,383,13,2024-08-06
11881,3,448,76,54,2023-10-10
11882,8,148,345,45,2025-04-11
11883,17,197,227,22,2023-01-31
11884,12,391,488,20,2022-04-27
11885,27,331,173,46,2023-05-02
11886,28,198,363,39,2024-10-24
11887,19,344,15,26,2025-12-13
11888,15,434,56,40,2025-06-24
11889,21,328,67,30,2025-02-24
11890,18,32,145,54,2024-07-15
11891,30,99,211,53,2024-01-05
11892,26,52,97,43,2023-12-06
11893,6,67,411,36,2023-01-31
11894,13,376,77,21,2022-08-03
11895,4,283,355,41,2025-06-04
11896,9,27,55,35,2022-12-23
11897,17,361,120,16,2024-07-11
11898,24,316,200,38,2023-07-02
11899,15,233,328,44,2023-05-20
11900,19,353,100,32,2023-02-19
11901,5,399,468,39,2022-11-25
11902,2,169,416,39,2022-02-01
11903,15,240,83,46,2023-09-09
11904,15,230,99,19,2024-10-03
11905,14,245,208,27,2022-09-28
11906,29,110,164,40,2024-06-16
11907,12,255,78,35,2023-11-06
11908,15,327,316,28,2022-03-05
11909,10,299,4,57,2023-02-03
11910,13,151,90,49,2024-01-31
11911,25,30,207,43,2024-04-20
11912,26,421,133,37,2022-10-05
11913,9,401,130,27,2022-03-25
11914,24,18,207,52,2023-10-17
11915,18,70,437,46,2024-07-29
11916,12,41,30,13,2022-07-19
11917,13,335,397,33,2022-07-12
11918,23,211,13,14,2023-04-30
11919,8,22,189,57,2025-09-05
11920,22,152,14,34,2023-07-11
11921,12,241,239,11,2022-08-17
11922,17,282,196,13,2024-02-12
11923,28,269,368,40,2024-09-09
11924,19,443,239,27,2022-01-25
11925,23,43,94,30,2023-02-15
11926,25,112,210,34,2025-12-18
11927,16,173,208,55,2023-08-20
11928,9,282,266,16,2023-12-25
11929,12,358,321,30,2022-12-22
11930,16,284,59,60,2024-11-02
11931,21,325,408,37,2024-01-31
11932,28,57,356,18,2025-09-01
11933,20,156,442,51,2025-03-25
11934,1,52,415,23,2025-09-14
11935,4,13,95,25,2024-08-17
11936,9,432,408,46,2025-11-15
11937,29,321,217,26,2024-10-18
11938,20,377,306,37,2023-01-23
11939,15,208,412,18,2025-10-02
11940,23,436,48,19,2024-07-31
11941,10,366,264,32,2023-02-07
11942,8,55,350,36,2025-04-21
11943,8,409,412,32,2025-12-17
11944,23,280,436,50,2023-10-24
11945,18,215,319,30,2024-03-13
11946,19,419,436,38,2022-11-06
11947,24,49,24,42,2025-01-05
11948,22,329,433,45,2024-01-24
11949,28,77,320,25,2023-10-08
11950,25,327,421,30,2022-05-26
11951,3,133,401,56,2025-03-06
11952,21,136,407,42,2022-08-05
11953,29,18,196,17,2024-10-26
11954,16,67,112,59,2024-10-21
11955,28,41,101,47,2023-08-15
11956,4,34,387,52,2022-03-09
11957,1,118,168,54,2022-11-18
11958,14,153,355,14,2025-11-20
11959,4,364,86,59,2024-06-15
11960,22,216,445,53,2022-07-30
11961,16,57,246,54,2025-12-31
11962,7,307,113,29,2022-05-03
11963,16,393,-67,37,2023-01-08
11964,22,380,121,12,2022-07-21
11965,30,155,83,51,2025-04-27
11966,5,157,302,12,2023-04-17
11967,19,27,120,32,2024-04-29
11968,30,307,262,23,2022-07-09
11969,4,342,448,53,2023-02-10
11970,22,161,-74,36,2022-01-18
11971,10,306,148,19,2024-11-06
11972,3,270,485,54,2025-01-02
11973,18,332,170,16,2022-06-11
11974,11,77,292,45,2024-06-24
11975,23,123,173,13,2025-04-02
11976,13,77,375,20,2024-01-07
11977,19,232,251,12,2024-12-26
11978,6,178,213,16,2024-08-12
11979,15,441,466,45,2022-09-07
11980,25,26,204,40,2022-02-12
11981,12,143,468,34,2024-01-11
11982,8,144,258,47,2023-10-30
11983,12,290,310,22,2022-12-11
11984,4,17,90,27,2025-01-22
11985,1,87,390,27,2022-09-27
11986,22,160,136,34,2023-04-02
11987,13,143,223,30,2022-01-27
11988,29,448,357,46,2023-04-25
11989,28,411,95,48,2022-03-23
11990,24,356,284,35,2025-10-06
11991,2,271,301,33,2025-05-03
11992,4,168,90,19,2022-07-31
11993,16,145,179,58,2022-06-23
11994,6,23,483,28,2025-10-23
11995,18,186,323,20,2025-07-24
11996,11,262,469,21,2022-08-01
11997,2,305,324,18,2024-09-20
11998,9,341,269,27,2023-09-17
11999,24,68,268,41,2023-07-03
12000,11,183,360,25,2024-07-29
12001,16,66666,434,51,2025-09-20
12002,18,187,483,48,2022-06-01
12003,11,252,177,36,2025-05-02
12004,5,212,107,36,2023-07-22
12005,17,287,452,32,2022-10-11
12006,5,395,104,19,2022-11-28
12007,3,347,306,48,2025-10-07
12008,3,421,168,46,2025-09-08
12009,10,100,182,53,2023-09-07
12010,8,62,56,56,2025-11-11
12011,12,407,206,52,2022-12-28
12012,6,316,25,20,2022-08-23
12013,18,340,470,35,2022-08-13
12014,5,299,83,56,2023-07-03
12015,13,191,239,17,2022-06-06
12016,21,109,368,34,2024-05-05
12017,9,392,443,32,2025-02-10
12018,28,328,362,45,2023-10-26
12019,27,58,118,43,2024-04-21
12020,7,389,90,20,2022-10-05
12021,14,325,105,52,2023-07-21
12022,16,218,139,33,2024-10-25
12023,9,329,58,59,2025-07-21
12024,25,228,337,31,2025-01-19
12025,2,413,46,36,2022-05-12
12026,27,3,34,10,2022-07-05
12027,25,76,217,45,2025-06-16
12028,25,102,337,52,2023-07-26
12029,25,245,215,45,2025-03-02
12030,8,283,356,36,2024-03-06
12031,7,318,272,25,2025-04-25
12032,27,81,113,34,2024-01-25
12033,28,42,15,38,2022-08-17
12034,29,29,213,30,2025-05-03
12035,30,402,107,31,2023-10-09
12036,26,260,307,42,2022-02-15
12037,1,183,340,56,2022-04-07
12038,21,404,121,13,2024-12-17
12039,30,199,349,21,2023-07-17
12040,4,126,98,33,2022-04-17
12041,26,340,89,43,2023-03-14
12042,15,66666,202,57,2024-04-13
12043,9,263,180,38,2025-01-07
12044,24,263,472,18,2022-02-19
12045,24,224,89,49,2024-08-31
12046,19,264,431,40,2025-09-05
12047,27,438,12,35,2025-02-17
12048,7,144,332,10,2023-03-19
12049,27,131,173,43,2023-01-04
12050,9,127,58,23,2024-05-22
12051,7,146,214,18,2024-11-07
12052,1,306,198,53,2024-01-17
12053,21,352,473,33,2025-07-08
12054,16,440,429,42,2024-03-29
12055,25,157,181,40,2024-10-10
12056,6,19,146,14,2025-10-16
12057,27,122,169,22,2025-07-07
12058,28,170,403,29,2022-05-28
12059,23,296,316,47,2024-12-01
12060,18,370,192,56,2023-05-28
12061,5,158,177,24,2025-08-19
12062,23,407,374,57,2025-04-27
12063,2,238,246,28,2025-09-06
12064,28,348,211,54,2024-03-10
12065,3,75,255,34,2025-04-05
12066,17,41,406,12,2022-06-29
12067,25,240,154,51,2025-06-25
12068,6,66,255,56,2024-09-12
12069,1,25,497,40,2022-03-15
12070,24,241,173,51,2024-12-22
12071,10,250,205,37,2025-05-31
12072,14,207,307,49,2025-09-18
12073,12,223,486,51,2023-06-12
12074,11,275,301,37,2024-02-22
12075,24,437,234,50,2025-01-23
12076,27,171,169,35,2023-12-30
12077,24,117,165,40,2025-01-16
12078,7,426,133,54,2025-10-03
12079,15,146,232,45,2024-03-04
12080,2,67,272,33,2022-06-15
12081,8,155,4,37,2025-05-26
12082,26,115,177,42,2023-08-26
12083,28,8,416,29,2025-12-13
12084,20,431,206,21,2024-01-11
12085,12,51,496,11,2022-02-18
12086,8,4,9,33,2025-11-24
12087,4,151,18,50,2023-09-13
12088,12,72,459,18,2025-04-14
12089,12,322,161,47,2023-06-12
12090,19,66666,160,27,2022-09-03
12091,16,258,91,15,2025-09-26
12092,3,293,96,22,2023-09-20
12093,24,67,368,24,2023-11-04
12094,24,66666,114,14,2023-07-25
12095,10,153,483,25,2024-07-10
12096,18,165,233,47,2025-12-23
12097,29,434,198,19,2023-02-07
12098,13,260,379,26,2024-12-01
12099,21,48,467,15,2023-05-02
12100,10,136,12,29,2025-08-19
12101,11,438,104,11,2025-05-10
12102,15,406,391,32,2022-09-12
12103,16,227,5,38,2024-12-04
12104,27,187,51,21,2022-10-27
12105,2,359,4,50,2022-09-07
12106,14,83,174,11,2025-02-05
12107,4,15,13,11,2023-01-24
12108,23,28,410,57,2022-06-17
12109,7,377,205,11,2025-07-13
12110,28,49,463,25,2024-10-06
12111,19,24,214,27,2025-06-26
12112,14,301,137,31,2022-08-24
12113,1,223,420,25,2024-07-02
12114,12,57,238,34,2024-08-24
12115,19,239,422,11,2025-01-10
12116,20,12,311,17,2025-02-05
12117,27,71,31,37,2024-10-19
12118,4,381,393,45,2023-02-07
12119,18,99,85,41,2023-05-03
12120,28,211,94,24,2025-11-29
12121,8,226,310,43,2023-01-14
12122,9,128,315,43,2022-08-30
12123,9,202,339,40,2024-11-18
12124,22,383,490,36,2025-12-26
12125,29,424,467,39,2023-06-23
12126,3,28,376,11,2022-05-05
12127,10,125,43,30,2025-09-06
12128,17,58,306,38,2025-06-08
12129,23,163,183,14,2025-05-08
12130,25,177,92,27,2022-11-14
12131,2,211,277,51,2024-12-09
12132,2,390,163,15,2022-03-16
12133,15,309,61,29,2024-12-20
12134,11,2,243,17,2023-05-08
12135,15,106,26,21,2023-06-06
12136,2,140,70,44,2022-03-06
12137,8,301,103,50,2022-06-17
12138,8,440,337,36,2024-04-23
12139,23,258,262,38,2025-09-12
12140,13,409,147,30,2025-08-21
12141,11,22,164,13,2024-09-05
12142,22,265,165,45,2025-10-06
12143,28,129,5,15,2024-04-01
12144,29,241,18,21,2025-02-06
12145,17,160,341,16,2023-02-03
12146,12,438,112,20,2025-07-14
12147,7,349,370,18,2024-11-21
12148,1,208,329,58,2023-11-23
12149,26,199,136,12,2025-01-07
12150,26,362,491,30,2025-08-08
12151,25,350,382,55,2025-09-08
12152,14,8,55,39,2023-01-20
12153,15,91,381,23,2024-04-01
12154,14,432,208,36,2024-06-20
12155,10,117,112,50,2024-12-09
12156,2,99,43,34,2025-04-14
12157,10,174,234,52,2024-08-27
12158,19,259,49,45,2025-01-18
12159,18,387,333,51,2023-04-06
12160,18,446,233,34,2025-02-19
12161,19,349,478,19,2022-03-16
12162,25,448,63,20,2025-01-25
12163,17,406,127,15,2024-09-30
12164,4,293,70,18,2023-01-09
12165,16,168,410,49,2022-03-18
12166,6,111,10,10,2024-05-06
12167,19,316,486,56,2023-02-16
12168,19,376,367,29,2023-06-09
12169,10,267,0,16,2025-12-10
12170,15,7,144,39,2025-11-30
12171,21,58,59,40,2024-07-22
12172,24,196,389,46,2025-04-17
12173,9,207,245,40,2025-06-10
12174,11,154,499,21,2022-01-18
12175,2,391,199,54,2023-01-25
12176,11,279,448,28,2022-07-20
12177,14,356,357,44,2022-04-02
12178,1,127,242,19,2022-07-31
12179,1,309,306,43,2023-02-13
12180,30,285,0,29,2022-09-16
12181,11,246,484,38,2022-09-28
12182,19,183,430,30,2022-04-14
12183,16,250,397,14,2023-03-13
12184,2,303,16,12,2022-09-26
12185,2,250,335,30,2024-03-31
12186,7,20,442,43,2025-11-29
12187,8,317,432,18,2025-12-24
12188,29,446,226,54,2024-08-19
12189,6,412,452,11,2024-02-24
12190,17,418,200,58,2023-03-20
12191,15,88,444,59,2022-10-29
12192,18,309,148,10,2025-03-13
12193,8,205,379,37,2024-09-20
12194,20,148,90,24,2024-11-28
12195,29,94,362,40,2025-09-21
12196,8,332,69,49,2025-09-06
12197,3,97,242,36,2022-05-14
12198,2,236,65,50,2025-08-05
12199,8,336,86,19,2023-01-06
12200,14,271,240,26,2025-05-01
12201,8,163,197,30,2025-01-17
12202,7,162,100,33,2025-02-08
12203,20,417,306,13,2023-03-22
12204,28,35,448,35,2023-12-06
12205,22,222,210,41,2023-05-08
12206,1,400,438,11,2023-10-19
12207,10,3,312,59,2022-01-10
12208,3,118,235,44,2024-09-02
12209,29,76,256,40,2023-06-06
12210,17,77,384,16,2025-05-05
12211,15,66,491,24,2025-12-13
12212,28,333,296,40,2025-05-15
12213,14,334,449,17,2022-01-25
12214,12,450,324,39,2025-10-25
12215,14,392,462,33,2022-11-25
12216,3,116,122,40,2022-09-27
12217,12,344,162,16,2025-06-24
12218,18,62,467,31,2023-10-05
12219,3,361,251,55,2024-01-24
12220,26,78,460,58,2025-12-22
12221,25,378,55,41,2025-04-16
12222,3,240,357,50,2022-01-08
12223,6,346,484,45,2025-08-18
12224,19,214,117,23,2024-09-10
12225,27,102,49,27,2024-09-15
12226,17,96,435,36,2022-04-22
12227,21,223,178,35,2025-04-01
12228,6,83,168,55,2025-12-03
12229,17,2,77,47,2022-06-25
12230,20,43,345,27,2022-11-13
12231,5,126,199,26,2024-09-11
12232,3,253,336,58,2025-02-01
12233,4,214,306,28,2025-01-13
12234,21,394,312,17,2023-04-23
12235,2,154,139,60,2024-03-19
12236,19,425,194,15,2023-09-15
12237,14,370,218,26,2024-05-19
12238,16,268,204,25,2023-09-20
12239,16,61,472,27,2025-05-21
12240,30,71,375,27,2024-01-21
12241,11,343,145,31,2025-02-15
12242,21,176,421,12,2024-02-24
12243,22,316,132,52,2023-06-15
12244,4,238,436,50,2022-08-02
12245,14,367,407,24,2022-02-03
12246,24,401,359,21,2024-01-02
12247,30,158,109,49,2024-12-19
12248,23,177,140,49,2025-02-03
12249,27,188,12,47,2022-12-25
12250,10,292,479,42,2025-08-18
12251,11,327,176,21,2023-03-06
12252,27,176,333,12,2022-07-08
12253,22,318,274,44,2022-03-20
12254,6,220,147,49,2022-01-14
12255,28,364,245,21,2022-09-19
12256,5,237,497,25,2025-02-20
12257,12,149,109,32,2024-07-27
12258,4,41,459,36,2025-05-15
12259,1,209,487,28,2025-04-19
12260,4,432,391,51,2022-08-31
12261,22,404,320,34,2025-04-13
12262,22,400,421,29,2022-04-24
12263,11,163,165,45,2025-03-31
12264,30,371,129,34,2022-07-20
12265,24,218,142,49,2024-11-16
12266,15,192,459,60,2023-05-16
12267,25,43,31,12,2024-06-16
12268,11,269,347,47,2023-09-13
12269,19,87,496,45,2022-12-28
12270,16,330,451,41,2024-08-31
12271,24,48,191,17,2025-05-08
12272,17,315,382,51,2025-10-17
12273,20,35,48,60,2022-10-11
12274,4,62,227,49,2024-02-23
12275,20,410,149,14,2022-10-30
12276,28,13,301,32,2025-11-16
12277,28,109,412,27,2023-08-09
12278,14,387,43,22,2022-10-09
12279,25,363,237,36,2022-05-31
12280,8,45,33,26,2024-11-29
12281,24,106,-316,24,2022-05-06
12282,10,91,188,12,2024-06-11
12283,2,66666,474,26,2025-03-11
12284,11,256,339,44,2025-08-02
12285,12,249,130,41,2024-04-25
12286,14,256,473,31,2024-11-18
12287,3,259,195,39,2022-10-16
12288,25,268,-402,22,2024-11-24
12289,20,120,354,53,2022-09-14
12290,18,374,271,39,2023-08-04
12291,22,126,261,44,2024-06-24
12292,30,166,489,46,2022-04-02
12293,23,217,190,26,2024-10-17
12294,15,254,149,45,2023-09-07
12295,29,170,368,47,2025-12-02
12296,13,69,136,26,2025-02-15
12297,23,111,289,26,2022-07-20
12298,5,111,74,51,2023-06-21
12299,12,214,62,35,2025-04-04
12300,17,145,58,52,2022-02-11
12301,24,202,468,32,2023-11-11
12302,20,234,148,39,2023-03-26
12303,7,385,77,55,2023-03-02
12304,5,63,277,10,2024-02-16
12305,26,140,15,56,2025-11-14
12306,4,137,312,41,2023-10-26
12307,12,24,55,10,2025-12-06
12308,19,369,379,34,2024-05-13
12309,7,425,156,50,2024-03-13
12310,30,401,315,19,2024-10-06
12311,23,311,300,57,2023-04-24
12312,18,241,431,44,2024-01-20
12313,17,94,7,26,2024-05-22
12314,12,222,317,31,2024-05-14
12315,3,309,15,38,2022-05-22
12316,10,325,292,52,2023-12-21
12317,22,373,433,26,2024-09-16
12318,17,177,367,57,2025-06-09
12319,27,190,406,56,2024-11-15
12320,26,360,312,57,2025-01-22
12321,7,181,413,53,2022-03-12
12322,27,101,427,38,2022-05-08
12323,13,403,354,47,2024-03-11
12324,15,328,200,24,2022-10-15
12325,9,11,415,32,2022-01-15
12326,23,106,276,47,2023-11-11
12327,14,383,90,11,2023-08-01
12328,13,275,157,43,2022-04-26
12329,3,299,228,39,2025-03-23
12330,15,94,284,32,2025-04-28
12331,14,23,324,14,2023-02-03
12332,16,288,61,15,2023-10-08
12333,6,403,142,56,2023-10-20
12334,29,360,69,28,2024-02-17
12335,16,101,223,49,2022-10-17
12336,14,329,179,52,2022-08-20
12337,6,66666,204,16,2025-04-18
12338,5,404,-180,19,2023-08-10
12339,12,416,41,23,2025-12-30
12340,7,422,107,34,2022-09-02
12341,7,443,366,37,2022-06-24
12342,23,132,446,28,2024-04-15
12343,17,181,41,55,2022-03-28
12344,21,228,296,12,2023-04-06
12345,17,32,123,17,2023-04-10
12346,19,9,372,20,2024-07-26
12347,2,244,176,23,2023-08-09
12348,17,143,285,16,2022-12-30
12349,12,77,41,41,2025-01-29
12350,11,174,39,12,2024-05-13
12351,23,231,435,10,2023-02-09
12352,24,422,411,44,2022-06-05
12353,7,62,21,20,2025-01-29
12354,9,438,171,24,2025-03-22
12355,25,214,345,50,2024-07-20
12356,10,75,383,46,2022-12-06
12357,24,402,288,40,2022-08-28
12358,10,150,203,41,2024-02-07
12359,23,18,476,48,2025-01-26
12360,15,421,240,10,2025-03-07
12361,25,213,460,31,2022-10-02
12362,2,429,148,42,2025-01-08
12363,25,164,319,58,2024-09-01
12364,8,435,267,32,2024-12-11
12365,3,89,452,27,2023-12-31
12366,6,379,222,36,2022-11-03
12367,11,435,451,51,2023-10-03
12368,10,405,249,24,2024-02-20
12369,30,246,313,10,2022-11-26
12370,3,216,131,28,2023-12-21
12371,14,1,429,36,2025-06-21
12372,2,19,16,22,2022-10-25
12373,16,434,18,37,2022-03-02
12374,18,65,207,53,2023-01-24
12375,15,16,444,18,2024-06-13
12376,6,231,436,24,2024-04-06
12377,29,8,30,58,2022-01-11
12378,7,98,169,57,2022-08-19
12379,15,142,432,42,2025-06-28
12380,23,316,420,49,2022-07-28
12381,28,277,334,46,2025-05-08
12382,2,274,211,46,2023-03-17
12383,10,214,23,31,2022-01-04
12384,20,44,185,59,2025-08-22
12385,29,275,259,55,2024-10-24
12386,15,341,223,44,2022-09-02
12387,22,7,223,44,2024-02-14
12388,4,152,191,40,2025-05-28
12389,3,10,97,30,2025-08-06
12390,13,425,113,60,2022-04-03
12391,5,450,451,31,2025-10-11
12392,5,167,182,43,2022-02-26
12393,28,25,423,32,2022-03-25
12394,11,284,374,10,2023-07-21
12395,18,53,49,56,2025-11-03
12396,26,366,322,14,2022-04-04
12397,5,239,29,10,2024-04-23
12398,13,76,73,38,2025-03-08
12399,23,418,493,21,2024-12-12
12400,16,236,16,34,2023-07-26
12401,8,66666,30,35,2025-08-21
12402,23,319,134,44,2023-04-09
12403,7,131,109,44,2023-02-14
12404,22,385,42,38,2023-06-19
12405,28,314,417,34,2023-06-15
12406,7,434,465,30,2024-05-01
12407,14,430,325,16,2024-10-08
12408,22,3,119,43,2022-07-24
12409,4,188,348,47,2022-11-06
12410,10,154,99,13,2025-06-02
12411,15,93,155,23,2024-08-01
12412,5,359,282,36,2022-11-10
12413,6,327,493,37,2024-03-28
12414,28,412,245,56,2023-01-31
12415,1,200,54,25,2025-09-28
12416,8,160,364,40,2024-10-14
12417,12,300,68,55,2025-11-11
12418,15,245,159,38,2022-11-02
12419,20,329,41,49,2024-07-22
12420,29,287,274,31,2022-06-26
12421,7,83,131,51,2022-03-10
12422,13,290,0,10,2022-03-01
12423,4,227,228,53,2024-07-08
12424,18,331,208,42,2022-05-18
12425,17,81,363,54,2025-04-08
12426,16,21,10,22,2025-11-26
12427,6,161,289,11,2025-09-25
12428,10,365,117,45,2025-08-23
12429,8,407,198,42,2024-06-27
12430,26,38,110,33,2025-10-08
12431,16,191,3,55,2025-03-14
12432,5,163,125,13,2022-11-03
12433,11,239,421,35,2023-08-06
12434,5,378,90,26,2023-11-14
12435,21,389,313,51,2022-05-05
12436,18,71,461,43,2023-01-25
12437,10,170,387,37,2022-03-18
12438,13,401,389,60,2023-05-03
12439,19,421,492,54,2024-10-17
12440,14,352,363,59,2024-09-02
12441,27,323,427,36,2023-02-04
12442,9,398,236,47,2025-02-16
12443,10,229,306,30,2025-03-28
12444,20,376,378,22,2025-08-28
12445,23,443,100,42,2024-03-21
12446,27,191,363,33,2022-10-24
12447,27,151,312,54,2024-01-30
12448,27,205,55,59,2022-06-19
12449,10,219,47,57,2024-10-08
12450,7,26,379,13,2022-02-20
12451,3,418,331,43,2022-11-29
12452,14,168,258,53,2023-04-27
12453,2,121,362,31,2025-05-16
12454,23,103,288,11,2023-09-25
12455,1,157,447,48,2025-03-29
12456,17,242,442,26,2022-10-10
12457,23,153,38,31,2022-07-04
12458,10,140,222,27,2024-02-28
12459,1,251,31,40,2025-09-02
12460,18,115,392,46,2024-03-02
12461,30,291,78,58,2024-07-24
12462,7,170,354,38,2024-10-09
12463,6,197,11,41,2024-03-29
12464,6,81,221,40,2022-10-04
12465,11,49,26,40,2023-09-27
12466,27,117,179,27,2022-03-04
12467,19,123,331,49,2024-08-07
12468,28,68,45,40,2023-03-23
12469,1,58,420,15,2025-07-08
12470,6,173,343,11,2024-03-20
12471,16,153,161,12,2024-03-14
12472,30,3,390,57,2025-09-06
12473,17,74,81,49,2024-03-14
12474,16,352,118,29,2022-02-19
12475,1,231,364,19,2023-04-17
12476,26,162,304,19,2024-02-03
12477,1,9,325,37,2025-04-05
12478,28,355,243,50,2025-07-25
12479,23,147,422,10,2022-04-07
12480,11,26,339,58,2023-08-06
12481,17,116,344,43,2023-02-24
12482,2,87,449,10,2023-03-26
12483,1,115,149,36,2025-02-11
12484,17,63,114,54,2025-10-23
12485,23,449,154,48,2022-04-30
12486,29,250,346,35,2024-08-28
12487,28,300,30,56,2024-10-25
12488,14,272,280,45,2022-07-18
12489,18,26,283,16,2024-11-19
12490,20,20,43,55,2024-07-15
12491,20,341,432,45,2025-06-16
12492,29,24,484,59,2022-12-17
12493,10,383,449,17,2023-07-28
12494,28,163,328,40,2023-04-06
12495,24,140,300,38,2023-12-02
12496,24,393,27,41,2023-12-21
12497,22,247,242,38,2022-11-29
12498,22,1,69,41,2024-11-26
12499,10,307,361,14,2024-06-27
12500,14,233,493,48,2025-10-30
12501,6,442,473,24,2022-06-08
12502,27,429,497,23,2025-08-11
12503,30,104,66,36,2025-11-27
12504,10,259,461,32,2024-04-25
12505,4,7,336,58,2023-09-23
12506,21,301,488,19,2024-03-20
12507,10,427,177,29,2023-06-09
12508,29,256,362,22,2023-10-26
12509,9,209,37,57,2022-05-12
12510,15,183,324,20,2024-12-05
12511,28,302,183,45,2023-10-24
12512,20,182,318,45,2024-08-24
12513,15,408,89,58,2024-11-29
12514,21,385,9,41,2023-02-22
12515,15,44,483,18,2024-10-19
12516,8,380,219,29,2022-09-04
12517,5,156,351,13,2023-07-04
12518,3,314,110,26,2023-06-02
12519,23,102,1,27,2022-08-27
12520,14,10,352,57,2023-04-27
12521,7,66,410,10,2022-04-07
12522,16,295,234,24,2024-01-05
12523,30,66666,305,42,2024-07-29
12524,22,323,446,46,2024-03-28
12525,21,187,352,54,2022-12-30
12526,14,386,435,26,2022-07-23
12527,22,287,140,29,2023-03-03
12528,18,114,282,19,2024-03-02
12529,11,271,263,39,2025-04-30
12530,14,42,345,51,2025-04-03
12531,11,310,25,50,2024-01-31
12532,28,157,188,59,2025-06-04
12533,23,335,21,11,2024-08-03
12534,22,197,109,47,2023-08-31
12535,30,161,280,13,2024-02-15
12536,4,189,131,23,2022-06-29
12537,24,74,51,43,2024-01-24
12538,19,81,166,27,2025-02-15
12539,14,284,72,50,2023-05-28
12540,26,66,29,60,2024-04-23
12541,11,320,390,19,2023-12-06
12542,21,184,321,30,2025-04-28
12543,23,135,37,54,2023-09-17
12544,30,290,92,36,2023-11-23
12545,17,235,420,53,2024-10-12
12546,23,71,161,49,2024-10-29
12547,25,267,213,44,2022-07-10
12548,30,90,84,39,2024-05-19
12549,26,400,141,35,2024-01-04
12550,8,282,280,58,2025-05-01
12551,4,112,63,51,2024-03-04
12552,10,437,238,27,2024-03-10
12553,1,363,39,30,2023-01-31
12554,16,24,452,55,2024-01-17
12555,4,229,323,33,2024-04-08
12556,29,361,81,36,2022-03-12
12557,23,237,213,11,2024-04-25
12558,1,355,223,24,2022-08-09
12559,29,305,224,44,2023-03-18
12560,10,189,470,34,2025-02-24
12561,30,261,343,35,2024-09-14
12562,15,358,142,40,2025-09-10
12563,21,260,164,10,2023-11-17
12564,2,436,267,60,2022-09-07
12565,7,276,151,31,2023-07-23
12566,9,188,363,50,2022-01-02
12567,11,421,479,27,2024-02-17
12568,3,316,330,33,2025-10-12
12569,20,361,13,57,2022-06-13
12570,7,55,176,27,2025-11-29
12571,29,345,44,51,2023-07-12
12572,10,71,108,34,2025-12-02
12573,27,220,182,58,2022-10-19
12574,6,179,42,20,2022-10-25
12575,9,187,339,46,2022-03-03
12576,30,143,2,40,2023-08-27
12577,26,344,146,51,2022-09-25
12578,15,3,108,13,2024-07-30
12579,25,426,465,31,2022-06-03
12580,15,250,156,47,2022-08-13
12581,23,283,390,24,2022-05-31
12582,3,180,185,44,2024-11-20
12583,1,8,444,32,2023-04-17
12584,16,231,374,13,2025-04-15
12585,24,76,314,26,2022-02-19
12586,1,148,169,57,2023-07-15
12587,2,322,474,17,2024-05-26
12588,29,413,438,54,2024-02-27
12589,9,99,193,35,2023-03-05
12590,4,246,252,50,2022-06-14
12591,3,264,428,39,2025-01-17
12592,12,76,24,40,2023-01-14
12593,26,55,33,39,2025-11-06
12594,1,218,371,27,2023-09-30
12595,6,311,64,14,2024-11-08
12596,5,427,289,18,2023-07-29
12597,16,373,174,55,2023-08-19
12598,27,302,445,23,2025-04-01
12599,25,374,305,60,2024-09-07
12600,23,150,150,58,2023-03-14
12601,27,241,155,49,2022-12-05
12602,18,19,192,52,2024-08-22
12603,16,390,382,59,2023-07-20
12604,8,35,408,35,2024-09-11
12605,12,43,183,25,2024-03-17
12606,11,114,480,19,2023-09-07
12607,10,331,52,12,2024-12-19
12608,21,283,283,21,2025-05-03
12609,13,126,194,26,2022-03-27
12610,15,442,288,30,2022-11-15
12611,11,353,458,20,2025-07-19
12612,24,381,264,38,2023-11-12
12613,22,55,78,32,2024-01-19
12614,17,36,179,40,2023-06-02
12615,28,278,471,14,2024-01-23
12616,16,405,35,37,2025-05-23
12617,14,174,277,32,2025-02-22
12618,18,149,40,26,2023-08-14
12619,7,283,97,20,2023-07-05
12620,19,373,459,32,2022-10-18
12621,29,312,356,11,2022-11-16
12622,25,119,471,22,2025-12-06
12623,20,178,108,34,2024-04-24
12624,15,248,347,37,2022-09-15
12625,7,78,450,20,2025-12-15
12626,14,295,112,32,2024-12-28
12627,13,295,216,12,2022-11-18
12628,10,12,380,37,2024-07-28
12629,11,309,266,11,2022-04-11
12630,6,333,388,10,2022-04-26
12631,2,358,167,52,2022-10-08
12632,13,210,238,36,2025-04-15
12633,13,394,175,36,2023-03-20
12634,12,154,346,51,2024-07-10
12635,11,194,336,20,2025-05-10
12636,10,311,136,46,2023-01-02
12637,3,244,205,16,2023-06-13
12638,25,64,-52,14,2024-09-18
12639,21,441,419,32,2022-03-31
12640,29,397,210,43,2025-12-31
12641,12,176,327,45,2023-01-06
12642,23,344,24,48,2023-05-25
12643,24,19,52,21,2024-06-29
12644,16,300,165,55,2022-05-04
12645,6,306,479,13,2025-03-27
12646,8,225,469,54,2024-10-12
12647,10,124,237,46,2023-10-28
12648,3,379,62,45,2025-10-12
12649,28,356,210,10,2022-07-17
12650,10,22,350,48,2025-10-08
12651,4,84,41,25,2022-03-03
12652,10,99,306,10,2024-01-13
12653,29,342,325,40,2025-11-07
12654,9,189,147,47,2022-06-04
12655,17,437,463,44,2024-01-12
12656,17,62,13,20,2022-02-20
12657,29,229,298,17,2023-06-19
12658,9,159,101,47,2023-01-03
12659,27,280,407,37,2023-04-28
12660,12,203,26,34,2023-03-30
12661,26,418,421,10,2024-03-23
12662,19,53,72,50,2024-04-20
12663,25,427,1,57,2022-07-18
12664,20,220,137,42,2025-03-27
12665,13,281,424,35,2025-03-26
12666,7,133,389,28,2022-08-17
12667,18,445,422,55,2023-02-08
12668,19,368,65,24,2024-01-20
12669,2,11,62,12,2024-01-31
12670,10,108,326,57,2025-04-11
12671,1,424,21,16,2023-03-01
12672,29,334,314,41,2025-10-20
12673,17,30,270,25,2022-06-30
12674,8,8,90,47,2025-07-04
12675,5,39,470,42,2023-07-02
12676,28,201,188,20,2024-05-05
12677,18,179,126,49,2024-11-19
12678,28,196,259,16,2024-09-04
12679,6,203,130,58,2022-05-29
12680,3,400,71,25,2025-02-16
12681,21,181,142,59,2025-12-10
12682,5,82,104,14,2022-06-16
12683,20,317,452,16,2023-08-01
12684,10,224,50,40,2024-01-15
12685,25,431,458,55,2023-02-02
12686,10,34,307,54,2022-01-28
12687,14,124,438,33,2023-06-26
12688,16,383,462,27,2022-04-12
12689,18,98,169,27,2024-10-24
12690,8,274,450,48,2023-01-03
12691,1,292,252,32,2025-12-03
12692,27,249,485,35,2023-11-08
12693,26,256,461,54,2025-07-01
12694,25,307,160,56,2022-07-17
12695,22,377,433,34,2023-04-28
12696,8,143,329,24,2024-10-13
12697,30,173,428,49,2024-06-17
12698,23,89,292,57,2023-11-15
12699,6,248,132,13,2023-03-23
12700,17,398,184,42,2024-05-18
12701,3,399,355,24,2025-05-04
12702,23,198,380,16,2025-12-18
12703,10,346,219,49,2023-09-12
12704,23,388,140,32,2023-01-11
12705,26,270,297,57,2023-09-18
12706,23,380,441,21,2025-01-26
12707,15,171,210,37,2024-10-02
12708,18,94,446,34,2023-11-13
12709,17,17,189,53,2022-03-15
12710,18,113,405,57,2025-02-26
12711,29,93,265,21,2025-07-14
12712,25,166,308,27,2025-05-03
12713,25,391,194,25,2023-05-16
12714,28,378,141,35,2023-06-16
12715,24,62,386,59,2024-09-10
12716,27,359,34,40,2025-03-28
12717,27,95,342,59,2022-12-03
12718,23,282,379,15,2025-10-13
12719,15,69,286,32,2023-09-26
12720,6,292,16,47,2025-11-06
12721,22,295,485,59,2022-07-29
12722,21,307,363,54,2025-01-13
12723,14,379,192,52,2025-10-22
12724,20,427,235,22,2024-11-27
12725,11,162,389,59,2024-02-15
12726,14,99,474,47,2025-08-09
12727,27,66666,62,25,2023-02-09
12728,14,82,437,45,2024-12-10
12729,14,266,251,41,2022-03-14
12730,13,321,447,37,2022-03-28
12731,6,71,386,38,2022-08-31
12732,23,104,475,19,2024-10-16
12733,17,307,181,15,2023-01-08
12734,1,138,102,48,2024-05-22
12735,4,287,301,55,2024-11-13
12736,24,414,87,16,2025-08-04
12737,17,95,299,11,2025-08-26
12738,21,173,152,50,2025-04-18
12739,17,111,365,19,2023-02-14
12740,3,2,84,57,2025-08-12
12741,6,103,463,51,2022-11-15
12742,27,288,265,60,2025-04-29
12743,17,270,412,25,2025-09-21
12744,27,105,61,55,2022-06-23
12745,4,316,396,48,2025-01-31
12746,18,121,306,45,2025-10-08
12747,7,350,21,21,2023-10-08
12748,1,50,10,36,2024-06-07
12749,19,409,135,22,2022-05-20
12750,15,167,361,57,2023-06-16
12751,17,9,316,21,2024-05-21
12752,25,229,315,37,2025-04-23
12753,14,227,261,35,2023-07-05
12754,25,271,245,11,2023-10-16
12755,24,313,277,50,2022-07-31
12756,3,391,419,44,2023-05-17
12757,19,256,287,13,2024-12-28
12758,17,126,122,28,2024-04-18
12759,21,155,249,56,2023-12-04
12760,1,165,308,27,2024-09-28
12761,28,173,475,41,2022-01-13
12762,2,57,496,48,2024-07-11
12763,7,134,466,11,2025-01-10
12764,18,183,423,58,2023-02-05
12765,24,311,235,10,2023-06-15
12766,30,35,344,33,2024-11-02
12767,22,448,36,12,2022-12-04
12768,11,339,446,46,2022-04-05
12769,10,79,301,42,2025-09-16
12770,6,445,359,18,2024-08-25
12771,27,174,128,45,2022-07-10
12772,17,233,129,34,2023-12-23
12773,7,323,460,53,2023-10-23
12774,29,45,258,23,2022-12-07
12775,15,336,414,50,2024-04-30
12776,10,164,170,38,2025-05-12
12777,2,112,35,30,2025-09-09
12778,4,97,444,35,2025-11-17
12779,27,207,284,29,2024-05-20
12780,5,178,410,13,2023-08-12
12781,30,79,138,29,2022-09-05
12782,8,270,32,50,2025-03-03
12783,22,260,-6,32,2022-10-29
12784,15,379,45,51,2024-04-28
12785,14,273,30,14,2023-06-19
12786,2,174,370,20,2025-09-19
12787,10,199,375,57,2024-04-30
12788,13,220,82,41,2025-06-25
12789,19,411,459,30,2024-09-22
12790,15,222,357,29,2025-07-24
12791,18,253,213,32,2024-05-26
12792,3,258,225,11,2025-07-30
12793,7,165,385,18,2023-06-19
12794,29,148,127,37,2023-05-31
12795,2,338,166,26,2023-08-05
12796,22,273,162,28,2024-06-06
12797,19,350,0,30,2022-06-28
12798,3,358,316,58,2022-12-23
12799,5,152,37,45,2022-12-23
12800,29,176,11,55,2024-06-13
12801,22,402,441,30,2024-08-16
12802,9,365,498,28,2022-02-15
12803,29,335,163,40,2025-05-29
12804,21,398,205,51,2025-11-15
12805,4,303,93,30,2023-04-09
12806,26,145,492,59,2022-10-21
12807,16,35,39,38,2022-02-09
12808,2,282,291,47,2024-07-19
12809,24,413,330,27,2022-07-11
12810,29,178,486,18,2024-06-09
12811,6,143,262,53,2024-11-07
12812,18,119,357,48,2024-02-12
12813,25,387,422,43,2022-11-24
12814,10,44,403,51,2022-02-13
12815,8,413,125,12,2022-04-11
12816,29,350,226,25,2024-07-14
12817,3,239,18,45,2023-08-04
12818,22,343,326,25,2023-06-25
12819,28,255,227,54,2025-03-08
12820,20,198,66,46,2023-08-12
12821,8,370,221,40,2024-11-15
12822,15,243,406,17,2024-07-25
12823,18,427,121,29,2022-07-23
12824,12,246,77,59,2024-05-27
12825,15,160,418,16,2024-02-10
12826,1,171,374,11,2025-05-25
12827,27,123,45,11,2023-07-15
12828,7,159,252,27,2025-01-08
12829,26,249,164,35,2023-06-10
12830,3,130,467,30,2023-08-03
12831,8,445,336,14,2022-03-18
12832,12,1,259,24,2025-05-04
12833,6,395,363,20,2024-04-14
12834,24,79,96,53,2024-08-21
12835,27,360,55,36,2025-06-03
12836,7,58,475,27,2024-04-27
12837,15,398,497,40,2025-02-13
12838,21,149,136,28,2023-06-12
12839,19,1,108,12,2023-03-29
12840,24,286,286,23,2025-06-19
12841,22,149,341,18,2022-12-09
12842,27,196,71,38,2022-06-03
12843,17,355,388,59,2023-02-01
12844,15,199,92,36,2025-11-11
12845,8,398,179,35,2024-04-13
12846,19,212,357,37,2025-10-06
12847,29,116,337,28,2025-01-17
12848,24,396,36,14,2022-06-28
12849,9,336,144,42,2023-01-15
12850,4,216,133,24,2024-08-22
12851,7,227,119,49,2022-04-02
12852,8,165,316,26,2022-06-01
12853,14,413,147,39,2023-03-15
12854,5,180,265,20,2025-02-17
12855,22,450,393,58,2023-07-18
12856,24,25,347,20,2022-11-16
12857,1,260,480,14,2025-09-22
12858,9,268,466,39,2023-07-03
12859,4,363,443,27,2024-08-27
12860,23,318,250,10,2022-09-11
12861,14,202,475,13,2024-08-08
12862,2,353,391,52,2025-10-02
12863,17,248,15,29,2025-03-27
12864,26,354,330,17,2023-04-28
12865,5,363,161,26,2025-01-17
12866,9,195,1,58,2025-04-09
12867,28,417,458,31,2022-09-06
12868,18,296,424,34,2022-10-08
12869,2,88,5,31,2023-02-25
12870,13,294,185,10,2023-03-25
12871,4,25,142,27,2023-07-16
12872,25,169,14,53,2024-03-16
12873,24,380,202,38,2023-06-20
12874,11,119,459,24,2023-05-03
12875,28,134,195,40,2025-03-17
12876,14,98,132,36,2024-05-09
12877,4,91,443,39,2024-04-10
12878,17,376,244,27,2022-07-03
12879,19,96,157,51,2025-11-18
12880,11,450,197,22,2024-05-06
12881,2,224,259,53,2022-11-13
12882,26,319,305,53,2024-03-11
12883,10,31,317,14,2023-04-17
12884,22,236,488,39,2023-12-18
12885,30,21,126,15,2025-01-04
12886,28,393,204,29,2023-04-09
12887,10,428,146,29,2022-10-28
12888,14,357,234,24,2025-05-29
12889,1,26,388,16,2023-05-17
12890,11,283,279,24,2022-08-30
12891,24,213,74,54,2023-06-07
12892,5,405,428,51,2023-10-30
12893,15,2,432,31,2022-10-25
12894,18,279,338,45,2024-09-16
12895,26,192,397,42,2022-05-22
12896,21,117,264,35,2025-09-27
12897,23,78,73,38,2023-12-16
12898,16,126,458,51,2024-11-18
12899,7,270,352,14,2023-12-09
12900,14,51,320,54,2025-03-19
12901,7,9,109,31,2023-02-06
12902,21,343,9,30,2024-01-08
12903,17,439,293,26,2023-02-04
12904,7,339,483,35,2023-01-14
12905,4,99,261,24,2024-03-09
12906,16,259,303,37,2025-03-31
12907,22,110,392,48,2024-04-03
12908,9,157,35,33,2023-09-04
12909,25,404,230,49,2023-01-25
12910,1,144,397,36,2023-12-29
12911,21,110,39,58,2023-08-07
12912,17,237,235,59,2024-05-09
12913,18,35,268,32,2022-06-09
12914,1,327,419,25,2023-02-27
12915,24,36,493,38,2022-11-01
12916,26,380,36,26,2022-01-27
12917,19,357,29,51,2024-10-07
12918,29,375,396,39,2024-01-27
12919,30,5,98,32,2023-07-16
12920,17,159,255,18,2023-03-20
12921,14,129,364,47,2022-10-19
12922,11,93,10,15,2022-10-18
12923,19,299,226,38,2024-10-23
12924,3,188,188,43,2023-04-18
12925,24,336,411,54,2025-11-23
12926,5,389,464,47,2022-05-21
12927,20,316,245,39,2025-09-14
12928,24,137,280,39,2025-10-07
12929,7,163,438,55,2022-12-21
12930,16,187,114,60,2022-11-01
12931,13,55,248,19,2022-09-02
12932,9,109,151,45,2023-10-08
12933,25,301,136,35,2022-02-18
12934,25,405,427,27,2025-08-13
12935,25,161,269,30,2025-05-22
12936,23,266,364,35,2025-07-18
12937,7,328,133,23,2025-11-26
12938,15,163,131,17,2023-05-27
12939,18,450,349,47,2025-11-09
12940,13,268,354,15,2025-06-23
12941,29,216,66,37,2023-12-20
12942,12,204,24,21,2024-07-22
12943,30,15,444,18,2022-06-14
12944,4,428,457,15,2024-09-30
12945,19,152,281,60,2025-09-15
12946,12,232,258,22,2022-07-02
12947,8,415,398,16,2023-05-18
12948,24,55,379,60,2022-08-22
12949,21,247,470,32,2024-06-05
12950,8,122,291,42,2022-09-18
12951,20,149,465,13,2022-12-26
12952,30,435,92,21,2023-06-25
12953,15,195,115,55,2023-12-10
12954,22,215,323,29,2024-09-01
12955,24,350,428,11,2022-03-19
12956,7,178,294,22,2023-01-01
12957,17,234,67,26,2024-06-24
12958,8,188,468,54,2023-08-10
12959,15,119,476,16,2023-10-09
12960,11,264,497,24,2024-11-17
12961,25,294,212,46,2023-06-02
12962,3,409,411,14,2025-01-02
12963,17,173,192,12,2022-03-09
12964,6,386,346,45,2023-05-12
12965,16,358,37,13,2022-01-25
12966,27,258,443,28,2024-01-30
12967,21,290,383,10,2022-02-17
12968,17,293,16,15,2022-02-19
12969,23,267,287,57,2025-12-12
12970,9,96,44,48,2022-01-04
12971,7,294,376,14,2022-04-08
12972,27,239,480,22,2025-09-20
12973,18,213,230,52,2024-07-08
12974,14,228,171,38,2023-05-25
12975,16,318,460,13,2024-05-24
12976,12,335,360,33,2023-08-30
12977,14,223,1,44,2024-12-29
12978,14,113,339,24,2024-03-13
12979,4,403,39,22,2025-03-25
12980,30,178,119,28,2023-12-13
12981,30,280,432,43,2023-07-17
12982,20,55,420,51,2022-01-21
12983,4,296,206,21,2024-12-20
12984,5,369,445,53,2024-02-07
12985,25,141,212,39,2022-06-27
12986,23,178,195,19,2022-06-11
12987,13,430,-326,13,2022-11-26
12988,1,448,230,55,2025-03-11
12989,5,330,204,35,2023-02-21
12990,18,261,72,18,2023-05-25
12991,12,383,46,30,2022-08-10
12992,22,125,142,29,2025-11-20
12993,29,201,256,45,2022-11-08
12994,16,118,374,24,2024-03-22
12995,19,210,383,59,2024-09-17
12996,23,239,34,50,2024-05-10
12997,23,222,268,56,2025-02-04
12998,12,53,184,29,2023-05-28
12999,9,374,282,13,2022-03-11
13000,11,167,136,40,2025-07-18
13001,18,348,275,15,2025-02-24
13002,1,86,270,58,2025-05-17
13003,25,218,346,51,2025-03-10
13004,26,402,125,43,2024-10-31
13005,21,221,301,57,2024-05-08
13006,7,421,208,26,2025-01-13
13007,16,322,294,57,2024-08-28
13008,12,195,70,16,2023-09-11
13009,8,218,408,37,2024-12-17
13010,2,296,167,58,2025-05-06
13011,19,271,360,41,2022-06-23
13012,5,323,212,46,2022-07-01
13013,23,331,123,48,2025-08-21
13014,11,142,349,46,2025-10-31
13015,7,54,492,50,2024-04-08
13016,10,378,484,12,2023-11-01
13017,7,258,83,44,2022-04-04
13018,25,440,195,45,2024-04-14
13019,13,107,453,43,2022-06-23
13020,15,444,107,16,2023-10-19
13021,27,69,371,58,2024-11-17
13022,14,22,285,27,2025-02-24
13023,2,257,495,20,2023-06-23
13024,24,73,409,54,2022-04-08
13025,7,372,107,58,2025-06-01
13026,4,338,27,47,2022-12-21
13027,25,316,264,46,2022-04-11
13028,22,378,321,47,2022-04-15
13029,29,258,438,24,2023-12-14
13030,7,440,105,24,2022-02-21
13031,14,182,-233,48,2022-12-09
13032,28,233,417,11,2023-06-02
13033,7,362,398,18,2023-05-30
13034,12,238,285,22,2024-01-07
13035,18,160,198,51,2023-07-01
13036,4,306,114,24,2024-06-03
13037,10,362,214,21,2023-06-29
13038,18,288,266,34,2023-09-27
13039,24,70,163,15,2024-11-05
13040,15,108,17,34,2025-06-02
13041,21,76,325,52,2024-08-09
13042,22,325,149,57,2022-10-30
13043,14,123,131,57,2022-05-17
13044,16,235,12,29,2024-09-18
13045,6,119,269,58,2022-07-21
13046,4,446,367,17,2025-01-28
13047,27,31,404,49,2024-08-18
13048,6,434,309,30,2025-03-21
13049,8,428,248,54,2022-01-23
13050,4,245,195,10,2022-05-12
13051,2,176,27,20,2024-01-18
13052,8,303,260,11,2025-11-29
13053,27,70,418,37,2025-12-12
13054,5,60,116,33,2022-10-04
13055,21,360,154,52,2024-01-16
13056,9,393,465,25,2024-11-27
13057,25,71,252,21,2025-04-25
13058,6,342,345,16,2023-04-28
13059,27,142,177,43,2022-07-18
13060,1,403,352,44,2025-01-16
13061,10,26,407,20,2025-04-19
13062,12,55,394,53,2025-06-21
13063,16,230,76,23,2024-09-24
13064,23,309,212,19,2025-06-02
13065,5,117,490,30,2022-01-25
13066,17,308,88,24,2024-04-17
13067,19,226,136,22,2023-08-31
13068,20,213,246,55,2023-05-25
13069,4,146,350,43,2025-03-11
13070,13,172,187,50,2022-10-02
13071,23,405,136,45,2022-10-18
13072,14,43,82,49,2024-08-07
13073,28,326,258,29,2023-06-28
13074,22,358,389,27,2023-08-18
13075,1,255,121,55,2025-04-19
13076,11,237,286,34,2023-09-08
13077,7,450,-453,32,2025-12-03
13078,12,254,387,32,2023-02-06
13079,25,319,419,56,2023-11-29
13080,7,438,498,55,2024-04-03
13081,5,250,448,17,2022-05-12
13082,27,129,174,12,2024-11-27
13083,4,433,19,54,2023-08-05
13084,8,14,297,47,2023-09-09
13085,25,349,402,37,2024-02-07
13086,11,321,362,41,2024-10-11
13087,21,103,238,51,2024-11-23
13088,27,345,245,21,2023-02-23
13089,18,238,62,25,2022-11-10
13090,30,228,148,30,2022-05-30
13091,25,348,36,30,2023-03-20
13092,25,415,111,31,2025-10-05
13093,8,199,313,41,2024-03-02
13094,26,117,375,13,2022-10-13
13095,29,450,15,20,2023-12-30
13096,27,64,119,33,2024-05-21
13097,16,114,327,25,2023-08-11
13098,16,92,219,59,2023-04-05
13099,24,423,146,58,2025-05-18
13100,1,30,84,42,2023-04-28
13101,11,62,-105,34,2024-01-17
13102,23,37,364,41,2023-10-09
13103,13,395,113,45,2022-03-10
13104,21,412,271,13,2025-05-17
13105,9,302,115,20,2022-02-14
13106,7,67,407,40,2025-01-07
13107,8,69,385,54,2025-06-15
13108,2,119,304,47,2023-06-19
13109,13,417,64,19,2022-01-24
13110,27,278,403,42,2024-12-21
13111,6,118,259,30,2022-08-01
13112,27,377,37,19,2022-09-07
13113,12,93,445,23,2022-05-19
13114,21,264,257,27,2022-11-06
13115,1,11,437,31,2024-03-03
13116,7,399,217,28,2024-11-08
13117,4,212,311,19,2024-04-28
13118,15,393,123,40,2022-03-31
13119,18,436,165,14,2025-11-04
13120,13,418,146,48,2023-06-24
13121,2,37,312,36,2023-06-08
13122,8,406,107,39,2025-03-09
13123,19,371,185,40,2022-09-10
13124,1,181,53,49,2023-11-15
13125,15,388,170,46,2025-10-20
13126,1,201,57,12,2024-09-10
13127,14,260,235,60,2022-04-28
13128,18,68,500,41,2022-11-23
13129,21,251,256,16,2025-12-18
13130,13,266,448,32,2025-04-18
13131,24,124,2,10,2023-06-06
13132,14,155,195,57,2022-09-06
13133,16,189,54,49,2023-01-27
13134,23,67,169,12,2025-03-18
13135,19,309,137,40,2023-08-18
13136,14,363,456,29,2024-04-07
13137,30,144,243,42,2022-03-23
13138,17,83,470,50,2024-10-08
13139,20,313,497,54,2025-10-03
13140,8,166,44,57,2024-08-22
13141,24,146,393,25,2022-10-14
13142,2,247,81,45,2024-02-11
13143,29,92,86,39,2022-04-29
13144,2,77,85,31,2022-01-14
13145,26,28,371,26,2025-08-06
13146,3,131,349,56,2024-02-25
13147,22,121,97,37,2025-03-08
13148,8,232,345,45,2022-10-20
13149,20,219,234,36,2024-04-14
13150,7,19,350,30,2025-04-03
13151,4,155,494,48,2025-03-05
13152,10,314,112,19,2022-11-27
13153,3,205,159,59,2024-08-08
13154,29,210,321,16,2023-07-26
13155,13,101,414,15,2024-12-10
13156,10,239,392,30,2025-04-25
13157,29,123,104,38,2024-10-28
13158,2,380,142,39,2023-02-02
13159,6,233,274,22,2025-10-07
13160,9,366,379,39,2024-02-25
13161,11,69,32,28,2022-06-26
13162,6,305,446,34,2022-03-22
13163,2,275,149,33,2025-09-09
13164,11,346,53,31,2025-03-21
13165,23,391,85,25,2025-03-08
13166,13,51,244,38,2023-10-20
13167,23,152,86,41,2025-10-10
13168,6,384,358,60,2025-04-09
13169,9,292,343,23,2023-12-15
13170,1,92,110,41,2022-09-16
13171,23,350,221,21,2025-07-29
13172,30,214,319,12,2022-10-05
13173,6,435,292,44,2025-08-21
13174,18,428,35,56,2025-02-16
13175,2,318,222,38,2025-01-20
13176,10,302,427,36,2023-11-16
13177,28,396,240,49,2023-09-27
13178,24,60,43,35,2024-10-02
13179,4,78,81,31,2024-10-03
13180,2,56,382,29,2024-06-14
13181,27,356,333,14,2024-03-24
13182,18,412,225,49,2023-01-16
13183,12,325,14,11,2024-01-27
13184,16,317,50,46,2024-06-15
13185,11,151,198,39,2023-01-29
13186,20,101,231,12,2022-08-23
13187,16,286,7,20,2024-10-30
13188,15,268,361,43,2023-01-28
13189,19,379,331,27,2024-12-29
13190,9,137,114,14,2022-03-12
13191,4,400,33,13,2022-10-08
13192,13,161,260,12,2024-11-29
13193,11,366,428,59,2022-02-28
13194,4,118,5,38,2024-08-04
13195,16,172,47,45,2022-01-24
13196,26,449,467,57,2024-06-02
13197,23,202,-53,30,2025-05-04
13198,19,195,344,60,2023-02-27
13199,12,352,246,12,2024-07-12
13200,14,146,90,23,2023-08-16
13201,10,335,56,20,2022-09-12
13202,3,182,362,55,2024-07-23
13203,7,45,1,41,2024-08-29
13204,22,418,484,17,2024-03-04
13205,30,406,497,49,2024-04-23
13206,7,233,371,35,2023-12-06
13207,11,37,204,44,2024-06-25
13208,23,187,323,45,2023-01-09
13209,26,389,154,12,2024-02-13
13210,16,54,85,19,2023-01-03
13211,30,215,324,29,2022-05-30
13212,5,387,304,19,2024-04-14
13213,13,360,158,59,2022-04-23
13214,8,82,190,19,2022-06-16
13215,5,416,438,58,2023-05-26
13216,15,329,164,44,2022-06-05
13217,26,12,62,42,2022-06-17
13218,20,367,492,10,2024-03-18
13219,10,51,462,55,2024-03-29
13220,29,58,223,11,2024-08-04
13221,19,15,300,16,2022-03-31
13222,14,21,133,36,2024-01-06
13223,12,49,230,14,2024-03-16
13224,18,245,233,16,2025-08-22
13225,30,1,96,58,2023-11-02
13226,8,376,127,11,2023-12-10
13227,10,163,37,60,2025-07-12
13228,8,198,194,56,2022-06-05
13229,4,385,483,36,2025-07-03
13230,10,53,434,30,2023-06-05
13231,15,105,356,35,2024-10-07
13232,9,411,92,40,2025-04-12
13233,14,41,94,32,2022-02-19
13234,10,342,58,17,2024-06-28
13235,16,314,206,17,2024-01-13
13236,12,107,417,44,2022-04-27
13237,15,197,351,32,2024-11-18
13238,4,85,140,50,2023-08-23
13239,13,105,46,37,2023-03-11
13240,14,126,265,59,2024-01-02
13241,11,180,428,30,2022-09-30
13242,5,132,131,48,2022-04-15
13243,29,340,346,24,2025-01-10
13244,20,46,349,48,2024-10-30
13245,23,36,286,35,2023-06-21
13246,18,423,429,39,2024-11-04
13247,19,393,80,16,2024-08-22
13248,1,108,9,33,2025-08-13
13249,21,219,459,36,2025-02-04
13250,3,295,491,38,2022-01-17
13251,7,96,344,38,2024-11-13
13252,4,386,359,59,2025-05-25
13253,30,324,174,45,2024-02-10
13254,14,279,209,34,2022-03-11
13255,15,290,415,30,2022-02-27
13256,8,357,338,47,2022-12-10
13257,25,40,500,27,2023-09-06
13258,27,53,45,42,2025-09-09
13259,22,321,67,51,2023-05-21
13260,25,104,91,20,2022-11-13
13261,15,180,185,45,2022-06-15
13262,5,343,248,19,2025-11-30
13263,10,120,76,59,2023-10-29
13264,27,294,188,32,2025-07-12
13265,9,443,413,38,2025-08-31
13266,27,29,288,19,2025-04-02
13267,22,188,476,32,2022-10-21
13268,18,401,490,23,2023-08-06
13269,20,138,424,15,2023-08-17
13270,8,229,459,55,2024-12-13
13271,30,27,399,57,2025-12-14
13272,17,391,143,32,2024-05-16
13273,3,79,287,56,2024-08-29
13274,14,55,208,27,2022-11-05
13275,3,125,72,25,2022-12-03
13276,26,104,2,57,2022-01-18
13277,18,146,183,39,2025-04-28
13278,25,408,90,39,2025-05-24
13279,9,320,52,27,2022-09-07
13280,1,344,441,54,2023-10-31
13281,12,270,466,53,2022-11-02
13282,17,186,263,21,2024-06-30
13283,23,369,271,27,2025-10-06
13284,11,133,355,54,2022-01-09
13285,18,422,105,25,2025-04-05
13286,17,87,148,47,2022-02-28
13287,23,323,9,21,2025-12-02
13288,7,292,159,53,2023-07-29
13289,26,424,336,25,2025-12-07
13290,17,313,344,38,2024-06-19
13291,28,380,319,53,2023-07-10
13292,5,379,487,23,2023-10-13
13293,6,191,174,44,2022-06-27
13294,25,369,224,41,2022-08-02
13295,18,133,69,47,2025-08-22
13296,26,82,422,42,2024-01-06
13297,28,442,414,44,2023-11-11
13298,16,222,405,30,2024-04-22
13299,28,206,353,49,2024-09-12
13300,10,62,151,19,2025-12-29
13301,4,350,145,15,2024-04-07
13302,27,18,275,40,2025-08-05
13303,15,127,494,33,2023-12-11
13304,12,429,87,33,2022-04-01
13305,8,290,54,29,2025-10-16
13306,8,92,456,25,2023-01-25
13307,3,272,118,58,2023-04-12
13308,4,420,111,12,2025-12-03
13309,20,437,64,53,2022-05-12
13310,19,286,476,36,2025-06-28
13311,12,324,56,44,2023-06-29
13312,12,173,209,14,2023-03-14
13313,17,179,92,37,2022-09-05
13314,4,404,24,57,2024-07-29
13315,29,433,99,13,2024-07-06
13316,8,350,418,53,2025-08-25
13317,21,215,267,59,2022-11-19
13318,26,391,148,19,2023-01-21
13319,13,432,134,54,2022-11-04
13320,23,156,143,27,2022-05-31
13321,8,352,394,14,2023-11-14
13322,9,436,9,56,2022-08-04
13323,10,358,22,44,2023-10-19
13324,1,441,324,22,2023-02-28
13325,20,163,288,32,2023-11-19
13326,2,136,123,40,2022-10-15
13327,6,438,23,51,2022-07-01
13328,18,435,71,26,2024-07-24
13329,13,113,397,48,2022-12-21
13330,18,136,36,52,2022-10-03
13331,5,183,68,52,2023-11-01
13332,2,363,118,43,2023-03-31
13333,30,8,307,25,2022-11-25
13334,24,66666,142,47,2025-08-25
13335,9,324,415,39,2025-01-28
13336,19,317,147,55,2024-08-25
13337,13,398,465,27,2022-06-02
13338,20,135,56,39,2024-05-22
13339,1,211,353,10,2024-02-11
13340,29,198,13,60,2023-10-07
13341,17,312,130,48,2025-08-03
13342,28,69,22,14,2023-04-22
13343,9,39,17,57,2024-07-07
13344,12,374,406,43,2025-12-03
13345,14,135,283,21,2025-09-12
13346,21,171,280,42,2024-05-05
13347,26,14,152,21,2024-01-02
13348,2,29,476,41,2025-08-31
13349,11,295,304,38,2022-12-17
13350,2,279,13,49,2022-02-14
13351,14,389,78,14,2025-08-08
13352,22,90,472,29,2022-01-05
13353,3,136,263,33,2022-11-16
13354,24,195,462,24,2025-07-31
13355,30,310,408,34,2025-05-19
13356,26,278,363,11,2022-05-19
13357,19,169,445,35,2023-12-02
13358,11,124,134,57,2023-10-15
13359,22,178,206,60,2023-01-06
13360,18,280,416,53,2025-05-27
13361,27,126,278,17,2023-08-14
13362,8,365,416,50,2025-07-05
13363,11,58,112,19,2024-12-23
13364,23,204,334,46,2025-12-22
13365,3,13,-172,19,2022-11-19
13366,24,126,297,16,2022-04-03
13367,24,54,488,11,2023-09-23
13368,11,368,375,58,2024-05-02
13369,25,41,244,25,2024-12-06
13370,1,78,357,16,2025-07-25
13371,26,174,146,57,2024-01-06
13372,27,209,69,52,2022-05-18
13373,17,3,202,27,2025-12-28
13374,26,118,269,60,2024-06-30
13375,10,260,349,12,2024-01-31
13376,13,297,184,10,2025-08-08
13377,24,43,462,20,2025-02-14
13378,30,213,391,12,2024-01-04
13379,11,293,476,26,2024-03-27
13380,28,38,393,26,2025-10-13
13381,22,449,437,58,2022-11-11
13382,29,183,73,47,2022-06-12
13383,9,322,258,50,2024-09-17
13384,21,342,175,21,2024-08-19
13385,9,309,94,39,2023-06-13
13386,26,329,232,53,2022-06-30
13387,20,78,391,56,2025-03-26
13388,24,246,9,50,2022-07-26
13389,13,45,232,12,2024-07-01
13390,3,405,331,25,2025-07-25
13391,23,358,12,31,2024-10-02
13392,22,372,302,43,2022-07-27
13393,23,424,35,24,2025-06-27
13394,27,17,37,45,2023-03-14
13395,23,448,67,54,2024-04-07
13396,5,197,9,38,2024-02-16
13397,18,365,465,39,2022-11-30
13398,29,181,286,17,2022-10-06
13399,24,323,226,56,2022-11-13
13400,30,237,35,14,2023-08-03
13401,14,446,480,24,2023-01-26
13402,19,295,472,57,2022-12-16
13403,4,273,359,27,2023-09-23
13404,27,308,487,48,2025-10-24
13405,14,49,375,36,2022-12-26
13406,28,358,96,43,2024-05-29
13407,24,279,103,14,2025-09-14
13408,21,445,448,57,2024-06-11
13409,25,422,46,49,2024-09-28
13410,23,137,452,47,2023-02-11
13411,8,427,60,16,2022-04-24
13412,26,146,244,60,2024-01-08
13413,2,213,378,23,2024-03-04
13414,28,218,373,29,2025-11-01
13415,30,442,176,35,2024-10-09
13416,19,109,273,17,2022-07-08
13417,3,66666,293,16,2023-04-10
13418,12,86,305,21,2022-04-06
13419,9,8,464,22,2024-02-11
13420,9,259,292,11,2024-02-02
13421,17,286,72,54,2022-11-17
13422,2,86,255,17,2025-01-30
13423,1,248,247,12,2022-04-25
13424,17,38,321,52,2022-02-13
13425,20,87,94,23,2025-02-02
13426,5,295,45,51,2024-10-30
13427,10,344,236,12,2024-09-18
13428,4,153,153,29,2023-05-28
13429,15,200,196,25,2024-03-27
13430,19,251,406,23,2023-03-01
13431,25,48,89,15,2025-06-29
13432,5,164,201,37,2025-08-05
13433,4,51,137,56,2022-05-01
13434,30,4,363,56,2023-04-21
13435,7,428,155,59,2022-07-23
13436,13,320,397,16,2023-12-03
13437,4,319,190,43,2024-08-28
13438,20,216,404,60,2022-04-13
13439,15,38,443,54,2025-02-20
13440,12,334,255,12,2024-08-21
13441,14,158,202,12,2022-12-04
13442,7,449,93,14,2023-09-29
13443,15,371,479,11,2023-11-16
13444,30,368,43,38,2024-06-21
13445,27,260,451,44,2022-04-13
13446,4,243,164,26,2025-12-11
13447,1,308,158,39,2023-05-14
13448,24,370,51,27,2023-08-27
13449,1,202,108,48,2023-02-13
13450,22,165,445,51,2023-09-25
13451,15,274,62,17,2025-01-12
13452,21,101,481,17,2025-07-05
13453,1,36,377,58,2023-09-17
13454,28,425,182,22,2024-03-29
13455,28,207,226,47,2024-01-21
13456,7,199,56,46,2022-09-27
13457,22,409,305,38,2024-03-20
13458,10,185,273,16,2022-10-06
13459,22,58,67,45,2024-01-13
13460,13,363,436,35,2023-11-20
13461,28,304,294,59,2025-09-24
13462,20,17,110,53,2022-07-20
13463,22,34,215,32,2023-09-01
13464,9,242,65,49,2024-12-04
13465,11,442,293,17,2025-04-11
13466,28,241,445,31,2024-07-15
13467,24,273,389,34,2022-12-06
13468,12,146,203,11,2025-06-05
13469,1,7,393,21,2024-02-11
13470,29,166,34,56,2023-12-09
13471,13,78,56,25,2023-09-09
13472,4,18,315,49,2024-08-02
13473,14,249,278,42,2022-12-25
13474,16,271,191,17,2022-05-25
13475,11,146,113,36,2024-05-25
13476,8,259,362,30,2025-08-10
13477,9,58,0,22,2022-11-25
13478,24,169,318,40,2023-08-06
13479,28,306,55,37,2024-10-20
13480,14,208,7,20,2024-03-29
13481,3,438,45,36,2022-09-03
13482,21,93,253,56,2024-07-20
13483,16,207,482,48,2024-10-08
13484,21,443,411,51,2022-09-19
13485,3,193,198,12,2025-11-15
13486,14,311,84,52,2024-12-30
13487,19,98,301,27,2024-03-18
13488,24,86,10,58,2024-11-09
13489,20,444,86,57,2025-07-04
13490,21,354,305,32,2024-07-23
13491,8,120,233,39,2023-05-10
13492,9,414,94,53,2024-11-15
13493,15,244,415,12,2022-10-01
13494,10,145,72,30,2025-11-15
13495,23,261,334,14,2025-02-11
13496,14,362,297,14,2024-06-17
13497,18,93,264,39,2022-06-02
13498,2,168,293,22,2025-06-25
13499,24,105,243,34,2023-10-03
13500,19,364,24,49,2022-08-21
13501,3,136,382,44,2022-10-19
13502,17,359,412,46,2022-08-23
13503,20,368,134,21,2023-11-24
13504,10,280,239,43,2025-06-24
13505,13,69,164,52,2024-06-02
13506,28,206,70,32,2023-05-07
13507,26,119,276,52,2022-04-17
13508,25,187,104,24,2025-10-12
13509,7,5,33,56,2023-05-31
13510,19,321,456,31,2022-09-15
13511,4,294,212,55,2023-11-10
13512,3,420,141,20,2025-10-17
13513,29,37,12,48,2025-09-21
13514,22,285,62,45,2025-11-14
13515,4,274,274,32,2023-10-20
13516,6,277,232,52,2025-11-17
13517,22,161,317,32,2024-12-26
13518,19,272,91,58,2024-03-21
13519,28,172,444,53,2025-12-27
13520,10,389,40,48,2024-02-18
13521,12,209,394,54,2023-04-21
13522,22,11,199,47,2025-02-24
13523,12,112,89,17,2024-02-13
13524,9,199,460,60,2022-01-25
13525,4,284,133,55,2025-06-14
13526,25,352,108,21,2022-06-28
13527,16,83,74,19,2025-12-20
13528,17,429,180,45,2022-01-08
13529,25,247,327,26,2022-04-17
13530,15,317,497,15,2022-01-20
13531,24,164,215,31,2025-08-19
13532,22,19,273,60,2023-10-31
13533,16,381,251,17,2025-03-07
13534,26,231,184,50,2025-01-21
13535,18,205,352,53,2024-01-20
13536,19,105,446,60,2022-07-05
13537,9,50,110,59,2024-09-04
13538,22,67,350,19,2024-10-24
13539,28,265,306,52,2023-04-08
13540,3,285,121,17,2023-10-02
13541,28,375,470,44,2023-09-02
13542,6,191,351,34,2024-03-13
13543,10,118,348,32,2024-04-17
13544,22,398,50,43,2024-07-04
13545,21,4,380,50,2024-08-29
13546,6,390,244,22,2024-05-28
13547,2,321,26,44,2025-07-23
13548,22,431,13,26,2024-12-18
13549,24,62,94,10,2023-07-09
13550,4,89,266,47,2022-03-18
13551,16,269,39,37,2024-06-01
13552,2,301,496,54,2025-02-28
13553,23,136,448,33,2023-08-31
13554,23,381,86,24,2023-07-11
13555,4,206,429,12,2024-12-29
13556,9,89,371,37,2022-02-10
13557,17,63,109,53,2023-03-27
13558,17,390,70,16,2022-01-25
13559,15,90,442,32,2023-02-20
13560,2,140,145,47,2023-12-04
13561,11,78,373,47,2025-10-14
13562,23,334,280,12,2023-09-07
13563,27,373,463,40,2024-05-20
13564,25,41,89,47,2024-08-17
13565,10,339,464,51,2022-07-22
13566,16,151,331,38,2024-09-07
13567,11,128,369,32,2023-05-31
13568,28,339,17,53,2022-09-23
13569,21,202,453,60,2025-12-21
13570,24,224,65,39,2025-08-18
13571,10,66666,226,56,2024-02-06
13572,6,411,261,44,2023-10-11
13573,25,267,19,31,2024-02-01
13574,14,299,171,50,2024-04-04
13575,4,255,436,23,2023-09-25
13576,25,12,171,37,2022-10-27
13577,26,83,174,44,2022-12-28
13578,13,49,205,41,2022-06-27
13579,13,333,472,60,2023-06-28
13580,4,330,107,37,2023-11-24
13581,8,306,445,30,2023-01-13
13582,7,287,446,33,2024-07-11
13583,25,84,434,40,2025-07-05
13584,29,20,272,36,2022-10-24
13585,19,68,263,51,2024-08-23
13586,20,264,255,20,2024-08-09
13587,28,250,494,17,2024-03-20
13588,14,393,177,42,2023-09-18
13589,29,190,386,50,2023-01-16
13590,10,55,67,35,2024-12-09
13591,18,157,239,22,2022-02-13
13592,29,284,374,54,2023-04-10
13593,11,72,65,22,2025-01-12
13594,11,176,58,13,2025-03-23
13595,17,401,450,32,2024-06-14
13596,27,20,382,28,2023-01-11
13597,4,159,161,31,2023-05-01
13598,26,406,145,49,2022-11-24
13599,14,437,153,33,2025-06-13
13600,11,349,405,26,2024-01-31
13601,10,61,257,21,2024-08-24
13602,1,303,240,21,2023-08-31
13603,5,7,246,30,2024-05-24
13604,10,162,420,53,2025-04-01
13605,17,150,57,49,2025-01-25
13606,2,435,83,25,2022-05-18
13607,10,400,485,33,2022-09-07
13608,19,191,3,25,2023-02-14
13609,7,44,302,60,2025-09-22
13610,21,190,166,53,2024-03-01
13611,1,141,282,58,2025-11-15
13612,16,323,215,13,2024-09-16
13613,13,321,168,35,2022-07-27
13614,6,442,198,25,2024-10-13
13615,20,85,428,46,2022-04-08
13616,21,199,461,38,2024-09-08
13617,20,124,495,44,2023-10-13
13618,26,338,400,23,2024-07-23
13619,24,281,374,26,2024-09-08
13620,8,29,329,23,2024-11-10
13621,11,44,141,23,2024-12-06
13622,3,127,437,23,2024-02-17
13623,26,401,469,57,2022-01-22
13624,13,217,461,37,2024-05-14
13625,17,252,459,33,2025-12-04
13626,25,353,264,41,2024-06-19
13627,1,314,488,36,2024-12-17
13628,20,108,344,33,2023-08-03
13629,10,401,121,20,2024-01-26
13630,29,321,313,14,2022-07-21
13631,17,197,137,29,2023-08-10
13632,25,265,388,19,2023-08-21
13633,5,370,356,16,2022-07-18
13634,22,35,231,40,2025-06-24
13635,11,253,289,58,2023-08-22
13636,27,73,236,49,2025-09-14
13637,28,238,304,42,2023-07-25
13638,9,348,280,50,2022-09-13
13639,9,160,121,44,2022-01-07
13640,29,274,471,36,2022-03-23
13641,14,203,162,38,2022-04-02
13642,25,356,468,32,2023-07-19
13643,4,43,114,13,2025-11-30
13644,3,13,138,33,2024-08-28
13645,20,420,112,46,2025-12-31
13646,21,107,49,10,2023-03-31
13647,17,296,487,44,2024-04-02
13648,30,11,434,22,2023-08-29
13649,1,426,207,24,2024-08-08
13650,2,82,193,17,2025-11-27
13651,28,448,283,24,2025-07-27
13652,8,169,285,16,2025-12-05
13653,21,335,485,49,2023-01-16
13654,14,401,339,35,2022-05-22
13655,22,314,493,13,2025-06-30
13656,24,121,286,12,2022-06-07
13657,13,290,33,46,2023-08-07
13658,17,377,413,28,2025-09-11
13659,7,296,258,39,2024-09-22
13660,8,90,6,35,2023-06-04
13661,21,257,149,50,2022-11-06
13662,26,234,256,51,2025-03-23
13663,27,71,445,45,2024-12-04
13664,4,119,335,30,2025-09-28
13665,27,196,417,58,2023-04-23
13666,14,173,454,55,2023-05-02
13667,14,307,490,57,2022-04-06
13668,17,209,229,34,2023-09-24
13669,30,184,36,24,2025-05-11
13670,28,226,162,41,2025-04-22
13671,8,421,128,48,2023-12-01
13672,27,264,136,47,2025-05-16
13673,13,12,101,44,2025-10-20
13674,29,125,3,22,2024-12-11
13675,23,382,190,48,2023-04-14
13676,20,22,184,17,2024-08-03
13677,7,53,482,39,2023-03-07
13678,13,122,477,10,2024-09-12
13679,29,66666,23,47,2025-08-27
13680,12,355,494,30,2022-05-09
13681,21,212,335,56,2025-09-27
13682,29,316,177,52,2024-11-28
13683,22,348,110,55,2022-08-03
13684,25,108,108,40,2025-05-17
13685,2,168,78,58,2023-12-10
13686,11,196,185,11,2022-06-27
13687,7,164,173,48,2025-01-19
13688,23,110,157,15,2024-08-17
13689,17,225,168,54,2024-04-24
13690,26,81,274,33,2025-01-24
13691,15,148,300,51,2023-12-17
13692,25,386,433,45,2023-07-16
13693,15,53,460,15,2024-11-18
13694,14,153,39,13,2025-06-03
13695,30,187,247,32,2022-11-12
13696,27,67,77,54,2025-05-16
13697,10,147,226,33,2023-07-11
13698,14,66666,344,54,2025-09-16
13699,5,168,429,53,2022-09-24
13700,7,223,266,46,2022-08-15
13701,2,75,253,52,2022-09-14
13702,19,66666,75,24,2025-05-20
13703,26,66666,270,12,2024-01-01
13704,17,264,285,35,2025-02-28
13705,19,355,171,25,2025-07-08
13706,25,224,497,35,2023-05-20
13707,4,21,215,49,2025-02-12
13708,2,371,359,21,2025-06-20
13709,19,362,174,25,2022-01-04
13710,6,301,264,53,2022-01-07
13711,2,29,258,57,2024-12-29
13712,5,65,143,34,2025-06-14
13713,26,8,151,20,2024-01-29
13714,16,98,343,46,2025-04-26
13715,15,90,26,27,2022-11-26
13716,26,211,101,35,2023-11-25
13717,26,310,50,42,2024-10-05
13718,8,95,142,58,2024-06-10
13719,18,350,442,45,2023-04-09
13720,28,222,29,21,2023-07-08
13721,25,181,469,37,2023-02-03
13722,15,21,-360,22,2025-02-20
13723,10,250,189,10,2024-01-03
13724,12,182,201,18,2022-12-13
13725,12,428,294,36,2023-02-09
13726,4,313,489,24,2025-02-07
13727,27,424,444,11,2024-09-01
13728,2,197,342,32,2022-11-30
13729,20,64,217,43,2022-03-10
13730,15,444,408,33,2025-09-20
13731,25,437,489,18,2025-09-05
13732,9,396,410,37,2024-03-18
13733,11,348,220,20,2022-10-19
13734,25,429,424,46,2025-10-13
13735,15,11,82,25,2022-01-16
13736,2,259,377,12,2025-11-20
13737,15,4,-458,32,2025-03-10
13738,4,72,233,27,2024-05-07
13739,15,71,181,56,2024-10-21
13740,2,268,391,41,2023-12-31
13741,22,429,431,41,2024-01-16
13742,21,117,292,21,2024-10-04
13743,25,275,408,19,2025-08-19
13744,14,360,136,55,2023-05-26
13745,25,66666,395,60,2024-11-29
13746,8,41,30,20,2022-06-07
13747,24,212,148,55,2023-03-28
13748,19,69,451,21,2023-11-05
13749,14,322,469,17,2024-12-04
13750,29,137,475,56,2025-01-25
13751,9,399,147,21,2023-06-13
13752,3,356,41,13,2024-02-06
13753,1,394,278,53,2024-06-14
13754,7,140,473,36,2022-04-09
13755,5,400,102,48,2024-02-03
13756,29,302,138,55,2025-01-31
13757,30,389,155,13,2022-02-14
13758,14,253,178,23,2024-03-21
13759,11,428,390,52,2025-07-29
13760,25,243,99,34,2024-01-18
13761,20,75,33,30,2024-12-28
13762,28,188,97,12,2025-02-08
13763,27,277,166,51,2024-09-28
13764,5,233,276,46,2024-07-14
13765,22,145,196,22,2022-11-06
13766,29,167,187,27,2025-07-04
13767,24,277,145,39,2025-10-28
13768,11,99,152,33,2023-12-05
13769,22,203,362,32,2025-03-01
13770,23,189,312,26,2022-08-14
13771,20,250,442,12,2022-04-25
13772,27,79,52,46,2024-11-19
13773,16,163,394,57,2024-03-01
13774,3,254,78,39,2024-07-26
13775,21,111,444,40,2025-11-02
13776,21,56,59,59,2023-06-04
13777,20,172,55,25,2025-04-17
13778,30,183,6,25,2024-07-24
13779,29,174,402,43,2024-02-24
13780,22,295,117,13,2022-11-16
13781,29,332,473,13,2024-11-05
13782,13,39,270,24,2023-05-15
13783,29,385,289,36,2023-02-24
13784,7,69,145,11,2024-02-18
13785,24,344,250,36,2025-11-14
13786,23,305,256,32,2022-01-15
13787,21,338,472,50,2023-11-01
13788,2,279,332,21,2022-11-17
13789,26,184,216,45,2023-06-17
13790,7,198,152,58,2022-03-07
13791,4,298,469,44,2022-12-07
13792,3,51,495,12,2023-01-31
13793,5,326,175,23,2022-06-11
13794,20,179,163,52,2023-08-19
13795,14,66666,302,45,2022-03-04
13796,22,14,205,19,2022-09-23
13797,9,367,430,49,2022-12-26
13798,15,341,24,17,2023-05-03
13799,3,100,241,42,2022-06-04
13800,26,331,17,10,2025-09-13
13801,12,244,107,37,2023-05-20
13802,20,450,278,41,2023-07-03
13803,22,382,496,24,2023-06-25
13804,25,435,311,59,2022-04-29
13805,5,317,193,16,2025-01-30
13806,8,113,394,49,2025-06-23
13807,19,62,271,23,2023-01-16
13808,27,377,300,47,2022-12-25
13809,14,156,21,27,2025-08-19
13810,30,68,381,56,2024-05-22
13811,9,131,63,41,2025-12-29
13812,22,125,494,33,2025-10-16
13813,3,344,73,39,2023-10-28
13814,14,37,53,22,2024-12-27
13815,17,98,188,40,2022-10-25
13816,15,67,483,22,2023-02-24
13817,30,44,313,33,2024-10-30
13818,10,382,108,35,2022-11-01
13819,7,186,344,18,2024-04-23
13820,20,353,260,30,2022-04-23
13821,6,35,176,52,2023-08-12
13822,9,396,25,23,2023-01-01
13823,21,260,407,17,2022-08-30
13824,20,10,189,41,2023-12-06
13825,10,167,314,14,2024-08-12
13826,6,275,222,36,2025-11-24
13827,21,420,161,26,2024-12-20
13828,21,368,333,40,2025-08-21
13829,6,202,116,34,2025-04-14
13830,10,191,379,56,2022-06-13
13831,2,315,280,37,2025-11-10
13832,18,322,418,49,2025-12-24
13833,8,103,131,59,2023-12-23
13834,13,66666,283,57,2023-03-10
13835,5,353,457,41,2023-11-05
13836,15,420,389,11,2025-04-18
13837,14,313,342,36,2022-03-01
13838,7,303,46,52,2024-09-11
13839,18,177,168,15,2023-01-30
13840,20,300,291,18,2024-02-23
13841,21,411,373,42,2022-07-13
13842,22,197,93,16,2025-09-05
13843,10,285,422,45,2023-07-04
13844,9,284,456,56,2023-09-28
13845,16,118,13,44,2025-01-14
13846,3,246,464,32,2025-11-07
13847,25,131,396,45,2023-04-06
13848,25,89,-171,52,2022-06-24
13849,8,103,133,52,2023-11-26
13850,10,110,145,54,2025-08-12
13851,1,398,436,13,2024-12-10
13852,13,40,180,20,2023-07-03
13853,4,334,161,18,2023-06-18
13854,1,391,118,17,2025-02-03
13855,30,46,266,38,2022-05-25
13856,26,163,162,29,2022-10-20
13857,19,364,333,45,2022-03-03
13858,20,92,344,38,2025-05-13
13859,9,179,264,22,2024-06-18
13860,29,47,295,52,2023-05-25
13861,6,74,215,59,2022-10-05
13862,29,441,485,53,2024-04-24
13863,2,1,245,23,2022-09-30
13864,9,399,138,21,2024-06-21
13865,9,11,360,37,2022-04-26
13866,16,87,419,47,2024-08-04
13867,3,48,21,13,2025-11-07
13868,27,146,343,10,2025-10-09
13869,16,395,151,26,2025-12-30
13870,9,67,330,36,2025-10-26
13871,17,346,346,40,2025-09-08
13872,12,434,221,23,2022-03-09
13873,3,148,48,27,2024-09-24
13874,29,62,271,48,2024-08-12
13875,5,327,393,41,2025-03-15
13876,9,329,478,53,2022-11-03
13877,27,418,49,52,2023-07-04
13878,12,191,159,52,2025-11-01
13879,30,189,165,46,2022-05-17
13880,14,443,146,22,2025-10-08
13881,2,67,95,54,2024-08-15
13882,14,326,92,16,2023-07-14
13883,25,261,322,41,2022-06-15
13884,7,122,88,52,2024-09-03
13885,24,320,66,34,2022-05-12
13886,7,272,356,21,2025-05-29
13887,5,32,214,48,2022-02-03
13888,27,309,381,36,2024-02-20
13889,17,117,80,57,2025-06-19
13890,25,121,445,52,2023-12-21
13891,20,192,405,52,2024-05-03
13892,21,85,231,19,2025-12-14
13893,29,322,281,51,2024-12-06
13894,10,380,292,56,2025-04-30
13895,24,408,336,28,2024-12-20
13896,21,409,300,15,2024-01-25
13897,2,403,351,35,2023-07-17
13898,20,359,90,11,2024-07-25
13899,14,337,145,28,2025-07-14
13900,28,385,78,22,2025-08-16
13901,18,282,394,19,2023-02-09
13902,12,57,314,42,2022-07-02
13903,22,245,102,56,2022-12-06
13904,12,50,226,33,2024-04-10
13905,4,294,188,26,2024-05-25
13906,29,417,266,24,2022-12-18
13907,29,382,383,41,2024-06-14
13908,26,22,92,54,2024-02-15
13909,16,61,253,33,2022-01-01
13910,1,231,479,27,2024-01-09
13911,10,170,315,56,2025-05-30
13912,5,14,485,54,2025-06-24
13913,20,369,414,59,2024-02-09
13914,14,447,357,27,2022-11-07
13915,23,297,286,37,2025-08-05
13916,12,4,180,17,2022-10-31
13917,24,16,145,39,2024-01-31
13918,15,82,443,33,2023-10-11
13919,15,425,213,38,2023-05-01
13920,11,130,196,50,2022-05-27
13921,20,222,86,18,2023-01-16
13922,21,322,226,32,2025-10-11
13923,18,239,84,30,2023-12-04
13924,11,139,498,25,2024-01-13
13925,16,325,289,10,2024-01-21
13926,17,322,62,35,2024-03-25
13927,19,172,321,34,2023-06-03
13928,18,156,432,40,2023-06-30
13929,26,410,357,57,2022-09-24
13930,23,441,161,44,2025-04-28
13931,21,54,20,35,2023-02-07
13932,27,306,-182,57,2025-01-15
13933,29,120,233,55,2024-01-21
13934,1,235,457,27,2025-04-24
13935,20,404,259,42,2025-12-07
13936,25,309,248,15,2023-01-20
13937,23,362,215,13,2023-09-25
13938,3,346,57,57,2023-07-20
13939,9,108,274,31,2025-04-22
13940,13,80,297,13,2022-04-24
13941,12,380,290,56,2024-04-20
13942,8,394,-88,40,2023-07-28
13943,9,315,90,26,2023-04-04
13944,14,184,466,51,2025-07-12
13945,3,208,134,13,2024-06-14
13946,21,401,222,58,2022-09-10
13947,28,186,343,34,2022-06-29
13948,6,420,34,12,2022-10-24
13949,27,328,167,53,2022-08-17
13950,5,188,200,48,2025-08-13
13951,12,341,294,31,2022-11-04
13952,27,11,177,33,2022-02-17
13953,5,90,91,33,2023-08-17
13954,1,66666,306,46,2025-10-01
13955,1,108,48,32,2022-09-19
13956,18,208,294,15,2024-07-05
13957,10,1,167,41,2025-06-06
13958,30,47,196,39,2023-01-28
13959,17,242,67,26,2025-11-30
13960,21,118,292,59,2025-12-09
13961,24,390,16,25,2024-01-27
13962,18,155,155,53,2024-10-21
13963,19,185,274,33,2022-04-16
13964,19,444,500,48,2025-01-31
13965,20,443,273,50,2023-09-05
13966,13,427,193,51,2025-05-27
13967,8,11,52,33,2025-04-11
13968,20,188,75,10,2025-05-29
13969,16,86,379,55,2022-08-05
13970,26,396,225,15,2023-04-27
13971,7,215,16,33,2025-04-09
13972,22,53,336,58,2025-08-21
13973,18,438,401,10,2022-01-26
13974,26,57,478,40,2024-03-09
13975,27,312,419,54,2025-02-13
13976,11,66,326,29,2022-08-23
13977,25,417,55,55,2025-02-06
13978,6,142,94,38,2025-09-03
13979,26,130,102,53,2022-06-09
13980,20,131,488,20,2025-03-20
13981,26,16,308,52,2025-10-19
13982,3,68,330,36,2023-06-18
13983,17,168,114,23,2023-08-22
13984,17,307,87,55,2023-02-25
13985,13,13,256,29,2024-07-02
13986,1,355,56,49,2024-07-20
13987,11,139,37,54,2025-01-26
13988,20,61,121,41,2023-10-29
13989,14,74,309,42,2022-07-21
13990,29,234,425,34,2024-02-12
13991,23,102,165,50,2023-07-26
13992,17,232,491,16,2022-09-29
13993,25,187,51,46,2022-02-11
13994,21,31,496,14,2024-11-24
13995,9,87,62,55,2024-02-14
13996,23,318,169,24,2024-12-05
13997,23,229,11,16,2023-07-14
13998,11,119,83,41,2023-01-26
13999,10,271,70,38,2023-03-12
14000,22,431,91,49,2025-05-16
14001,15,318,91,36,2023-10-03
14002,3,183,465,22,2022-08-17
14003,26,280,24,47,2022-07-29
14004,5,129,79,60,2025-05-14
14005,21,155,254,21,2024-01-25
14006,8,279,374,28,2023-10-09
14007,26,73,70,34,2025-06-03
14008,30,12,309,52,2025-08-29
14009,17,120,341,52,2025-01-14
14010,2,128,274,38,2024-05-25
14011,12,261,60,26,2025-03-26
14012,21,32,28,37,2022-09-10
14013,3,283,346,60,2022-03-03
14014,19,377,123,13,2024-11-30
14015,22,177,476,30,2023-01-29
14016,2,282,418,20,2023-10-08
14017,30,22,318,21,2022-08-31
14018,3,335,223,58,2024-06-30
14019,26,447,17,31,2024-12-11
14020,23,420,13,16,2023-02-04
14021,5,112,266,50,2024-09-13
14022,1,59,347,50,2022-01-21
14023,4,266,486,21,2023-10-26
14024,17,426,45,23,2024-11-14
14025,30,254,58,46,2022-09-09
14026,25,18,399,32,2024-08-12
14027,14,364,230,19,2025-10-30
14028,18,119,149,47,2023-02-02
14029,20,31,172,53,2025-02-07
14030,6,155,499,19,2022-11-24
14031,8,169,465,13,2024-08-24
14032,11,387,405,44,2025-04-02
14033,19,194,467,54,2024-04-04
14034,1,7,149,24,2022-07-26
14035,23,190,107,21,2022-12-07
14036,21,421,139,49,2022-03-01
14037,16,229,255,44,2025-06-08
14038,30,301,160,45,2024-08-11
14039,26,246,244,26,2024-01-27
14040,22,254,480,40,2024-05-28
14041,17,281,158,41,2025-05-18
14042,4,352,157,50,2025-09-24
14043,24,186,68,23,2022-06-27
14044,5,357,420,31,2024-12-07
14045,19,21,212,21,2025-02-08
14046,11,436,381,47,2022-12-24
14047,25,93,-32,46,2023-12-12
14048,11,235,239,11,2022-12-20
14049,23,112,466,11,2023-09-11
14050,16,20,60,53,2024-02-06
14051,23,148,423,15,2024-05-13
14052,27,247,205,58,2024-02-14
14053,12,96,164,11,2023-03-30
14054,7,385,215,20,2024-12-09
14055,3,139,427,50,2025-11-04
14056,15,256,262,29,2025-02-05
14057,28,366,257,33,2024-08-07
14058,8,358,364,47,2023-03-27
14059,9,91,179,56,2023-08-11
14060,15,60,77,15,2024-10-31
14061,23,319,429,44,2024-01-31
14062,23,270,439,35,2023-08-15
14063,9,220,332,54,2025-02-20
14064,16,205,422,45,2023-11-22
14065,19,333,176,19,2025-06-11
14066,19,222,257,47,2022-09-28
14067,14,382,131,57,2025-08-28
14068,30,66666,279,23,2023-07-04
14069,21,277,53,13,2024-09-15
14070,25,323,313,48,2023-01-09
14071,3,264,0,39,2024-02-11
14072,4,90,64,22,2025-12-21
14073,1,146,394,20,2024-08-03
14074,16,216,432,54,2024-12-15
14075,20,265,140,52,2023-12-31
14076,5,141,87,24,2024-09-09
14077,23,169,247,13,2023-05-13
14078,1,286,481,19,2023-05-25
14079,6,151,197,54,2024-10-16
14080,11,66666,180,45,2024-03-24
14081,13,386,10,35,2024-01-14
14082,15,6,244,54,2024-04-09
14083,1,266,395,56,2023-12-08
14084,21,23,69,11,2025-11-10
14085,9,178,323,36,2023-03-02
14086,22,185,160,44,2022-07-01
14087,30,78,17,12,2023-01-24
14088,2,404,487,56,2024-08-10
14089,25,222,97,51,2022-07-02
14090,25,119,180,33,2022-09-17
14091,9,252,111,47,2024-03-06
14092,24,344,378,19,2025-12-05
14093,9,202,437,21,2023-02-24
14094,9,161,270,53,2025-12-28
14095,7,84,307,17,2022-11-06
14096,11,376,489,24,2025-10-12
14097,11,5,336,28,2023-05-22
14098,4,384,54,14,2023-01-26
14099,21,292,373,11,2025-02-27
14100,10,431,257,18,2023-07-12
14101,26,71,471,47,2022-05-29
14102,26,71,370,33,2024-11-16
14103,17,308,258,36,2023-11-01
14104,16,441,16,54,2023-02-22
14105,19,325,48,58,2022-05-28
14106,18,248,362,31,2024-07-18
14107,10,398,102,23,2022-09-16
14108,26,14,466,25,2025-11-01
14109,26,148,342,47,2024-02-11
14110,26,37,412,15,2022-12-21
14111,1,370,216,27,2022-03-05
14112,15,354,374,23,2024-10-28
14113,12,71,1,49,2025-08-13
14114,22,66666,431,40,2023-06-25
14115,26,133,64,21,2024-07-15
14116,20,380,334,16,2022-06-04
14117,17,137,369,40,2022-06-11
14118,30,142,143,15,2022-05-19
14119,4,248,175,34,2025-08-13
14120,28,135,396,10,2025-02-27
14121,29,253,260,47,2024-02-24
14122,13,111,309,15,2023-05-09
14123,16,235,494,47,2023-05-28
14124,17,383,105,36,2024-05-09
14125,20,363,299,23,2024-05-26
14126,3,72,433,52,2025-10-14
14127,30,431,399,21,2023-02-28
14128,18,385,27,30,2022-05-21
14129,23,91,126,55,2023-08-28
14130,26,369,129,20,2025-03-26
14131,4,147,36,44,2025-05-05
14132,22,14,281,16,2024-06-10
14133,9,356,278,32,2025-05-30
14134,1,299,69,57,2022-03-07
14135,22,272,404,23,2023-03-12
14136,29,262,445,54,2025-04-30
14137,2,174,465,49,2024-05-15
14138,23,385,180,24,2023-07-23
14139,27,327,404,24,2023-05-17
14140,14,39,16,24,2024-02-20
14141,3,42,465,47,2025-11-17
14142,29,61,128,31,2022-09-15
14143,11,214,309,31,2025-07-10
14144,10,432,448,45,2025-05-11
14145,1,284,81,51,2025-10-11
14146,12,240,436,49,2025-03-04
14147,28,9,377,29,2024-12-31
14148,10,315,394,59,2023-08-30
14149,7,355,417,13,2023-11-12
14150,30,170,174,60,2025-06-22
14151,18,142,315,53,2023-03-12
14152,14,144,296,12,2024-05-16
14153,12,364,138,52,2023-12-25
14154,15,288,8,39,2022-08-22
14155,23,210,336,55,2024-12-22
14156,20,300,99,47,2023-03-05
14157,17,150,47,57,2025-11-12
14158,29,297,323,10,2025-04-08
14159,13,325,126,33,2024-07-18
14160,27,390,176,60,2023-09-13
14161,25,391,339,48,2024-10-29
14162,17,310,298,17,2023-11-15
14163,5,211,55,26,2025-10-26
14164,23,60,416,27,2023-08-03
14165,14,143,201,11,2024-11-10
14166,6,368,498,51,2024-05-02
14167,3,66666,473,19,2022-07-18
14168,18,317,259,37,2024-05-26
14169,30,419,99,39,2022-01-15
14170,11,134,8,39,2024-09-18
14171,8,165,22,27,2025-01-28
14172,29,113,484,55,2024-08-12
14173,26,25,379,38,2025-06-11
14174,29,93,274,43,2024-10-19
14175,25,383,265,23,2023-05-30
14176,23,76,362,27,2024-01-23
14177,10,342,219,33,2022-09-24
14178,1,201,-261,21,2023-08-26
14179,23,290,210,29,2025-06-28
14180,21,114,239,11,2024-04-25
14181,3,198,283,39,2024-05-08
14182,10,215,418,30,2022-08-20
14183,18,388,464,40,2022-05-27
14184,22,199,494,14,2023-10-06
14185,2,258,69,38,2022-01-12
14186,14,13,82,34,2023-05-20
14187,15,315,203,52,2022-09-18
14188,26,219,230,42,2023-05-28
14189,21,321,49,43,2024-06-07
14190,29,149,-196,45,2022-11-29
14191,28,327,219,44,2023-04-01
14192,5,443,348,30,2025-03-17
14193,26,245,87,45,2025-08-15
14194,20,308,460,15,2025-11-22
14195,30,249,108,58,2025-09-28
14196,30,110,450,11,2023-12-18
14197,25,278,82,46,2022-09-24
14198,26,226,17,41,2023-12-04
14199,18,380,440,59,2022-04-04
14200,30,430,318,15,2023-10-01
14201,21,181,35,17,2022-06-19
14202,2,307,378,21,2023-06-09
14203,3,158,246,10,2022-12-26
14204,2,132,296,38,2024-08-17
14205,10,145,472,37,2023-01-10
14206,17,273,318,23,2023-08-11
14207,22,87,310,19,2023-05-10
14208,8,71,69,58,2024-03-31
14209,26,183,372,18,2022-01-07
14210,28,256,97,47,2024-08-18
14211,2,29,499,13,2022-05-30
14212,29,351,294,59,2025-04-02
14213,28,4,308,16,2022-07-19
14214,25,390,153,20,2023-02-21
14215,9,8,430,49,2022-01-15
14216,26,436,45,36,2024-07-23
14217,16,102,460,40,2022-09-14
14218,2,405,265,35,2022-09-28
14219,14,32,389,22,2022-07-29
14220,14,64,285,53,2025-06-01
14221,29,318,372,22,2022-04-09
14222,14,193,268,31,2025-01-20
14223,25,210,213,44,2024-04-26
14224,6,80,352,13,2024-11-02
14225,29,379,379,34,2024-11-25
14226,20,60,359,31,2023-12-03
14227,9,205,489,27,2025-12-10
14228,1,363,20,37,2023-02-07
14229,10,131,308,20,2023-03-02
14230,14,230,64,46,2022-08-18
14231,5,11,437,34,2024-07-13
14232,21,332,86,33,2023-10-07
14233,26,417,370,48,2025-01-24
14234,19,227,427,10,2024-01-22
14235,25,170,127,31,2023-02-02
14236,7,124,50,15,2025-11-20
14237,10,311,438,44,2025-11-15
14238,12,168,152,27,2024-03-23
14239,1,423,319,49,2023-01-18
14240,7,439,96,60,2023-11-23
14241,13,66666,280,36,2023-04-29
14242,15,67,131,34,2024-03-14
14243,2,295,304,44,2025-11-10
14244,29,168,155,11,2023-08-31
14245,16,113,251,51,2022-02-14
14246,21,236,25,11,2024-06-17
14247,24,322,483,53,2022-12-25
14248,29,377,47,25,2024-09-15
14249,15,193,62,23,2024-04-28
14250,23,272,448,13,2025-07-04
14251,4,429,355,54,2023-03-21
14252,26,254,463,44,2025-04-28
14253,25,77,233,31,2023-04-19
14254,28,239,434,26,2024-01-20
14255,27,114,172,53,2023-12-24
14256,1,291,23,37,2022-10-04
14257,8,164,433,14,2023-09-18
14258,11,398,366,56,2024-01-07
14259,22,88,283,29,2023-07-16
14260,24,440,159,21,2022-11-22
14261,17,187,233,26,2025-08-10
14262,16,273,446,22,2023-06-03
14263,9,272,25,36,2023-09-23
14264,4,380,130,42,2024-08-25
14265,6,340,302,16,2022-09-01
14266,19,197,168,28,2024-02-11
14267,25,387,355,37,2024-02-29
14268,18,281,17,56,2023-03-26
14269,11,167,419,55,2023-04-12
14270,16,89,244,29,2023-12-23
14271,5,401,91,46,2024-02-14
14272,13,370,461,28,2025-11-29
14273,20,215,245,15,2025-05-04
14274,4,139,96,12,2023-08-10
14275,17,429,334,45,2025-10-29
14276,22,88,408,19,2022-11-25
14277,10,196,316,22,2023-02-02
14278,8,129,374,24,2023-05-08
14279,8,245,309,26,2022-06-05
14280,16,445,222,23,2023-10-07
14281,17,259,9,56,2025-06-23
14282,8,437,435,40,2025-07-10
14283,11,222,352,25,2024-11-05
14284,22,328,54,17,2024-11-19
14285,22,157,439,39,2023-10-26
14286,12,9,273,49,2022-12-31
14287,8,44,24,53,2023-09-06
14288,1,359,309,20,2025-02-07
14289,6,3,398,12,2023-01-19
14290,10,236,277,21,2022-08-05
14291,7,104,452,56,2024-03-26
14292,27,360,99,10,2023-08-17
14293,9,433,259,45,2025-11-03
14294,26,69,221,38,2022-01-21
14295,17,336,255,60,2024-11-27
14296,30,398,284,14,2024-12-30
14297,3,292,479,48,2025-02-16
14298,13,7,336,11,2025-12-29
14299,5,299,369,25,2024-06-26
14300,4,6,483,12,2023-10-15
14301,2,392,437,22,2023-12-04
14302,5,393,90,20,2025-07-01
14303,17,119,367,11,2025-06-17
14304,24,297,141,30,2022-04-26
14305,11,111,385,57,2022-07-04
14306,10,380,460,18,2024-09-12
14307,1,104,364,44,2023-04-11
14308,27,258,123,35,2024-10-03
14309,5,225,201,38,2022-07-31
14310,29,212,148,17,2025-10-01
14311,19,354,82,47,2025-01-06
14312,28,184,373,42,2025-08-11
14313,18,221,111,22,2024-01-08
14314,8,10,26,34,2024-03-12
14315,27,63,153,46,2025-12-09
14316,25,366,169,22,2023-06-22
14317,29,426,116,40,2024-11-15
14318,30,51,465,18,2022-10-18
14319,20,176,141,38,2024-02-08
14320,10,151,418,58,2022-03-24
14321,1,56,233,39,2022-12-20
14322,15,224,126,54,2022-01-11
14323,18,211,229,12,2022-01-06
14324,4,125,403,35,2024-11-25
14325,10,156,189,33,2024-08-06
14326,4,412,305,46,2025-09-25
14327,21,26,180,27,2023-02-12
14328,3,162,193,32,2022-02-13
14329,19,105,120,52,2025-01-15
14330,28,235,146,55,2023-12-14
14331,16,258,122,51,2024-06-06
14332,14,38,89,51,2024-04-06
14333,30,293,400,40,2025-01-12
14334,9,240,241,12,2022-06-17
14335,5,141,63,37,2022-02-22
14336,10,247,252,18,2024-11-26
14337,8,16,394,56,2024-12-30
14338,7,385,80,23,2025-10-11
14339,19,51,311,48,2025-11-12
14340,17,121,367,34,2022-04-21
14341,5,302,450,23,2022-10-06
14342,6,395,83,22,2025-09-20
14343,25,185,65,59,2025-04-20
14344,21,60,177,38,2023-08-16
14345,25,280,489,37,2024-03-04
14346,28,276,468,44,2024-05-26
14347,29,290,17,56,2022-05-28
14348,9,378,89,47,2023-07-15
14349,13,255,22,52,2022-02-18
14350,10,41,188,56,2024-11-23
14351,13,233,168,12,2022-08-31
14352,4,50,202,35,2024-09-01
14353,4,71,482,51,2022-08-06
14354,25,389,151,45,2023-11-01
14355,28,148,444,31,2024-06-09
14356,12,262,448,48,2024-10-18
14357,25,307,238,60,2023-11-10
14358,21,146,469,31,2022-12-15
14359,13,97,76,57,2023-03-28
14360,3,151,111,59,2023-06-04
14361,16,416,23,57,2024-08-13
14362,15,308,221,53,2025-12-30
14363,21,421,353,32,2022-02-23
14364,9,363,87,56,2024-09-26
14365,26,98,496,45,2024-09-14
14366,10,255,283,55,2022-05-18
14367,18,309,474,11,2022-10-08
14368,3,45,444,11,2025-05-19
14369,6,190,10,58,2023-07-15
14370,24,220,133,40,2023-01-22
14371,19,235,209,54,2024-10-28
14372,28,86,181,29,2022-03-03
14373,14,32,397,31,2024-03-12
14374,15,178,80,33,2024-05-26
14375,13,385,101,19,2023-01-05
14376,29,306,117,24,2025-11-01
14377,18,58,361,21,2022-03-13
14378,5,82,269,52,2025-10-20
14379,8,47,80,39,2025-07-06
14380,11,112,265,21,2023-11-19
14381,11,402,448,53,2022-02-17
14382,1,214,115,32,2022-10-18
14383,8,70,214,43,2023-10-04
14384,28,115,446,30,2024-10-26
14385,5,43,481,29,2024-06-07
14386,24,88,246,42,2024-11-06
14387,10,46,450,36,2025-12-15
14388,12,357,425,35,2022-10-16
14389,9,195,242,29,2025-06-14
14390,17,433,86,59,2022-06-16
14391,11,206,445,38,2022-04-25
14392,12,99,216,18,2022-08-16
14393,17,181,435,34,2023-01-21
14394,11,401,411,45,2023-03-10
14395,15,360,47,17,2025-02-09
14396,19,317,466,21,2023-03-03
14397,7,442,472,39,2022-07-16
14398,4,283,110,58,2023-02-06
14399,15,151,438,59,2025-02-07
14400,27,314,143,50,2025-06-27
14401,10,125,24,45,2024-01-03
14402,8,400,363,22,2022-05-26
14403,27,302,358,58,2022-11-20
14404,2,399,196,13,2024-07-04
14405,16,395,461,35,2022-05-24
14406,7,354,308,60,2025-10-03
14407,20,20,418,21,2024-09-12
14408,13,173,441,27,2024-02-07
14409,5,27,312,41,2024-04-19
14410,16,222,81,21,2023-01-11
14411,23,190,274,53,2023-08-26
14412,25,202,311,60,2022-03-10
14413,21,132,230,55,2023-02-27
14414,10,127,15,16,2023-03-12
14415,2,7,476,19,2022-08-31
14416,20,299,217,40,2025-09-04
14417,12,347,281,42,2023-07-11
14418,23,372,447,25,2024-08-08
14419,16,163,370,21,2023-07-31
14420,26,414,464,21,2024-12-22
14421,8,317,362,16,2022-11-10
14422,22,190,150,25,2025-12-10
14423,13,239,121,30,2023-04-06
14424,17,407,257,37,2025-08-23
14425,27,40,163,58,2022-04-08
14426,7,267,314,29,2023-01-25
14427,26,319,83,32,2022-01-19
14428,15,203,133,49,2022-09-01
14429,27,120,485,55,2022-03-30
14430,1,339,309,44,2023-10-24
14431,15,423,301,32,2024-11-28
14432,3,66,468,23,2022-02-27
14433,9,227,423,45,2024-09-16
14434,10,40,216,37,2025-09-16
14435,15,141,344,16,2022-11-07
14436,15,209,310,29,2022-02-23
14437,4,92,228,31,2023-02-18
14438,7,67,231,31,2025-01-06
14439,2,4,337,21,2023-07-08
14440,9,155,473,36,2022-08-18
14441,20,129,409,19,2023-07-16
14442,2,47,86,28,2024-10-10
14443,22,40,291,19,2023-07-23
14444,21,2,269,21,2025-04-30
14445,27,213,150,27,2023-10-06
14446,21,63,417,28,2024-01-08
14447,22,236,241,14,2023-01-08
14448,3,253,83,10,2025-02-19
14449,9,243,202,56,2022-06-29
14450,18,146,436,24,2023-04-13
14451,6,45,72,46,2024-07-19
14452,17,317,337,36,2025-11-18
14453,7,313,182,16,2025-11-03
14454,20,238,12,55,2025-07-21
14455,16,159,256,47,2023-12-15
14456,12,33,415,20,2022-09-15
14457,11,373,356,59,2025-09-28
14458,15,195,244,48,2025-07-21
14459,27,34,37,21,2022-01-09
14460,3,161,294,43,2022-07-17
14461,5,418,169,33,2023-04-25
14462,13,412,386,31,2022-02-28
14463,7,274,72,34,2024-12-11
14464,3,92,432,29,2023-12-28
14465,8,133,332,47,2025-10-30
14466,30,55,327,39,2023-07-05
14467,6,385,1,54,2024-03-29
14468,29,288,61,22,2022-04-05
14469,28,8,162,45,2025-11-04
14470,26,194,233,39,2022-01-11
14471,27,113,366,14,2025-06-21
14472,10,335,419,46,2022-06-19
14473,8,80,473,51,2025-04-07
14474,11,403,353,21,2025-06-08
14475,21,256,384,30,2025-02-05
14476,29,167,112,32,2023-11-20
14477,27,190,211,46,2024-11-28
14478,11,29,478,38,2022-02-24
14479,7,167,419,45,2023-06-21
14480,15,67,282,28,2022-03-27
14481,5,353,161,41,2025-07-12
14482,11,68,103,44,2025-03-06
14483,24,214,357,48,2022-04-09
14484,16,262,57,44,2025-03-06
14485,22,252,183,53,2023-05-05
14486,22,68,57,32,2024-01-07
14487,30,14,62,32,2025-12-28
14488,12,383,255,60,2022-02-19
14489,14,156,160,48,2022-07-30
14490,27,276,414,41,2025-05-07
14491,19,177,311,11,2023-07-02
14492,2,238,38,56,2025-07-11
14493,11,268,45,47,2025-09-19
14494,30,27,10,31,2022-05-31
14495,24,359,480,44,2023-07-06
14496,27,288,94,49,2023-06-03
14497,18,345,356,30,2025-03-20
14498,2,63,118,60,2022-04-18
14499,9,367,228,45,2022-03-06
14500,28,109,21,23,2024-09-06
14501,28,84,409,18,2022-12-08
14502,17,43,436,55,2025-10-10
14503,8,424,287,50,2023-01-29
14504,9,168,106,23,2025-05-09
14505,23,446,330,17,2025-05-09
14506,12,181,260,25,2023-06-14
14507,23,404,111,15,2024-03-10
14508,18,308,338,28,2024-08-31
14509,2,135,164,12,2022-02-02
14510,8,121,4,58,2022-06-22
14511,18,317,250,29,2023-03-18
14512,6,415,106,36,2025-01-29
14513,6,152,420,57,2023-08-10
14514,30,295,496,53,2022-02-09
14515,7,379,163,44,2023-07-17
14516,27,418,251,45,2024-09-18
14517,30,49,253,44,2023-01-05
14518,28,70,3,44,2022-09-08
14519,10,78,492,13,2024-05-05
14520,5,265,423,18,2025-02-13
14521,11,259,333,36,2022-09-03
14522,8,388,58,14,2022-08-04
14523,20,66666,97,37,2024-01-21
14524,9,180,320,47,2025-02-04
14525,22,94,402,13,2025-10-03
14526,7,188,58,53,2022-03-13
14527,5,157,239,43,2025-02-19
14528,26,152,340,42,2024-05-23
14529,24,367,59,25,2023-10-17
14530,28,231,243,57,2022-07-28
14531,4,113,267,39,2022-05-07
14532,11,21,312,48,2023-12-07
14533,30,76,191,35,2024-09-22
14534,1,444,57,28,2022-05-06
14535,24,73,371,40,2024-06-19
14536,22,186,163,25,2025-09-25
14537,30,208,494,56,2025-07-23
14538,7,5,278,17,2025-12-04
14539,5,251,117,11,2024-11-08
14540,27,26,347,21,2025-10-09
14541,5,136,206,35,2024-10-31
14542,8,394,347,24,2025-01-02
14543,3,346,197,14,2022-09-19
14544,15,333,71,19,2023-12-22
14545,4,192,380,52,2024-05-12
14546,18,314,497,59,2023-03-06
14547,20,423,499,52,2023-10-09
14548,22,23,468,27,2023-05-09
14549,21,331,284,34,2024-02-25
14550,13,167,268,42,2024-11-20
14551,20,186,23,19,2023-10-07
14552,22,202,249,45,2025-06-30
14553,5,195,479,37,2023-01-23
14554,19,185,67,60,2022-04-05
14555,11,308,328,36,2022-06-15
14556,22,236,214,55,2022-11-28
14557,18,51,295,16,2023-02-09
14558,28,28,481,19,2025-02-24
14559,13,406,410,32,2023-02-25
14560,9,38,479,52,2024-02-09
14561,29,337,176,52,2024-01-10
14562,21,27,363,23,2024-05-01
14563,6,443,79,53,2022-02-26
14564,5,182,408,51,2024-01-24
14565,16,20,93,33,2025-10-18
14566,4,283,267,44,2023-06-20
14567,14,175,193,18,2023-05-16
14568,26,146,106,21,2022-09-25
14569,8,175,167,50,2022-07-04
14570,1,73,163,58,2024-02-24
14571,28,102,366,53,2025-01-17
14572,26,54,156,40,2025-09-02
14573,14,97,130,57,2022-08-06
14574,21,8,222,30,2024-11-08
14575,19,81,390,12,2022-12-28
14576,7,225,379,14,2023-02-28
14577,19,435,48,27,2025-04-01
14578,21,204,271,30,2025-06-23
14579,9,323,204,54,2023-04-21
14580,10,155,99,44,2023-09-26
14581,15,265,446,23,2023-05-29
14582,1,46,27,58,2025-08-09
14583,23,169,307,51,2023-10-30
14584,19,94,275,35,2024-08-11
14585,10,149,189,11,2024-01-28
14586,25,383,50,53,2023-12-02
14587,26,204,132,20,2023-02-06
14588,5,425,213,25,2023-08-26
14589,21,313,496,14,2025-04-15
14590,6,31,464,60,2022-08-22
14591,23,414,363,34,2022-08-15
14592,16,226,141,56,2022-03-04
14593,14,281,383,10,2022-04-17
14594,4,165,436,49,2024-01-04
14595,19,174,235,27,2023-08-27
14596,13,65,84,33,2022-03-01
14597,8,361,467,59,2023-03-05
14598,16,220,292,39,2025-10-07
14599,25,69,255,23,2022-12-27
14600,14,307,172,18,2022-12-18
14601,5,316,153,31,2025-10-02
14602,13,13,292,21,2023-10-22
14603,3,295,130,22,2022-10-04
14604,17,143,233,48,2022-12-23
14605,18,48,361,35,2023-04-10
14606,19,10,263,48,2022-05-29
14607,18,143,150,41,2024-11-30
14608,2,169,188,46,2025-12-11
14609,10,130,86,52,2025-08-02
14610,30,221,113,22,2022-11-01
14611,11,410,461,53,2022-09-05
14612,11,63,9,54,2024-02-21
14613,6,259,391,53,2022-12-09
14614,23,249,263,47,2023-01-27
14615,24,406,354,39,2022-11-01
14616,3,318,306,14,2023-09-04
14617,19,266,383,52,2022-04-16
14618,30,401,42,52,2024-03-28
14619,12,172,401,51,2025-06-20
14620,5,48,265,38,2023-10-23
14621,23,188,352,43,2022-06-14
14622,3,320,21,60,2022-07-26
14623,18,255,268,35,2023-05-30
14624,13,303,431,14,2024-01-12
14625,14,254,27,26,2025-02-02
14626,18,119,351,21,2022-11-09
14627,21,67,163,53,2023-08-23
14628,19,166,125,22,2022-11-04
14629,23,146,432,23,2022-01-25
14630,26,367,369,59,2023-03-12
14631,27,422,207,22,2025-04-10
14632,17,364,137,53,2023-09-26
14633,8,162,436,55,2022-05-24
14634,22,95,7,58,2024-03-14
14635,30,144,225,15,2024-10-22
14636,8,395,192,27,2023-12-25
14637,10,373,281,14,2024-03-13
14638,24,114,70,56,2022-08-24
14639,6,241,206,24,2023-08-16
14640,27,165,326,18,2025-11-29
14641,8,222,44,48,2023-12-04
14642,14,306,230,58,2025-09-19
14643,24,139,22,27,2025-01-13
14644,6,355,106,12,2023-09-07
14645,30,111,374,39,2022-11-22
14646,28,105,150,55,2025-09-06
14647,30,208,407,48,2025-02-13
14648,14,395,135,52,2025-09-21
14649,24,167,329,25,2025-08-30
14650,22,306,326,48,2023-09-27
14651,26,220,299,26,2023-10-24
14652,2,44,364,43,2023-01-19
14653,6,336,394,25,2025-01-01
14654,2,373,-107,18,2022-09-04
14655,12,133,149,28,2023-10-18
14656,9,397,489,44,2025-05-26
14657,17,380,218,14,2022-01-18
14658,6,216,310,11,2022-09-14
14659,10,415,234,12,2022-03-28
14660,25,11,29,10,2025-01-03
14661,2,429,34,16,2025-05-24
14662,10,305,326,58,2024-03-19
14663,7,209,438,18,2023-08-31
14664,8,282,16,45,2022-08-17
14665,14,443,364,57,2022-02-27
14666,19,303,254,43,2025-04-01
14667,30,70,423,28,2022-09-11
14668,22,404,474,27,2025-10-26
14669,28,73,348,26,2023-05-29
14670,26,264,20,54,2023-06-26
14671,25,125,226,10,2022-11-22
14672,11,437,438,14,2024-01-06
14673,12,232,447,49,2022-09-14
14674,20,248,176,52,2024-12-09
14675,5,334,232,43,2024-05-31
14676,26,140,384,22,2024-11-10
14677,19,336,106,59,2022-09-11
14678,25,54,6,37,2023-02-24
14679,30,343,255,52,2025-09-01
14680,21,295,296,17,2023-05-26
14681,10,403,297,12,2025-08-30
14682,9,429,59,36,2022-05-24
14683,2,392,210,13,2022-07-27
14684,6,16,105,16,2025-09-10
14685,10,84,119,19,2022-04-18
14686,20,376,372,51,2025-11-19
14687,29,202,30,40,2022-06-08
14688,23,172,307,27,2022-12-13
14689,27,122,465,31,2022-12-20
14690,29,393,83,36,2024-08-24
14691,13,62,447,19,2025-06-17
14692,1,185,427,32,2025-08-24
14693,8,89,3,43,2025-09-23
14694,10,46,34,52,2022-05-02
14695,12,405,227,32,2023-03-14
14696,11,377,497,21,2022-12-22
14697,7,122,4,53,2022-07-27
14698,11,32,497,55,2024-09-29
14699,27,2,93,21,2024-08-10
14700,24,310,145,47,2024-03-01
14701,15,29,428,34,2022-11-17
14702,22,334,115,23,2024-07-09
14703,11,327,131,21,2024-04-27
14704,23,60,412,12,2024-05-08
14705,9,2,-364,42,2022-01-26
14706,26,420,40,13,2023-09-19
14707,18,377,215,39,2022-05-26
14708,8,25,48,52,2023-10-10
14709,10,22,464,37,2025-04-19
14710,26,360,308,49,2025-09-27
14711,21,257,59,17,2025-12-16
14712,15,131,34,56,2022-11-28
14713,20,25,497,57,2025-10-20
14714,14,370,127,39,2024-09-30
14715,25,395,191,42,2025-03-06
14716,29,287,303,58,2024-10-19
14717,9,255,82,20,2022-12-31
14718,25,295,155,53,2022-06-25
14719,12,416,424,50,2023-03-12
14720,20,397,16,44,2024-09-01
14721,22,42,409,47,2022-11-04
14722,4,29,146,22,2022-07-04
14723,29,391,82,33,2024-04-12
14724,25,36,253,25,2023-11-06
14725,17,169,303,30,2024-02-12
14726,5,113,432,59,2025-09-16
14727,28,248,491,51,2025-10-07
14728,12,388,278,14,2024-08-23
14729,28,294,199,12,2022-09-22
14730,30,30,471,32,2022-01-27
14731,1,126,71,59,2023-09-07
14732,9,201,217,59,2025-08-17
14733,15,90,160,57,2025-09-06
14734,25,19,87,36,2023-06-05
14735,8,188,480,39,2024-05-26
14736,11,236,96,28,2025-12-23
14737,27,67,158,59,2024-10-19
14738,7,138,344,49,2024-01-26
14739,7,131,473,52,2023-03-18
14740,13,434,383,11,2025-06-15
14741,27,69,37,14,2025-02-18
14742,29,393,239,20,2023-12-04
14743,30,24,325,25,2025-01-06
14744,7,217,445,36,2023-04-26
14745,17,71,447,20,2025-10-29
14746,18,12,421,31,2025-06-01
14747,10,143,225,57,2022-03-22
14748,5,432,65,39,2023-07-29
14749,29,184,296,11,2024-04-16
14750,3,356,247,12,2024-09-07
14751,7,245,42,18,2023-07-21
14752,19,119,377,51,2025-01-03
14753,18,335,121,10,2025-01-23
14754,2,147,56,55,2025-12-18
14755,17,321,165,15,2022-10-04
14756,19,397,435,32,2025-01-15
14757,20,66666,19,52,2024-04-08
14758,16,331,206,11,2023-09-24
14759,5,127,112,56,2023-11-17
14760,2,248,430,10,2025-02-01
14761,15,128,303,22,2025-05-19
14762,3,210,319,10,2024-11-06
14763,6,10,205,59,2023-12-27
14764,29,238,342,57,2023-06-18
14765,6,12,60,51,2025-06-05
14766,24,420,371,38,2023-08-30
14767,6,432,321,20,2025-02-15
14768,25,228,472,58,2023-07-08
14769,15,162,255,31,2024-01-17
14770,6,138,79,54,2024-03-30
14771,9,235,376,56,2025-09-08
14772,26,434,11,26,2025-02-27
14773,8,357,85,25,2025-08-24
14774,13,87,-395,48,2022-07-28
14775,5,332,422,41,2024-11-30
14776,26,216,149,55,2025-01-16
14777,9,353,102,45,2023-07-29
14778,11,168,235,27,2022-01-21
14779,12,252,80,16,2024-04-29
14780,25,155,471,50,2023-09-23
14781,3,115,69,60,2024-09-29
14782,7,357,285,41,2025-05-05
14783,4,2,160,22,2025-08-23
14784,2,435,386,48,2023-03-03
14785,5,261,133,39,2025-11-20
14786,14,268,41,38,2023-08-20
14787,3,262,27,42,2024-11-06
14788,11,91,366,29,2022-06-26
14789,12,398,324,38,2022-02-20
14790,10,34,188,60,2022-12-25
14791,1,116,388,12,2025-05-26
14792,18,135,355,53,2023-06-23
14793,28,252,399,28,2025-03-15
14794,1,264,267,41,2024-01-03
14795,5,114,129,55,2023-02-28
14796,20,241,434,12,2024-09-22
14797,21,431,419,37,2023-02-05
14798,30,108,122,52,2022-11-22
14799,28,360,462,57,2025-02-02
14800,12,197,110,40,2025-08-29
14801,10,344,79,51,2023-12-21
14802,12,148,143,16,2025-05-23
14803,23,36,136,35,2025-09-14
14804,6,392,134,39,2022-04-30
14805,28,424,480,32,2022-10-29
14806,22,371,476,58,2022-03-20
14807,15,371,163,38,2022-07-09
14808,22,247,372,59,2022-04-16
14809,10,418,452,30,2022-06-19
14810,29,29,492,37,2024-12-12
14811,7,349,135,55,2025-03-08
14812,2,163,225,15,2024-12-16
14813,23,200,-180,16,2024-10-18
14814,29,310,148,57,2025-12-17
14815,30,55,473,40,2022-05-14
14816,7,337,4,44,2024-09-12
14817,20,59,44,17,2023-02-11
14818,9,212,152,27,2024-06-23
14819,5,42,120,16,2022-09-27
14820,23,125,263,29,2025-02-07
14821,5,304,213,18,2025-09-28
14822,19,77,7,25,2023-03-01
14823,18,61,487,24,2023-09-24
14824,13,92,390,29,2024-08-30
14825,1,440,231,57,2022-09-11
14826,19,146,90,12,2025-02-17
14827,2,62,213,26,2024-06-02
14828,19,321,210,54,2022-04-15
14829,15,339,17,14,2025-01-21
14830,28,286,150,24,2022-06-14
14831,8,12,295,43,2024-01-15
14832,7,66666,370,17,2022-02-12
14833,16,12,442,54,2025-07-17
14834,17,222,257,57,2022-11-21
14835,7,66666,231,13,2025-04-06
14836,12,139,-292,58,2023-12-21
14837,14,216,49,42,2023-05-27
14838,29,444,263,27,2025-07-14
14839,28,249,252,43,2022-03-30
14840,14,180,495,21,2025-11-24
14841,21,418,452,42,2023-05-31
14842,29,304,56,32,2022-09-15
14843,19,156,120,36,2022-02-11
14844,3,225,87,60,2025-02-14
14845,18,68,401,11,2022-01-10
14846,23,347,102,35,2024-09-13
14847,7,415,171,13,2024-10-01
14848,23,308,470,53,2022-04-30
14849,5,68,495,21,2022-05-18
14850,9,39,354,16,2024-10-16
14851,27,317,282,30,2024-12-09
14852,27,281,27,39,2024-03-24
14853,4,51,431,15,2024-10-29
14854,25,242,431,17,2025-11-14
14855,20,330,103,23,2025-05-04
14856,3,436,139,11,2022-03-26
14857,27,308,152,14,2022-06-08
14858,16,380,451,20,2024-09-02
14859,6,251,306,47,2023-12-25
14860,6,400,445,19,2024-10-15
14861,18,375,151,59,2025-02-16
14862,12,116,340,45,2023-07-12
14863,20,150,324,29,2024-11-22
14864,15,260,69,33,2022-06-16
14865,29,113,217,59,2025-03-20
14866,8,85,183,48,2025-07-11
14867,18,151,482,20,2024-08-18
14868,10,26,90,32,2023-01-27
14869,21,71,268,45,2022-11-14
14870,24,265,-43,24,2024-05-23
14871,19,5,191,55,2025-01-13
14872,26,189,-233,34,2022-12-05
14873,12,385,39,57,2022-10-23
14874,1,242,359,50,2025-10-24
14875,4,281,39,14,2025-09-04
14876,21,203,336,30,2025-07-06
14877,5,21,237,44,2024-12-02
14878,27,163,187,12,2025-03-03
14879,2,202,22,38,2023-05-20
14880,28,204,245,44,2024-04-30
14881,13,406,237,60,2024-03-04
14882,28,202,247,41,2022-08-19
14883,16,390,193,37,2024-10-25
14884,12,339,200,57,2025-06-06
14885,9,404,396,31,2024-01-08
14886,17,98,351,58,2022-09-02
14887,24,51,434,23,2024-04-24
14888,14,274,284,37,2025-08-25
14889,18,215,485,38,2023-09-11
14890,11,362,472,43,2023-06-16
14891,23,256,216,58,2022-01-17
14892,21,206,179,47,2023-01-08
14893,16,348,488,25,2023-04-05
14894,17,176,305,31,2023-05-31
14895,27,368,70,54,2025-07-13
14896,29,169,181,15,2024-12-12
14897,14,281,85,22,2024-03-13
14898,21,290,2,50,2025-02-12
14899,29,262,142,15,2024-06-09
14900,10,241,303,30,2024-01-09
14901,27,397,221,54,2025-08-12
14902,18,66666,197,28,2023-11-19
14903,1,252,378,50,2024-06-18
14904,20,60,71,11,2022-11-03
14905,2,49,180,19,2024-01-27
14906,7,218,47,57,2023-06-18
14907,15,321,56,31,2023-06-22
14908,26,103,496,29,2022-10-22
14909,6,173,289,46,2022-09-05
14910,10,423,324,60,2022-03-21
14911,9,52,490,33,2025-12-27
14912,28,327,426,53,2025-05-26
14913,25,220,163,34,2024-07-05
14914,15,143,309,46,2023-03-04
14915,24,421,387,58,2023-10-23
14916,4,214,275,30,2025-09-09
14917,17,253,24,33,2025-05-03
14918,11,202,211,58,2022-01-27
14919,8,312,245,32,2022-08-22
14920,18,310,354,30,2025-10-13
14921,21,232,473,30,2024-11-12
14922,8,284,469,31,2023-10-24
14923,6,226,437,11,2024-12-18
14924,9,149,215,52,2022-08-15
14925,6,409,462,21,2022-06-17
14926,17,419,89,33,2022-07-24
14927,4,432,149,19,2022-11-02
14928,24,353,137,20,2025-06-22
14929,1,44,61,21,2022-01-12
14930,4,319,335,57,2023-11-06
14931,13,56,88,16,2022-08-19
14932,30,348,412,57,2022-09-13
14933,17,87,58,22,2022-12-01
14934,18,220,312,52,2025-04-09
14935,19,201,383,44,2023-12-02
14936,28,162,324,10,2024-05-17
14937,18,117,-80,45,2024-09-01
14938,3,51,214,23,2025-11-13
14939,30,89,112,35,2022-08-26
14940,20,2,390,28,2025-05-20
14941,5,436,379,23,2024-03-28
14942,22,301,163,49,2025-02-24
14943,26,307,427,55,2022-09-24
14944,28,339,416,12,2024-05-22
14945,7,229,269,28,2022-05-06
14946,28,268,145,18,2025-06-23
14947,15,55,170,31,2024-02-20
14948,17,154,387,28,2025-02-05
14949,2,149,207,25,2024-09-22
14950,25,57,245,54,2024-07-04
14951,3,276,36,33,2022-06-02
14952,3,181,484,58,2023-05-02
14953,21,435,219,57,2025-07-23
14954,26,445,470,20,2025-11-20
14955,1,308,181,49,2024-09-18
14956,18,344,436,27,2023-11-12
14957,26,57,322,41,2022-10-16
14958,28,214,69,17,2022-01-04
14959,18,107,149,39,2023-02-08
14960,6,180,-212,60,2023-11-09
14961,5,239,3,46,2024-11-25
14962,6,149,345,33,2022-12-28
14963,3,234,28,50,2025-05-02
14964,18,287,450,40,2022-12-05
14965,19,191,249,40,2023-02-13
14966,21,330,18,16,2024-09-01
14967,27,237,348,43,2022-12-08
14968,15,105,205,60,2023-01-13
14969,15,203,98,29,2024-05-24
14970,24,54,340,35,2023-03-31
14971,26,42,155,54,2024-01-26
14972,20,293,346,60,2024-05-31
14973,20,77,446,59,2022-12-12
14974,25,153,124,49,2025-09-26
14975,16,366,325,40,2022-12-15
14976,28,205,300,24,2022-03-14
14977,10,194,210,49,2023-01-14
14978,17,406,272,19,2023-12-03
14979,23,250,488,35,2023-04-27
14980,18,66666,59,41,2024-03-22
14981,1,220,156,27,2025-11-15
14982,8,15,363,44,2024-12-28
14983,9,208,185,53,2023-09-12
14984,18,96,470,18,2024-12-03
14985,13,431,420,40,2025-02-25
14986,13,93,115,29,2025-04-26
14987,1,270,57,42,2024-07-19
14988,16,138,254,55,2022-04-20
14989,17,251,355,14,2025-08-25
14990,4,282,35,56,2024-06-14
14991,24,106,-369,24,2023-04-21
14992,13,204,145,55,2025-08-27
14993,4,318,341,49,2022-03-02
14994,8,99,479,44,2024-10-24
14995,23,153,105,28,2022-11-03
14996,5,28,457,19,2024-08-30
14997,26,197,317,13,2025-02-02
14998,22,270,272,30,2023-10-18
14999,1,444,392,55,2025-11-24
15000,16,376,298,33,2025-07-14
15001,4,177,419,40,2025-12-23
15002,28,9,390,51,2024-08-10
15003,8,72,365,33,2023-10-12
15004,3,306,385,35,2022-11-27
15005,24,224,348,59,2024-10-15
15006,5,209,64,22,2024-02-09
15007,16,258,223,32,2024-06-17
15008,12,31,133,55,2022-02-26
15009,10,146,474,43,2025-10-14
15010,5,215,407,59,2022-03-27
15011,14,13,349,30,2022-08-03
15012,24,289,248,33,2024-11-28
15013,19,159,59,38,2023-07-15
15014,18,63,345,42,2024-02-18
15015,17,311,282,55,2022-08-12
15016,15,121,190,22,2024-08-23
15017,27,60,340,58,2024-05-08
15018,18,297,228,18,2023-12-28
15019,18,386,382,38,2024-12-02
15020,11,115,82,43,2024-06-02
15021,29,71,314,48,2023-11-12
15022,13,224,340,60,2022-06-18
15023,17,24,48,38,2022-06-19
15024,7,216,474,59,2025-12-04
15025,1,260,234,28,2024-09-07
15026,4,438,379,12,2025-04-20
15027,11,294,35,41,2024-02-23
15028,16,17,394,15,2023-04-12
15029,4,96,291,25,2023-01-17
15030,16,368,377,24,2023-04-04
15031,11,428,170,46,2025-02-28
15032,30,47,199,12,2023-06-11
15033,15,143,210,58,2024-03-02
15034,10,287,413,26,2023-11-12
15035,26,423,65,10,2025-08-23
15036,12,432,364,44,2022-03-19
15037,27,117,99,24,2023-01-11
15038,26,316,496,14,2022-10-24
15039,21,130,247,37,2025-04-14
15040,6,62,210,39,2023-04-28
15041,30,59,284,48,2024-08-02
15042,19,63,287,37,2024-12-20
15043,28,362,240,11,2022-03-30
15044,16,307,499,11,2022-07-22
15045,12,82,239,54,2024-07-03
15046,11,362,265,58,2023-09-17
15047,28,359,56,41,2024-07-10
15048,23,102,42,11,2024-03-22
15049,28,66666,187,26,2022-07-15
15050,25,385,412,41,2025-12-21
15051,8,255,7,17,2022-03-31
15052,26,64,196,21,2022-08-12
15053,9,230,388,27,2023-12-17
15054,2,96,193,37,2025-11-19
15055,4,94,344,25,2025-11-29
15056,15,442,410,23,2025-05-31
15057,29,66,157,14,2024-05-11
15058,29,99,264,11,2025-06-09
15059,21,192,339,20,2025-05-21
15060,6,56,219,43,2023-05-11
15061,27,408,216,40,2023-03-24
15062,29,12,132,20,2024-10-28
15063,17,66,348,45,2022-10-04
15064,21,271,260,22,2022-02-15
15065,30,104,35,17,2023-08-17
15066,13,68,274,56,2024-12-08
15067,19,6,494,34,2025-01-04
15068,23,347,370,20,2025-08-25
15069,30,402,498,52,2023-09-02
15070,23,327,305,52,2025-11-28
15071,19,259,81,11,2022-08-01
15072,22,32,257,18,2022-07-19
15073,29,192,428,12,2024-02-19
15074,13,173,176,33,2023-10-01
15075,11,123,234,32,2025-01-04
15076,27,123,21,18,2023-03-02
15077,14,129,145,57,2022-11-16
15078,17,36,117,48,2025-09-09
15079,5,227,288,49,2025-12-29
15080,28,59,438,33,2023-03-17
15081,12,58,405,51,2025-04-04
15082,5,141,228,41,2024-06-01
15083,18,414,469,27,2022-03-20
15084,11,7,72,45,2024-10-07
15085,5,331,491,51,2023-02-27
15086,15,168,328,42,2023-01-28
15087,2,58,388,20,2023-08-28
15088,21,415,-373,29,2022-02-11
15089,5,338,268,16,2023-09-29
15090,2,237,377,44,2025-08-20
15091,8,198,289,57,2025-05-09
15092,3,265,242,30,2024-06-24
15093,20,94,186,59,2022-07-26
15094,2,254,492,58,2025-06-28
15095,17,136,-7,39,2022-09-16
15096,20,242,177,41,2025-06-27
15097,10,370,498,26,2024-05-06
15098,7,153,240,33,2025-05-03
15099,8,305,382,57,2025-07-29
15100,27,78,164,21,2022-01-18
15101,7,368,378,28,2022-12-13
15102,25,140,365,32,2025-09-22
15103,24,331,71,25,2025-03-20
15104,13,364,146,43,2025-12-17
15105,11,429,83,16,2022-12-09
15106,25,221,210,13,2025-02-19
15107,23,158,500,42,2022-04-05
15108,2,265,416,19,2025-02-22
15109,8,366,15,59,2022-10-07
15110,4,301,184,33,2025-03-26
15111,21,31,449,11,2023-02-03
15112,19,7,392,25,2024-04-04
15113,18,55,49,43,2025-08-19
15114,3,64,262,55,2025-06-06
15115,26,440,412,56,2025-12-24
15116,26,56,35,59,2023-11-28
15117,11,278,48,58,2025-03-22
15118,1,354,385,28,2023-06-22
15119,20,393,32,10,2025-07-07
15120,17,377,155,40,2023-06-05
15121,1,135,299,41,2024-08-05
15122,18,399,23,25,2024-05-30
15123,12,103,327,19,2025-12-31
15124,18,131,428,53,2024-03-23
15125,12,25,191,38,2025-04-12
15126,10,22,273,18,2023-09-17
15127,11,305,94,55,2022-11-24
15128,10,26,431,39,2025-10-13
15129,15,129,62,42,2023-01-07
15130,18,377,211,47,2023-02-20
15131,5,32,56,38,2024-04-24
15132,17,298,350,11,2024-08-21
15133,11,145,336,51,2025-09-02
15134,25,146,470,33,2022-09-04
15135,16,423,418,44,2025-09-20
15136,13,268,467,25,2022-10-05
15137,18,234,94,59,2025-10-20
15138,28,286,153,52,2023-10-06
15139,19,290,406,12,2024-07-29
15140,30,271,378,14,2024-04-04
15141,25,75,378,32,2024-08-26
15142,28,147,329,33,2024-10-25
15143,30,147,241,17,2023-08-01
15144,26,270,251,14,2025-04-26
15145,13,61,216,39,2025-01-23
15146,17,287,368,30,2024-06-20
15147,22,182,31,48,2025-12-10
15148,1,378,323,23,2023-07-19
15149,16,163,209,19,2022-09-24
15150,10,450,492,53,2022-01-10
15151,29,27,175,56,2024-02-02
15152,30,3,61,21,2022-07-02
15153,28,66,187,27,2025-05-31
15154,12,83,453,33,2023-11-11
15155,16,276,188,14,2025-08-10
15156,24,302,275,47,2022-02-11
15157,30,244,84,58,2022-03-16
15158,11,414,499,38,2024-01-27
15159,7,70,24,53,2025-12-05
15160,6,232,481,42,2024-11-02
15161,16,199,279,10,2024-12-26
15162,10,323,353,49,2022-07-07
15163,13,31,299,17,2024-04-13
15164,18,209,150,13,2023-05-28
15165,14,237,51,30,2022-04-20
15166,4,27,21,26,2024-05-18
15167,23,50,247,59,2023-01-31
15168,28,437,235,48,2022-07-21
15169,7,123,238,22,2022-05-05
15170,13,81,389,34,2025-10-29
15171,10,203,415,60,2022-10-08
15172,15,312,164,59,2025-10-24
15173,10,436,372,34,2024-07-07
15174,17,294,475,26,2024-02-04
15175,24,97,402,59,2023-03-06
15176,9,322,309,28,2022-02-25
15177,1,219,209,12,2023-12-11
15178,24,5,269,43,2023-06-13
15179,7,216,24,33,2025-11-11
15180,4,274,272,28,2024-11-16
15181,30,2,188,57,2024-02-24
15182,11,306,80,38,2024-04-06
15183,4,417,363,47,2022-03-25
15184,23,262,485,42,2024-09-09
15185,8,278,55,19,2025-12-04
15186,2,5,447,40,2025-11-27
15187,8,109,-43,32,2025-11-05
15188,2,93,446,27,2023-12-30
15189,17,305,163,57,2024-09-23
15190,29,218,328,57,2022-09-03
15191,28,60,164,29,2023-05-29
15192,14,302,119,34,2024-05-31
15193,5,378,209,33,2022-09-20
15194,25,248,211,37,2024-11-27
15195,1,21,187,57,2023-05-31
15196,16,382,257,31,2023-12-21
15197,4,327,376,35,2025-05-12
15198,7,153,276,44,2023-06-14
15199,11,56,87,32,2022-12-05
15200,10,159,208,27,2022-09-15
15201,16,183,436,49,2022-01-31
15202,7,5,90,42,2022-06-28
15203,16,300,300,46,2024-01-23
15204,6,66,194,36,2024-08-31
15205,22,66666,378,59,2025-02-03
15206,28,271,72,37,2025-12-28
15207,20,395,202,16,2024-06-12
15208,29,71,82,16,2022-01-07
15209,27,72,66,25,2022-09-17
15210,25,14,493,16,2022-04-23
15211,21,236,322,12,2025-07-05
15212,30,195,333,27,2024-05-16
15213,5,314,497,38,2022-01-22
15214,23,87,433,47,2024-02-22
15215,9,38,183,12,2023-06-22
15216,30,356,432,34,2022-05-02
15217,25,19,489,35,2022-04-28
15218,7,281,127,42,2024-02-10
15219,13,118,346,25,2023-11-30
15220,14,263,387,45,2025-12-27
15221,30,313,49,37,2022-11-23
15222,11,127,21,55,2023-07-02
15223,15,90,86,25,2022-03-29
15224,22,410,478,53,2024-12-15
15225,24,233,328,54,2023-11-23
15226,24,325,23,26,2024-09-27
15227,14,207,252,14,2023-12-15
15228,13,312,125,57,2022-10-08
15229,8,222,242,28,2023-09-20
15230,1,59,126,60,2025-10-14
15231,1,29,142,35,2024-03-06
15232,29,308,38,53,2025-08-01
15233,2,147,33,55,2025-03-07
15234,24,233,424,22,2022-06-05
15235,8,413,267,42,2023-10-30
15236,7,416,75,12,2024-02-15
15237,17,272,394,30,2023-03-12
15238,13,229,189,32,2025-06-20
15239,16,63,10,17,2023-06-22
15240,2,437,94,18,2022-06-09
15241,13,212,310,58,2024-02-23
15242,20,238,49,24,2023-12-23
15243,27,21,201,37,2025-02-14
15244,7,450,323,18,2025-03-14
15245,6,52,286,40,2024-04-08
15246,2,328,300,17,2025-06-03
15247,23,294,496,58,2025-01-03
15248,30,236,178,59,2023-08-27
15249,15,145,415,38,2023-11-29
15250,8,211,473,15,2024-08-19
15251,11,214,22,53,2024-07-19
15252,3,300,45,22,2024-05-08
15253,19,169,466,23,2023-06-20
15254,6,256,426,24,2023-01-23
15255,25,28,262,26,2025-07-10
15256,24,63,112,27,2024-03-02
15257,3,146,179,26,2025-03-29
15258,21,362,262,25,2023-06-08
15259,15,385,54,53,2023-06-17
15260,5,237,484,34,2023-01-06
15261,9,35,288,49,2023-06-08
15262,8,290,108,48,2023-09-16
15263,22,268,120,34,2024-06-27
15264,9,295,66,20,2023-07-13
15265,27,173,76,14,2024-05-16
15266,2,255,356,45,2024-08-24
15267,11,398,299,17,2023-02-26
15268,26,367,51,46,2023-09-08
15269,1,255,202,29,2024-07-16
15270,8,396,288,58,2024-12-02
15271,29,52,427,14,2024-03-09
15272,20,434,40,18,2024-08-13
15273,17,311,365,19,2023-08-02
15274,26,358,25,13,2022-05-16
15275,7,148,50,60,2023-04-03
15276,13,205,90,38,2025-05-15
15277,18,247,312,19,2024-06-19
15278,13,139,348,17,2024-03-14
15279,25,407,146,26,2022-12-11
15280,11,6,67,37,2025-08-14
15281,27,416,143,46,2022-10-05
15282,3,259,256,21,2022-03-15
15283,29,332,429,49,2024-02-26
15284,5,427,7,28,2022-11-25
15285,18,53,268,56,2023-05-01
15286,7,4,42,55,2025-10-31
15287,22,28,168,38,2025-10-17
15288,6,1,4,19,2023-06-29
15289,21,202,243,21,2025-05-22
15290,4,104,301,33,2024-04-23
15291,7,93,473,18,2024-12-09
15292,20,47,43,59,2024-06-08
15293,15,11,435,21,2023-08-05
15294,29,29,70,11,2025-08-15
15295,23,443,419,41,2023-12-19
15296,16,160,336,29,2023-10-14
15297,16,201,99,29,2024-11-13
15298,25,76,393,18,2022-06-10
15299,25,403,232,47,2024-07-01
15300,11,241,240,41,2022-07-05
15301,7,66666,477,47,2023-06-04
15302,9,309,47,27,2022-01-29
15303,3,345,317,35,2025-03-20
15304,6,133,60,33,2025-04-18
15305,4,358,292,52,2025-01-29
15306,30,274,204,29,2025-03-14
15307,18,389,348,16,2025-05-31
15308,18,49,446,58,2023-08-08
15309,6,417,344,42,2022-01-10
15310,6,249,351,39,2025-10-17
15311,6,250,260,25,2024-11-09
15312,25,336,474,44,2025-02-27
15313,22,361,277,10,2025-06-14
15314,22,340,422,51,2025-02-24
15315,12,184,334,57,2024-10-09
15316,3,26,335,39,2022-03-16
15317,7,293,259,45,2023-03-15
15318,17,31,201,44,2022-12-29
15319,9,346,419,36,2023-09-29
15320,5,397,174,12,2022-06-11
15321,9,389,-320,27,2023-11-03
15322,30,339,332,53,2024-10-29
15323,27,288,383,12,2024-09-21
15324,27,341,163,27,2023-02-05
15325,30,85,25,38,2024-03-19
15326,7,275,297,40,2025-05-25
15327,23,278,285,59,2022-12-18
15328,3,129,320,37,2025-09-09
15329,24,128,445,38,2022-08-04
15330,28,109,103,17,2023-05-06
15331,29,443,473,55,2023-11-14
15332,19,7,229,15,2023-01-02
15333,7,114,400,60,2022-09-09
15334,26,282,48,26,2024-01-01
15335,20,153,104,35,2023-08-25
15336,28,138,145,25,2023-07-23
15337,9,201,336,10,2022-12-12
15338,12,449,12,29,2025-04-16
15339,9,140,355,13,2024-07-08
15340,21,47,54,31,2024-05-07
15341,27,257,149,56,2023-03-29
15342,3,256,471,35,2022-05-01
15343,1,135,444,33,2025-04-26
15344,4,428,289,53,2024-09-07
15345,20,250,136,38,2024-10-01
15346,22,341,109,54,2023-06-20
15347,1,412,98,16,2022-01-16
15348,24,343,320,53,2024-07-12
15349,30,244,457,28,2023-10-24
15350,14,270,110,31,2023-11-09
15351,1,251,383,33,2025-01-26
15352,10,143,432,52,2024-04-11
15353,6,186,287,53,2025-05-12
15354,27,429,255,27,2022-01-02
15355,30,336,230,25,2023-03-04
15356,10,322,412,41,2025-08-09
15357,10,272,347,11,2023-08-12
15358,12,370,241,46,2024-05-09
15359,21,303,171,31,2022-01-03
15360,11,28,395,50,2022-09-11
15361,23,48,292,34,2024-06-23
15362,6,64,152,60,2025-10-25
15363,27,155,327,55,2025-09-22
15364,15,414,73,23,2024-03-16
15365,22,341,405,50,2023-07-22
15366,6,210,422,36,2024-03-23
15367,10,127,454,16,2025-08-27
15368,4,208,346,27,2024-03-26
15369,12,316,48,15,2022-04-26
15370,11,351,195,53,2023-05-11
15371,15,148,47,29,2025-07-15
15372,16,93,79,43,2025-11-21
15373,10,326,53,48,2025-07-21
15374,23,79,266,16,2023-07-17
15375,8,320,245,48,2025-10-22
15376,25,212,430,52,2022-08-09
15377,23,437,311,37,2025-12-22
15378,22,115,176,48,2022-03-18
15379,10,383,368,60,2024-05-01
15380,30,35,124,13,2023-03-04
15381,18,347,255,50,2025-01-28
15382,10,223,145,49,2023-11-17
15383,22,450,327,58,2023-06-22
15384,13,241,290,43,2022-10-17
15385,17,367,160,30,2025-08-28
15386,28,21,343,35,2025-10-08
15387,29,107,451,46,2025-09-20
15388,22,135,163,24,2022-12-03
15389,25,270,179,57,2025-07-05
15390,15,406,268,58,2025-12-08
15391,21,313,158,41,2025-12-16
15392,14,42,356,23,2022-07-07
15393,16,240,100,20,2022-10-17
15394,15,417,205,39,2023-06-24
15395,2,328,94,20,2025-11-01
15396,6,187,252,48,2022-07-01
15397,28,268,388,31,2023-07-06
15398,4,176,112,23,2025-02-11
15399,14,39,435,37,2024-12-30
15400,5,71,200,41,2023-03-11
15401,30,137,438,19,2025-06-20
15402,27,351,54,55,2023-10-05
15403,28,132,93,11,2022-03-24
15404,18,28,183,35,2025-04-09
15405,4,388,354,57,2022-11-12
15406,1,174,44,48,2022-12-11
15407,20,375,372,10,2022-09-28
15408,27,12,491,29,2025-03-24
15409,25,32,340,44,2022-03-16
15410,21,318,206,13,2022-10-29
15411,28,353,498,60,2022-04-01
15412,8,165,188,59,2023-01-22
15413,4,112,199,47,2025-11-04
15414,10,355,438,59,2024-11-17
15415,25,385,249,27,2022-01-11
15416,23,316,64,45,2023-08-23
15417,27,132,355,39,2022-11-01
15418,8,104,344,54,2024-09-25
15419,15,252,499,16,2025-06-15
15420,20,240,221,28,2023-06-22
15421,30,133,216,28,2022-08-04
15422,14,25,49,56,2023-03-06
15423,2,123,135,19,2023-11-18
15424,2,243,282,34,2024-10-12
15425,23,222,301,21,2022-09-29
15426,13,339,87,20,2022-10-23
15427,28,186,345,26,2025-04-10
15428,25,154,231,30,2023-02-07
15429,17,432,405,53,2023-05-03
15430,24,31,404,60,2024-02-22
15431,24,205,13,44,2023-07-04
15432,15,66,218,47,2023-01-19
15433,12,436,167,55,2025-03-02
15434,2,59,412,23,2025-06-04
15435,21,105,247,57,2024-10-17
15436,7,78,498,37,2023-08-04
15437,30,120,492,54,2023-09-15
15438,15,114,96,14,2025-04-28
15439,23,32,385,13,2022-01-04
15440,8,199,354,42,2025-12-06
15441,15,102,1,49,2024-04-05
15442,6,123,136,43,2023-08-10
15443,20,43,64,33,2025-11-15
15444,2,291,467,28,2022-08-20
15445,24,340,39,14,2023-10-30
15446,8,238,396,55,2022-08-25
15447,1,211,276,52,2025-06-21
15448,10,377,382,50,2022-09-01
15449,4,202,346,15,2024-03-28
15450,12,449,12,56,2022-08-25
15451,14,267,165,15,2022-09-03
15452,11,443,338,23,2025-01-23
15453,4,237,148,33,2024-04-10
15454,19,66666,191,48,2024-05-20
15455,30,260,449,27,2024-07-31
15456,15,203,37,54,2022-12-25
15457,22,27,474,24,2024-01-09
15458,11,177,463,35,2024-02-17
15459,10,154,172,20,2022-11-08
15460,5,188,154,53,2024-05-19
15461,28,273,38,38,2024-04-26
15462,9,188,475,21,2024-07-12
15463,14,308,211,33,2025-10-23
15464,16,263,243,35,2023-09-14
15465,3,262,214,17,2022-05-25
15466,17,328,175,10,2022-12-30
15467,13,158,2,43,2022-02-04
15468,13,241,144,17,2023-04-20
15469,14,412,45,12,2023-08-11
15470,29,281,210,58,2025-06-18
15471,20,344,53,49,2023-09-04
15472,27,220,56,39,2025-07-31
15473,23,413,109,14,2023-01-16
15474,8,268,392,49,2023-12-30
15475,19,75,68,42,2022-01-24
15476,5,87,375,41,2022-10-22
15477,25,184,342,46,2022-04-12
15478,28,147,65,60,2023-04-05
15479,4,96,302,46,2024-01-09
15480,14,5,434,43,2022-05-26
15481,3,297,322,26,2025-05-12
15482,25,163,353,44,2022-04-10
15483,1,116,45,50,2024-04-20
15484,21,273,236,39,2022-09-10
15485,13,418,8,22,2022-06-10
15486,3,2,9,21,2022-09-26
15487,3,89,179,42,2024-01-02
15488,20,164,248,20,2022-05-26
15489,1,315,497,44,2025-05-30
15490,1,119,455,10,2022-09-21
15491,4,85,96,27,2023-10-12
15492,9,301,435,59,2024-11-01
15493,24,382,83,24,2022-11-30
15494,11,77,218,49,2023-06-02
15495,21,33,178,24,2024-05-12
15496,6,153,15,23,2024-01-11
15497,16,40,189,44,2022-01-02
15498,17,231,355,46,2025-08-28
15499,2,312,144,23,2025-05-16
15500,19,329,359,14,2024-12-03
15501,22,235,217,17,2022-08-06
15502,15,87,283,55,2023-01-10
15503,17,10,98,50,2022-01-13
15504,5,97,15,47,2022-05-09
15505,1,34,51,35,2025-11-04
15506,8,149,118,41,2022-06-14
15507,3,38,97,10,2025-09-05
15508,15,432,237,55,2025-11-08
15509,28,55,427,23,2022-06-01
15510,28,414,153,17,2022-03-08
15511,29,24,170,58,2024-11-04
15512,15,264,117,49,2023-05-04
15513,16,279,71,16,2025-05-01
15514,13,289,441,12,2023-12-02
15515,26,373,20,30,2022-11-07
15516,11,207,3,47,2024-08-02
15517,13,150,377,49,2023-02-26
15518,13,367,386,30,2024-02-03
15519,18,312,387,57,2024-01-21
15520,15,262,227,27,2023-04-16
15521,9,230,144,39,2024-01-30
15522,3,413,79,50,2025-11-09
15523,2,370,318,58,2022-05-07
15524,10,284,190,25,2025-06-17
15525,28,421,117,51,2024-12-29
15526,2,48,167,10,2023-11-22
15527,16,356,11,57,2024-09-27
15528,19,265,437,21,2022-10-30
15529,9,200,419,13,2024-06-06
15530,8,127,119,28,2022-03-27
15531,14,358,475,58,2023-07-30
15532,4,245,497,33,2024-08-25
15533,6,180,332,29,2022-11-10
15534,18,141,362,13,2023-03-15
15535,25,43,326,32,2024-12-31
15536,24,241,40,47,2023-02-25
15537,21,102,301,38,2025-11-22
15538,26,73,379,12,2024-12-14
15539,19,10,348,14,2024-07-07
15540,14,79,244,48,2023-05-23
15541,29,284,476,52,2024-09-07
15542,20,238,467,18,2025-10-23
15543,26,263,413,34,2023-02-04
15544,15,28,481,44,2024-12-21
15545,18,428,131,34,2023-02-20
15546,25,120,406,13,2024-07-14
15547,21,351,411,41,2025-05-14
15548,4,383,210,33,2023-03-10
15549,21,311,-26,24,2025-06-19
15550,27,303,459,49,2022-02-13
15551,19,234,304,35,2024-05-05
15552,4,143,349,10,2023-12-30
15553,30,232,45,53,2023-11-11
15554,9,313,87,49,2025-05-18
15555,3,144,288,34,2025-06-27
15556,25,305,153,31,2025-10-04
15557,12,306,360,21,2025-01-04
15558,4,46,153,19,2022-09-08
15559,8,430,330,41,2024-01-17
15560,17,350,454,57,2024-03-08
15561,2,3,328,55,2022-11-11
15562,28,449,153,26,2025-09-03
15563,2,168,216,42,2023-11-27
15564,5,441,19,50,2022-01-16
15565,9,326,449,51,2025-02-14
15566,26,421,461,42,2024-12-21
15567,22,224,477,34,2025-11-10
15568,11,262,272,39,2025-11-30
15569,26,245,464,54,2023-10-06
15570,2,156,255,34,2022-09-19
15571,26,216,81,54,2023-06-28
15572,25,248,409,33,2025-06-04
15573,30,390,479,21,2023-06-13
15574,27,81,415,48,2023-02-21
15575,8,17,317,59,2023-06-04
15576,19,187,493,36,2025-04-25
15577,14,133,471,41,2023-05-27
15578,16,418,356,41,2023-01-08
15579,17,14,155,10,2022-04-24
15580,23,403,326,29,2024-03-11
15581,11,88,304,36,2023-08-14
15582,18,159,385,46,2023-12-02
15583,1,399,303,29,2025-01-12
15584,10,318,213,51,2022-02-28
15585,27,118,34,34,2024-08-31
15586,2,423,173,52,2025-04-11
15587,23,303,120,16,2022-05-08
15588,30,66666,497,48,2022-11-14
15589,10,292,377,42,2022-05-05
15590,30,191,295,24,2022-05-04
15591,5,21,195,36,2022-01-16
15592,7,16,268,45,2025-09-14
15593,13,438,173,26,2022-12-03
15594,25,219,187,14,2022-11-20
15595,30,418,223,58,2022-05-15
15596,18,209,422,23,2025-10-06
15597,30,280,-86,47,2025-02-04
15598,15,198,166,25,2024-05-21
15599,12,13,83,25,2023-09-04
15600,30,16,196,29,2023-06-02
15601,3,423,285,54,2023-06-01
15602,30,259,494,46,2024-08-08
15603,5,88,237,18,2022-01-10
15604,19,224,26,22,2022-12-18
15605,7,210,436,54,2025-12-06
15606,2,120,494,27,2024-05-30
15607,2,245,478,20,2022-06-20
15608,18,357,217,33,2024-10-31
15609,13,286,-305,37,2024-05-27
15610,29,276,405,29,2024-09-06
15611,11,34,-427,18,2022-08-06
15612,10,400,385,17,2023-09-05
15613,20,6,319,39,2025-06-18
15614,14,253,336,25,2025-07-18
15615,18,389,33,52,2023-07-28
15616,22,48,119,51,2025-10-17
15617,14,36,242,17,2022-01-26
15618,13,104,289,53,2022-07-11
15619,22,126,391,24,2024-10-19
15620,20,239,-106,58,2025-01-04
15621,6,293,354,18,2023-05-30
15622,28,343,486,51,2024-09-10
15623,27,285,493,22,2024-02-12
15624,22,304,117,24,2023-02-25
15625,10,314,207,48,2024-07-30
15626,21,54,410,42,2022-12-03
15627,1,421,210,17,2023-07-28
15628,12,440,404,31,2023-09-05
15629,16,316,410,58,2023-03-23
15630,13,343,74,26,2022-06-24
15631,26,291,267,43,2022-01-09
15632,23,82,257,16,2023-01-12
15633,3,300,82,56,2023-09-17
15634,24,71,479,11,2024-02-03
15635,3,12,334,26,2023-01-14
15636,14,214,474,42,2025-06-23
15637,29,421,85,21,2024-04-25
15638,13,217,259,19,2024-02-25
15639,28,315,438,15,2025-10-12
15640,19,232,160,40,2024-10-21
15641,21,119,32,42,2022-12-30
15642,30,156,301,32,2023-11-21
15643,27,298,41,53,2022-01-29
15644,5,335,488,35,2025-06-08
15645,13,104,482,37,2022-01-13
15646,4,221,44,37,2024-09-27
15647,12,209,366,44,2022-07-07
15648,6,157,200,56,2024-09-26
15649,8,347,417,45,2025-07-27
15650,15,123,81,18,2022-10-09
15651,9,130,30,19,2022-12-29
15652,19,162,88,52,2022-06-29
15653,8,328,45,15,2022-04-01
15654,28,23,460,36,2024-03-24
15655,5,165,277,43,2024-03-16
15656,19,235,159,27,2025-02-25
15657,4,108,286,55,2025-04-16
15658,19,333,206,50,2025-05-27
15659,14,338,353,29,2023-09-26
15660,6,66666,161,42,2022-04-24
15661,18,301,52,32,2023-04-09
15662,8,136,244,51,2022-08-07
15663,4,81,353,57,2022-05-07
15664,23,24,373,27,2022-03-04
15665,29,33,194,44,2022-11-03
15666,17,344,155,52,2023-10-25
15667,30,354,461,21,2022-11-09
15668,29,154,403,33,2022-10-29
15669,28,189,361,50,2025-02-01
15670,18,195,37,53,2023-06-01
15671,8,288,378,37,2023-10-03
15672,3,256,353,41,2022-01-07
15673,18,182,-249,54,2022-09-23
15674,16,186,258,20,2023-07-23
15675,7,117,314,46,2023-07-08
15676,29,52,158,36,2022-02-01
15677,2,53,284,33,2022-04-26
15678,28,146,118,45,2024-07-12
15679,30,223,291,22,2022-04-07
15680,12,317,107,17,2023-05-02
15681,17,347,129,37,2024-03-24
15682,19,115,299,49,2024-07-26
15683,19,159,15,50,2025-07-11
15684,14,148,354,12,2023-02-04
15685,27,289,19,12,2024-03-23
15686,19,285,44,34,2023-03-27
15687,9,199,98,34,2023-08-08
15688,8,42,377,44,2024-03-10
15689,2,259,129,11,2025-11-04
15690,23,121,394,35,2022-11-25
15691,19,170,441,50,2025-12-04
15692,18,294,119,42,2022-10-23
15693,28,107,155,40,2022-12-30
15694,21,55,9,28,2022-08-05
15695,28,233,146,29,2025-02-23
15696,27,45,92,50,2022-12-13
15697,13,438,444,46,2025-01-29
15698,1,417,428,37,2022-02-07
15699,26,298,128,31,2022-04-22
15700,8,393,67,14,2022-10-25
15701,22,412,111,49,2022-07-08
15702,4,261,109,20,2024-09-28
15703,11,389,-294,49,2023-04-22
15704,1,285,219,33,2024-07-15
15705,25,279,319,54,2022-04-04
15706,20,141,439,29,2025-10-26
15707,21,311,119,34,2025-05-08
15708,18,428,118,31,2025-01-29
15709,20,176,65,48,2023-12-22
15710,3,446,184,10,2022-11-14
15711,27,95,277,28,2023-01-22
15712,29,294,154,60,2022-02-12
15713,7,442,34,34,2024-09-03
15714,22,209,312,20,2023-01-16
15715,8,233,433,55,2024-10-30
15716,14,416,415,43,2025-11-23
15717,3,108,37,40,2025-10-15
15718,23,24,296,40,2025-08-27
15719,24,76,370,25,2024-12-10
15720,20,15,407,37,2024-03-04
15721,9,164,207,51,2023-08-29
15722,20,280,256,21,2022-03-25
15723,6,59,207,42,2024-01-13
15724,22,311,352,36,2025-06-28
15725,14,311,335,11,2023-01-25
15726,2,54,9,50,2025-10-06
15727,18,408,91,25,2022-08-27
15728,23,374,471,49,2025-07-07
15729,20,377,172,13,2022-05-01
15730,1,368,108,35,2023-04-24
15731,13,66666,146,40,2025-07-07
15732,12,23,113,45,2024-04-27
15733,10,116,399,12,2023-02-06
15734,3,195,152,57,2022-09-30
15735,20,226,317,42,2023-05-15
15736,17,329,34,55,2025-05-04
15737,2,122,422,48,2024-05-26
15738,1,220,47,42,2023-04-12
15739,3,52,82,49,2025-01-22
15740,18,361,364,13,2024-05-22
15741,22,238,85,29,2022-11-29
15742,26,247,348,40,2024-06-16
15743,27,127,264,11,2022-04-27
15744,5,364,160,60,2022-08-09
15745,13,127,246,49,2022-04-26
15746,9,367,463,49,2025-09-22
15747,23,86,196,39,2022-08-13
15748,3,112,433,38,2024-11-16
15749,15,247,80,12,2025-10-12
15750,29,263,222,52,2022-02-16
15751,15,25,37,41,2025-11-13
15752,12,444,183,56,2025-03-14
15753,1,265,56,24,2022-07-23
15754,22,343,368,19,2025-01-25
15755,1,227,120,57,2024-03-01
15756,12,382,431,49,2023-07-05
15757,7,120,302,32,2023-04-01
15758,28,203,257,40,2023-04-22
15759,18,223,198,11,2023-05-24
15760,13,314,130,52,2025-12-04
15761,1,166,148,20,2023-01-25
15762,29,291,202,47,2023-10-21
15763,28,332,279,33,2023-02-16
15764,28,288,258,39,2023-04-26
15765,28,399,171,28,2022-02-09
15766,2,236,192,16,2025-06-21
15767,8,164,400,50,2023-02-13
15768,20,290,134,55,2022-01-09
15769,15,314,-312,36,2025-07-31
15770,3,74,-117,26,2022-07-14
15771,1,222,146,54,2025-12-16
15772,13,317,409,11,2025-05-17
15773,2,95,294,27,2025-02-12
15774,6,26,474,59,2022-09-22
15775,24,354,206,19,2023-05-06
15776,27,160,484,49,2025-06-20
15777,27,91,67,39,2023-04-24
15778,7,354,95,14,2025-11-30
15779,19,444,156,23,2022-12-05
15780,8,288,240,28,2024-02-15
15781,28,407,219,49,2024-08-07
15782,5,328,188,17,2022-08-12
15783,6,378,185,37,2023-08-14
15784,13,400,433,26,2023-04-06
15785,29,316,119,22,2025-01-25
15786,9,205,110,28,2025-07-31
15787,14,78,208,20,2024-07-09
15788,19,252,483,10,2024-06-08
15789,20,80,413,28,2025-03-25
15790,24,48,323,60,2024-08-14
15791,16,260,466,27,2025-06-02
15792,1,50,42,57,2022-12-29
15793,9,314,458,17,2024-09-04
15794,15,151,92,44,2022-02-17
15795,24,276,339,42,2023-03-23
15796,22,83,221,54,2025-05-27
15797,25,379,377,34,2024-05-04
15798,19,148,271,49,2022-04-03
15799,1,146,484,58,2023-04-07
15800,3,232,100,10,2025-10-23
15801,4,415,142,37,2025-04-02
15802,3,301,442,40,2022-03-02
15803,23,104,260,33,2022-11-26
15804,23,305,408,54,2024-03-23
15805,4,66666,452,12,2022-03-14
15806,24,140,249,59,2023-07-07
15807,10,66,321,31,2023-06-08
15808,27,403,499,37,2022-07-28
15809,16,421,445,39,2025-04-23
15810,9,77,361,50,2022-07-20
15811,26,69,456,28,2022-07-26
15812,21,304,422,60,2024-12-06
15813,10,252,300,30,2022-12-19
15814,24,449,414,39,2022-05-02
15815,9,259,133,52,2022-08-16
15816,9,145,216,40,2024-07-20
15817,25,246,36,44,2024-09-16
15818,24,215,79,23,2024-12-06
15819,8,70,117,35,2025-06-24
15820,20,341,401,46,2024-10-02
15821,20,140,253,16,2025-05-14
15822,8,108,293,58,2025-01-01
15823,5,12,140,49,2024-10-04
15824,2,66666,142,39,2025-07-17
15825,25,69,1,56,2024-08-26
15826,3,314,18,24,2025-11-19
15827,4,414,118,21,2022-09-02
15828,8,312,255,27,2022-01-06
15829,20,42,446,40,2023-11-14
15830,24,271,18,59,2022-10-05
15831,27,21,224,52,2023-05-30
15832,14,404,114,44,2024-06-08
15833,3,3,495,12,2022-03-14
15834,3,104,317,49,2025-08-16
15835,29,390,470,45,2022-05-04
15836,24,64,128,16,2022-11-13
15837,5,230,468,40,2025-09-03
15838,7,382,456,31,2022-03-09
15839,24,370,133,24,2025-11-25
15840,9,443,103,38,2024-03-25
15841,5,410,165,32,2023-12-08
15842,17,100,463,56,2022-01-07
15843,6,248,486,23,2025-09-21
15844,17,178,117,10,2024-03-30
15845,21,208,494,56,2023-03-17
15846,19,328,145,34,2024-08-03
15847,9,70,318,59,2024-07-18
15848,14,232,350,34,2024-04-10
15849,3,138,66,35,2022-09-17
15850,25,278,20,50,2023-08-09
15851,19,12,338,48,2022-12-30
15852,19,66666,358,35,2023-09-21
15853,12,284,235,56,2022-08-14
15854,12,295,237,30,2022-02-18
15855,27,53,472,57,2024-10-15
15856,11,63,496,40,2023-04-27
15857,2,97,377,18,2023-07-25
15858,15,219,91,39,2023-11-26
15859,5,375,451,12,2022-12-29
15860,20,404,355,42,2022-07-13
15861,9,241,98,46,2024-06-24
15862,6,402,300,22,2024-04-26
15863,1,259,227,10,2022-02-24
15864,28,11,164,31,2023-01-03
15865,18,59,404,18,2024-04-17
15866,2,307,409,42,2024-04-20
15867,18,197,171,26,2023-11-03
15868,5,35,403,19,2024-09-29
15869,6,210,196,51,2023-07-31
15870,20,3,0,29,2022-12-23
15871,20,68,306,54,2023-06-18
15872,18,312,170,53,2024-08-15
15873,30,280,221,53,2023-04-24
15874,25,186,476,38,2022-05-29
15875,18,72,372,47,2022-05-24
15876,24,9,30,46,2022-12-31
15877,17,91,428,12,2022-02-23
15878,15,353,478,35,2022-03-15
15879,15,6,61,50,2024-12-15
15880,21,90,358,17,2024-11-14
15881,12,282,12,51,2022-07-27
15882,13,441,256,17,2024-04-08
15883,13,66666,190,34,2022-11-01
15884,30,86,406,24,2025-09-15
15885,27,325,101,31,2024-06-29
15886,4,364,484,49,2024-01-09
15887,11,66,127,41,2023-09-15
15888,16,283,78,36,2024-03-10
15889,19,84,59,23,2024-02-05
15890,20,225,138,44,2022-07-22
15891,6,92,1,58,2022-07-23
15892,30,315,193,24,2025-07-02
15893,26,84,148,46,2022-07-26
15894,17,388,484,39,2023-08-30
15895,5,336,263,15,2022-04-24
15896,20,77,459,17,2023-08-08
15897,4,33,26,35,2025-01-09
15898,9,196,290,46,2023-05-14
15899,15,119,451,55,2022-02-16
15900,30,440,447,24,2022-05-09
15901,30,307,371,49,2025-11-03
15902,24,203,357,21,2024-09-07
15903,17,205,334,35,2025-01-05
15904,20,441,68,44,2025-09-20
15905,24,431,125,43,2023-02-28
15906,5,275,445,29,2024-10-13
15907,2,250,87,36,2024-05-08
15908,29,103,178,47,2023-10-07
15909,5,96,135,17,2023-06-25
15910,20,409,412,32,2022-04-27
15911,29,144,234,33,2023-01-19
15912,24,420,412,54,2025-10-25
15913,22,416,283,38,2024-11-27
15914,4,315,173,32,2025-05-15
15915,4,257,198,26,2025-03-30
15916,21,26,473,46,2024-10-28
15917,13,71,129,49,2022-07-19
15918,22,311,6,13,2025-01-17
15919,10,112,440,27,2024-01-27
15920,28,23,340,59,2025-12-25
15921,1,150,349,18,2024-06-29
15922,17,312,381,40,2022-07-22
15923,5,243,397,34,2022-03-02
15924,21,139,263,38,2022-01-02
15925,26,205,101,53,2023-07-01
15926,17,121,406,37,2022-02-21
15927,4,201,439,41,2024-10-15
15928,22,335,307,51,2022-06-18
15929,8,176,189,39,2024-03-21
15930,25,369,250,11,2025-07-27
15931,16,88,48,55,2024-01-22
15932,16,312,206,37,2025-05-01
15933,10,359,227,53,2022-08-14
15934,8,379,146,32,2022-06-13
15935,15,359,68,14,2024-12-20
15936,3,188,283,35,2024-09-16
15937,6,213,143,12,2022-01-08
15938,7,358,105,22,2023-03-16
15939,5,272,145,36,2025-02-24
15940,1,360,424,55,2022-06-28
15941,7,104,453,10,2025-12-07
15942,24,180,333,46,2022-06-25
15943,22,320,375,36,2022-05-20
15944,29,321,431,45,2022-08-10
15945,8,59,458,29,2023-04-04
15946,9,7,491,16,2023-09-16
15947,23,386,76,10,2025-06-21
15948,19,433,317,12,2023-03-02
15949,13,346,283,22,2022-11-10
15950,15,356,148,22,2022-12-16
15951,26,169,168,58,2022-03-27
15952,29,49,227,29,2022-12-24
15953,4,38,403,41,2022-05-10
15954,16,174,56,60,2024-01-07
15955,15,246,45,11,2024-10-12
15956,17,392,4,11,2024-02-16
15957,8,239,338,12,2023-07-04
15958,13,178,51,60,2022-04-26
15959,20,297,159,56,2023-09-29
15960,29,82,64,30,2025-01-24
15961,11,299,349,13,2023-01-04
15962,30,231,281,60,2022-07-03
15963,27,406,329,38,2023-03-26
15964,14,189,-89,33,2022-12-22
15965,14,190,119,42,2024-05-23
15966,19,158,28,42,2024-08-21
15967,16,366,183,33,2023-10-12
15968,21,174,222,20,2022-09-17
15969,5,30,104,14,2025-11-24
15970,30,417,70,16,2022-03-12
15971,15,315,138,56,2023-02-03
15972,26,152,207,60,2024-10-28
15973,17,317,334,59,2025-02-24
15974,13,115,257,40,2024-11-06
15975,4,251,297,18,2025-01-16
15976,12,81,431,55,2024-12-06
15977,4,277,265,13,2022-05-16
15978,6,53,394,39,2023-08-23
15979,10,314,434,39,2023-01-01
15980,9,385,333,27,2024-11-08
15981,18,269,168,51,2024-01-09
15982,17,66666,171,43,2022-07-09
15983,3,405,491,10,2024-11-07
15984,12,285,-212,13,2022-05-05
15985,14,281,228,51,2024-10-03
15986,16,265,267,31,2023-12-08
15987,18,228,406,30,2022-08-06
15988,17,337,296,22,2024-01-01
15989,9,439,137,46,2025-08-08
15990,26,405,388,26,2023-07-01
15991,14,109,58,12,2023-05-18
15992,7,399,218,54,2024-10-17
15993,4,172,1,10,2023-08-10
15994,24,109,449,48,2024-04-08
15995,16,214,184,18,2023-10-18
15996,29,58,33,60,2022-09-10
15997,18,270,420,28,2025-02-11
15998,25,36,319,54,2022-10-11
15999,4,30,81,22,2025-07-19
16000,26,325,382,33,2023-05-21
16001,30,193,50,13,2024-04-03
16002,25,379,181,16,2025-03-06
16003,11,288,52,14,2025-05-21
16004,7,181,304,48,2024-01-19
16005,26,66666,498,42,2023-02-15
16006,7,439,276,28,2022-10-24
16007,16,30,116,11,2023-02-02
16008,19,342,293,47,2023-07-05
16009,7,264,276,19,2024-03-25
16010,27,432,217,29,2023-05-03
16011,21,329,2,55,2022-02-09
16012,27,421,200,21,2025-03-20
16013,13,446,363,55,2024-04-07
16014,17,81,435,49,2022-02-05
16015,26,402,77,13,2022-06-17
16016,26,146,60,21,2022-03-29
16017,12,149,16,11,2023-06-27
16018,5,38,110,55,2023-02-15
16019,20,337,225,24,2024-09-10
16020,17,307,155,18,2024-12-07
16021,10,47,460,31,2023-10-19
16022,5,5,474,34,2023-01-25
16023,4,321,336,30,2023-09-07
16024,13,226,50,51,2025-04-03
16025,28,222,256,51,2023-11-08
16026,27,255,378,22,2022-05-24
16027,18,90,268,13,2025-09-14
16028,3,21,71,37,2023-10-11
16029,21,148,250,59,2023-11-20
16030,15,14,-302,39,2025-03-25
16031,25,235,404,39,2023-03-30
16032,5,21,485,11,2023-02-08
16033,4,368,323,17,2023-02-23
16034,23,124,111,45,2022-07-22
16035,22,208,53,23,2025-04-28
16036,6,224,299,45,2024-07-23
16037,8,364,19,19,2025-07-11
16038,3,338,48,26,2022-11-10
16039,5,170,402,60,2022-06-21
16040,9,52,-474,48,2022-01-25
16041,8,283,195,44,2022-11-25
16042,12,3,360,53,2023-01-13
16043,28,317,349,45,2022-11-23
16044,15,218,167,46,2025-10-11
16045,29,257,356,10,2022-06-26
16046,2,337,191,59,2022-04-13
16047,9,266,42,14,2025-07-25
16048,5,409,58,26,2022-10-02
16049,20,283,382,52,2024-05-02
16050,6,425,302,46,2023-11-22
16051,19,16,282,27,2024-01-18
16052,3,61,343,22,2023-12-03
16053,9,167,126,24,2022-12-10
16054,20,355,474,60,2022-09-27
16055,19,235,371,37,2024-05-01
16056,18,148,8,28,2022-04-11
16057,29,241,140,22,2024-11-15
16058,22,148,356,33,2024-11-07
16059,9,103,94,49,2025-11-10
16060,29,366,131,35,2025-07-14
16061,14,221,462,48,2025-10-09
16062,9,436,258,57,2025-11-17
16063,29,182,252,53,2025-04-05
16064,10,187,219,22,2022-11-20
16065,11,154,43,57,2022-12-10
16066,20,402,360,59,2024-12-12
16067,11,329,66,53,2024-10-15
16068,22,116,282,44,2022-02-03
16069,15,354,61,32,2022-08-15
16070,24,275,274,36,2024-11-12
16071,28,435,218,10,2022-03-18
16072,6,311,134,50,2022-08-22
16073,11,245,482,60,2023-01-19
16074,10,47,188,34,2025-09-20
16075,18,273,57,25,2022-06-24
16076,20,163,32,52,2022-08-05
16077,7,54,96,11,2022-06-24
16078,10,122,164,39,2023-08-24
16079,8,24,490,58,2022-07-10
16080,13,398,322,46,2025-09-16
16081,27,225,259,41,2025-10-22
16082,13,338,306,39,2022-12-03
16083,6,16,51,30,2023-07-02
16084,8,264,140,18,2025-03-28
16085,2,100,296,40,2022-03-30
16086,15,29,215,21,2023-06-18
16087,1,55,4,27,2025-11-15
16088,22,91,446,16,2022-02-24
16089,10,94,374,22,2022-05-28
16090,23,316,315,57,2023-07-19
16091,5,45,338,47,2023-04-02
16092,18,161,313,20,2024-05-13
16093,5,13,263,35,2022-08-03
16094,18,354,370,45,2023-11-18
16095,24,130,463,54,2022-12-23
16096,1,12,200,24,2025-05-03
16097,14,341,38,42,2023-07-21
16098,8,11,111,40,2025-07-22
16099,25,194,115,15,2022-02-27
16100,12,236,235,24,2023-07-21
16101,15,66666,173,20,2025-02-23
16102,8,303,435,20,2023-04-18
16103,3,103,247,44,2023-05-29
16104,7,126,299,59,2024-02-16
16105,18,235,-307,44,2025-10-30
16106,15,61,498,13,2023-07-29
16107,6,347,184,12,2024-03-08
16108,14,164,397,52,2025-04-05
16109,30,281,374,43,2022-02-22
16110,27,204,56,10,2022-08-28
16111,14,361,38,23,2024-10-02
16112,27,128,425,16,2024-12-18
16113,10,239,9,58,2024-09-17
16114,15,178,228,29,2025-05-10
16115,30,5,57,46,2025-03-12
16116,26,341,21,28,2022-12-04
16117,1,300,485,56,2025-01-12
16118,13,264,298,30,2024-08-16
16119,11,111,182,43,2023-08-25
16120,21,18,229,33,2022-02-18
16121,28,286,48,15,2024-12-24
16122,9,410,428,32,2022-11-23
16123,29,268,431,28,2023-02-18
16124,30,306,294,16,2023-05-18
16125,16,207,353,44,2024-04-18
16126,5,232,101,47,2025-08-25
16127,1,60,402,11,2024-08-10
16128,6,150,47,47,2024-11-23
16129,23,192,134,25,2023-12-10
16130,20,278,349,32,2022-05-15
16131,5,149,26,53,2023-05-11
16132,25,283,473,60,2024-04-28
16133,14,145,173,53,2023-05-02
16134,14,156,474,48,2022-09-26
16135,8,30,107,58,2022-04-03
16136,27,359,458,51,2023-10-08
16137,5,191,46,46,2025-02-20
16138,26,122,301,15,2025-08-25
16139,27,241,56,27,2024-11-22
16140,27,427,371,14,2025-09-30
16141,2,227,466,27,2024-01-21
16142,19,371,139,43,2022-07-03
16143,20,251,353,14,2025-09-04
16144,9,89,84,54,2023-04-17
16145,28,372,410,10,2024-05-20
16146,13,450,240,52,2025-05-22
16147,2,124,81,30,2022-01-22
16148,15,210,389,13,2023-06-20
16149,29,387,448,15,2023-06-19
16150,17,5,48,26,2025-11-10
16151,10,297,250,40,2024-07-30
16152,7,291,219,19,2024-01-31
16153,8,2,288,49,2025-06-21
16154,14,15,37,15,2025-10-31
16155,30,206,133,33,2024-03-18
16156,8,41,91,54,2022-06-08
16157,11,270,234,45,2022-02-24
16158,4,47,427,17,2022-09-21
16159,21,282,471,36,2025-05-26
16160,2,270,437,46,2022-05-12
16161,4,133,451,12,2025-04-11
16162,25,414,183,31,2025-01-19
16163,15,40,380,14,2022-11-04
16164,24,319,61,45,2024-06-01
16165,14,240,194,32,2025-01-05
16166,30,233,236,59,2024-09-09
16167,4,59,373,10,2022-06-18
16168,8,443,183,15,2025-03-09
16169,17,429,466,18,2024-02-07
16170,19,205,466,13,2024-02-24
16171,20,229,229,43,2022-10-26
16172,5,120,331,56,2023-08-30
16173,17,446,208,31,2025-10-07
16174,14,418,382,24,2024-10-19
16175,17,75,205,33,2025-10-13
16176,18,321,138,44,2023-03-02
16177,21,411,169,28,2022-02-05
16178,15,94,299,53,2022-02-15
16179,18,74,425,42,2022-08-24
16180,12,363,101,20,2025-11-20
16181,30,253,410,11,2025-08-17
16182,30,298,215,26,2022-07-09
16183,4,61,278,37,2022-03-13
16184,28,203,299,42,2025-04-04
16185,11,218,176,48,2024-01-25
16186,17,96,13,54,2025-11-26
16187,30,391,199,47,2024-03-09
16188,7,381,484,34,2025-02-05
16189,17,184,266,35,2025-10-12
16190,6,44,325,26,2023-05-14
16191,4,125,165,36,2023-08-13
16192,27,172,463,39,2024-01-12
16193,23,249,407,24,2025-01-28
16194,30,76,73,52,2022-11-18
16195,29,254,347,37,2024-08-12
16196,24,17,353,60,2024-04-12
16197,12,390,98,60,2025-03-10
16198,12,282,26,42,2024-12-15
16199,28,297,454,54,2025-09-02
16200,18,288,296,17,2025-12-16
16201,21,299,30,12,2024-07-17
16202,7,181,99,58,2023-06-03
16203,8,44,16,47,2022-10-26
16204,27,38,222,11,2025-12-25
16205,12,117,68,28,2023-01-03
16206,27,341,152,59,2024-02-08
16207,15,226,298,23,2024-05-17
16208,28,75,237,51,2024-03-22
16209,15,83,257,52,2024-03-19
16210,11,228,329,46,2024-07-05
16211,4,429,340,20,2022-01-31
16212,30,356,233,14,2025-02-01
16213,11,363,309,37,2025-09-29
16214,1,43,443,23,2024-08-01
16215,22,193,460,59,2023-10-22
16216,25,146,23,16,2022-10-17
16217,8,318,120,44,2024-10-03
16218,2,413,313,10,2025-03-08
16219,24,40,410,49,2023-12-30
16220,28,359,157,20,2025-08-23
16221,22,197,179,49,2025-11-17
16222,28,350,233,35,2024-06-01
16223,18,334,459,27,2022-06-04
16224,26,378,-168,21,2023-08-05
16225,18,293,438,20,2024-12-30
16226,26,68,307,34,2024-11-22
16227,15,223,169,44,2025-09-15
16228,4,417,54,52,2022-07-09
16229,13,66666,96,27,2024-01-03
16230,16,150,115,40,2025-08-13
16231,23,257,152,50,2023-11-25
16232,23,154,58,19,2024-04-21
16233,22,262,29,11,2022-07-03
16234,9,94,123,26,2024-06-23
16235,19,179,124,39,2024-02-03
16236,11,41,106,45,2023-04-27
16237,12,286,443,26,2022-12-12
16238,9,166,387,37,2023-12-07
16239,16,352,207,54,2024-09-20
16240,9,21,472,11,2024-09-04
16241,11,158,131,32,2023-09-16
16242,22,203,195,45,2024-04-01
16243,3,351,96,46,2025-08-07
16244,6,414,350,23,2024-11-07
16245,14,361,317,13,2023-06-13
16246,17,77,292,54,2023-04-14
16247,4,95,253,37,2025-10-20
16248,15,263,194,26,2025-12-20
16249,6,307,58,21,2022-03-09
16250,4,370,151,43,2023-06-25
16251,10,220,209,31,2023-01-28
16252,30,124,188,39,2025-05-29
16253,8,94,492,25,2024-05-08
16254,26,295,93,32,2024-10-22
16255,5,198,141,27,2024-09-27
16256,8,103,195,50,2022-01-04
16257,17,31,347,24,2023-10-06
16258,13,314,52,12,2022-09-23
16259,8,335,457,14,2025-09-19
16260,18,346,93,39,2025-09-03
16261,7,76,16,30,2022-01-24
16262,19,112,148,17,2022-03-05
16263,29,144,152,12,2025-08-25
16264,20,267,459,13,2025-08-18
16265,17,48,499,49,2024-12-05
16266,10,412,59,46,2024-07-11
16267,4,3,84,16,2022-11-19
16268,6,400,164,36,2025-04-23
16269,29,334,112,17,2024-07-27
16270,23,413,298,20,2025-07-26
16271,29,357,84,16,2023-08-19
16272,27,431,155,56,2023-01-29
16273,7,394,213,49,2023-12-03
16274,5,289,415,33,2025-11-02
16275,15,131,8,14,2022-01-08
16276,19,258,181,22,2024-06-15
16277,17,315,408,35,2025-10-17
16278,24,442,283,35,2023-10-21
16279,5,118,224,57,2025-09-09
16280,21,31,123,55,2022-03-14
16281,8,216,20,37,2022-06-29
16282,15,432,314,48,2025-02-03
16283,9,58,404,17,2022-06-06
16284,26,216,80,38,2023-05-04
16285,28,57,494,21,2025-01-05
16286,28,140,310,55,2022-05-08
16287,5,290,213,60,2023-05-03
16288,14,291,210,56,2024-02-29
16289,4,33,150,10,2022-08-06
16290,29,413,380,31,2025-09-09
16291,15,318,339,37,2023-09-06
16292,7,134,320,17,2023-05-17
16293,1,393,126,34,2022-06-10
16294,19,347,50,39,2022-08-01
16295,7,253,381,40,2024-04-24
16296,30,231,257,42,2024-12-23
16297,26,129,473,33,2022-09-18
16298,17,48,455,10,2022-08-17
16299,8,410,209,49,2023-07-21
16300,24,154,64,60,2023-01-28
16301,27,304,5,39,2022-12-07
16302,2,271,397,23,2023-10-19
16303,14,446,70,48,2025-09-23
16304,13,205,296,10,2022-11-29
16305,15,323,121,56,2024-03-10
16306,12,196,455,34,2025-06-03
16307,10,122,237,48,2023-01-25
16308,1,23,453,12,2023-10-01
16309,18,319,-126,48,2023-04-25
16310,20,430,91,18,2022-07-31
16311,30,308,333,45,2023-05-14
16312,4,306,286,27,2022-06-08
16313,5,67,99,19,2024-10-12
16314,3,6,222,20,2024-05-11
16315,20,393,371,59,2025-10-01
16316,6,251,26,15,2022-01-12
16317,22,417,108,36,2024-05-31
16318,12,416,199,46,2023-03-28
16319,19,97,390,55,2023-10-27
16320,27,396,334,22,2024-04-29
16321,1,3,175,14,2025-11-13
16322,5,89,82,52,2025-07-26
16323,26,184,181,24,2025-10-19
16324,15,287,118,49,2024-02-12
16325,19,192,255,30,2024-07-27
16326,2,398,481,47,2024-12-19
16327,28,105,241,51,2025-11-21
16328,15,54,460,15,2024-02-08
16329,25,36,252,30,2022-06-09
16330,6,113,305,48,2024-02-10
16331,26,124,319,50,2022-03-17
16332,4,270,23,20,2023-04-26
16333,14,66666,253,26,2022-07-18
16334,19,167,358,58,2022-07-06
16335,3,429,69,56,2025-12-14
16336,5,64,14,57,2023-11-14
16337,4,222,261,39,2025-02-20
16338,19,15,90,41,2024-10-11
16339,4,360,148,54,2022-05-01
16340,11,378,3,32,2024-06-01
16341,11,327,-363,49,2025-09-06
16342,10,191,65,33,2025-04-04
16343,28,182,47,36,2022-12-31
16344,16,113,405,52,2025-10-14
16345,7,66666,10,11,2023-12-26
16346,13,242,15,36,2024-03-26
16347,5,125,106,17,2023-04-14
16348,9,440,467,51,2024-04-29
16349,13,231,212,39,2023-09-13
16350,17,99,104,21,2022-02-11
16351,26,306,82,29,2024-01-08
16352,29,67,432,35,2022-11-30
16353,15,209,0,19,2022-11-22
16354,23,268,403,35,2022-05-18
16355,30,161,7,49,2022-01-15
16356,24,349,364,34,2022-02-03
16357,25,236,97,58,2024-12-07
16358,24,430,114,56,2024-08-10
16359,24,100,95,44,2022-03-06
16360,4,57,66,18,2024-11-21
16361,25,396,436,50,2022-11-07
16362,25,260,328,42,2024-12-13
16363,6,61,122,59,2025-09-20
16364,5,181,395,24,2023-12-22
16365,15,254,149,35,2025-03-05
16366,20,29,242,52,2023-10-10
16367,11,118,460,38,2024-09-27
16368,22,185,448,33,2023-11-15
16369,7,178,289,59,2023-01-24
16370,1,349,205,44,2023-05-12
16371,25,102,86,16,2024-04-25
16372,20,23,324,40,2025-11-15
16373,23,162,133,37,2023-02-25
16374,8,18,104,51,2022-05-09
16375,20,349,262,28,2024-11-23
16376,28,147,372,42,2024-09-16
16377,4,251,343,47,2023-09-02
16378,2,169,134,26,2023-10-23
16379,11,348,21,39,2025-08-06
16380,14,251,306,43,2023-05-04
16381,1,289,352,60,2023-07-12
16382,17,393,66,37,2023-07-17
16383,14,292,180,39,2024-07-25
16384,28,125,156,13,2022-05-23
16385,8,157,406,27,2022-03-04
16386,15,401,429,24,2023-07-21
16387,3,368,340,60,2025-11-14
16388,9,218,313,60,2023-05-03
16389,23,188,447,32,2022-05-12
16390,30,212,342,55,2025-06-23
16391,21,64,488,31,2022-12-03
16392,25,166,448,41,2024-08-25
16393,22,374,13,17,2023-02-22
16394,29,294,452,42,2024-08-15
16395,21,169,-208,56,2024-11-23
16396,13,150,386,12,2025-01-16
16397,13,207,307,54,2025-07-21
16398,14,324,300,44,2024-12-06
16399,10,154,460,16,2025-03-30
16400,30,207,56,16,2025-05-21
16401,8,106,303,17,2024-02-22
16402,6,380,352,48,2024-09-20
16403,5,1,64,21,2023-06-21
16404,29,221,396,55,2022-12-21
16405,8,266,190,45,2024-08-14
16406,29,440,53,30,2023-06-26
16407,21,230,316,39,2024-01-27
16408,6,181,284,45,2023-10-21
16409,7,270,461,37,2025-08-07
16410,29,7,425,57,2025-09-01
16411,17,214,90,16,2022-03-08
16412,2,288,237,16,2022-12-29
16413,28,184,74,36,2024-02-12
16414,20,413,30,39,2022-10-18
16415,10,23,244,45,2025-11-11
16416,13,35,125,43,2022-05-25
16417,28,65,457,44,2024-06-04
16418,9,133,131,22,2023-11-13
16419,22,302,159,31,2022-12-13
16420,23,449,101,27,2022-08-20
16421,21,168,89,34,2023-07-15
16422,28,162,82,41,2024-11-06
16423,1,210,131,21,2022-09-06
16424,28,127,323,41,2022-08-19
16425,18,266,256,12,2025-12-21
16426,27,149,377,22,2022-12-26
16427,26,69,141,22,2024-12-10
16428,13,109,396,40,2025-06-02
16429,23,403,465,20,2022-05-11
16430,29,188,1,20,2022-01-02
16431,7,427,110,11,2024-05-20
16432,13,375,77,17,2025-05-26
16433,13,228,24,28,2023-06-16
16434,26,66666,196,25,2023-06-21
16435,9,157,157,57,2024-08-27
16436,5,375,219,31,2022-03-17
16437,14,323,195,20,2023-04-11
16438,18,438,432,51,2024-08-12
16439,7,307,414,54,2025-03-04
16440,21,4,56,52,2024-12-17
16441,25,95,244,18,2022-12-08
16442,9,180,149,18,2023-06-04
16443,11,237,331,15,2024-02-16
16444,17,449,303,46,2023-08-19
16445,1,20,45,13,2023-03-05
16446,13,413,301,23,2023-01-02
16447,4,322,446,16,2024-12-31
16448,5,213,204,34,2022-03-28
16449,25,154,439,47,2025-07-16
16450,4,333,362,15,2023-08-10
16451,27,283,447,36,2024-04-03
16452,16,66666,88,37,2024-06-06
16453,16,244,265,26,2025-08-18
16454,30,10,345,11,2025-11-02
16455,5,44,48,29,2023-08-16
16456,25,89,267,47,2023-07-12
16457,1,382,495,45,2023-04-20
16458,5,431,438,39,2025-06-04
16459,18,374,380,49,2025-08-23
16460,18,235,209,45,2022-02-21
16461,22,46,30,52,2025-07-03
16462,4,311,490,47,2022-01-12
16463,6,401,17,17,2025-01-19
16464,5,437,376,43,2023-04-02
16465,4,173,490,19,2023-10-19
16466,2,30,310,48,2024-12-26
16467,30,302,179,14,2025-09-11
16468,21,180,112,28,2025-05-19
16469,24,77,50,52,2022-11-02
16470,21,212,326,50,2024-08-18
16471,16,167,66,27,2025-06-24
16472,26,167,182,34,2024-02-15
16473,19,69,278,24,2025-02-22
16474,30,43,407,48,2022-10-23
16475,14,184,56,31,2025-06-11
16476,1,218,181,19,2024-11-19
16477,30,177,441,49,2024-08-11
16478,11,432,386,28,2023-02-25
16479,13,71,204,51,2024-01-26
16480,23,301,44,31,2023-01-07
16481,30,280,127,55,2022-11-15
16482,20,196,442,52,2025-05-06
16483,7,40,496,26,2024-09-24
16484,26,102,392,13,2024-06-10
16485,7,52,1,49,2025-11-06
16486,4,27,238,23,2023-08-24
16487,11,199,206,28,2025-05-10
16488,4,283,265,20,2025-04-09
16489,11,386,353,39,2024-07-08
16490,7,105,85,11,2025-10-21
16491,8,435,249,21,2023-05-02
16492,21,151,454,42,2024-02-13
16493,1,76,314,49,2025-01-13
16494,2,420,62,37,2023-11-21
16495,19,429,355,16,2022-01-10
16496,18,192,344,60,2022-06-27
16497,13,179,406,43,2023-04-26
16498,13,16,480,18,2023-09-21
16499,7,16,453,31,2022-09-15
16500,29,203,89,38,2024-07-02
16501,23,369,186,31,2023-12-24
16502,17,361,183,39,2024-10-23
16503,4,210,284,10,2022-07-29
16504,1,218,387,33,2025-03-05
16505,15,256,407,53,2025-10-25
16506,30,9,74,12,2022-04-05
16507,27,378,85,51,2025-04-30
16508,10,296,74,45,2025-04-06
16509,2,130,293,51,2023-11-24
16510,14,180,46,57,2022-08-22
16511,30,23,357,23,2025-09-14
16512,14,433,174,16,2023-06-27
16513,3,273,191,46,2023-10-03
16514,4,9,104,10,2025-01-06
16515,7,447,2,54,2024-04-07
16516,20,58,115,35,2024-06-27
16517,29,229,186,16,2022-11-05
16518,27,366,461,29,2022-11-02
16519,7,197,277,43,2022-02-22
16520,19,29,338,31,2023-02-20
16521,5,118,328,57,2024-03-13
16522,8,332,448,31,2024-10-23
16523,12,385,425,41,2022-06-12
16524,30,66666,25,60,2023-12-06
16525,8,437,233,23,2025-06-14
16526,8,420,258,57,2023-08-17
16527,11,227,262,58,2024-07-07
16528,8,222,32,24,2025-02-17
16529,30,32,263,57,2025-10-08
16530,3,393,361,54,2023-07-25
16531,23,227,9,44,2024-04-28
16532,26,221,473,33,2022-07-31
16533,25,189,188,18,2025-11-26
16534,3,176,125,39,2023-02-24
16535,2,231,417,28,2025-01-15
16536,26,135,119,49,2025-09-05
16537,27,68,135,41,2023-04-06
16538,2,79,86,23,2024-01-04
16539,16,73,335,27,2023-12-25
16540,12,442,297,29,2023-03-26
16541,26,278,416,55,2022-12-16
16542,14,404,223,39,2023-06-02
16543,26,278,444,52,2025-10-17
16544,2,411,116,50,2024-05-30
16545,20,77,34,27,2024-07-12
16546,8,273,206,23,2022-09-14
16547,16,218,415,28,2024-12-12
16548,26,279,230,59,2025-06-13
16549,22,303,132,43,2024-02-22
16550,15,428,411,44,2025-02-17
16551,11,139,110,35,2024-07-05
16552,19,173,385,30,2023-09-09
16553,25,72,77,15,2023-05-09
16554,7,258,207,51,2023-11-15
16555,28,215,161,11,2023-03-06
16556,20,80,235,17,2024-09-04
16557,20,81,119,54,2024-12-18
16558,9,64,390,57,2025-10-16
16559,12,345,183,36,2023-02-04
16560,5,418,77,24,2022-01-26
16561,16,375,345,39,2023-08-17
16562,28,109,331,58,2024-12-24
16563,12,359,203,55,2023-11-02
16564,26,427,-53,25,2025-01-20
16565,26,220,77,41,2024-02-16
16566,1,281,278,42,2023-02-10
16567,17,281,278,58,2024-04-18
16568,11,299,303,16,2023-11-20
16569,12,6,-282,16,2023-06-22
16570,17,394,339,20,2025-05-26
16571,1,217,184,17,2022-07-07
16572,23,390,354,21,2025-03-16
16573,13,209,21,14,2025-11-10
16574,5,410,438,35,2022-11-05
16575,16,430,350,56,2024-02-28
16576,17,313,99,53,2022-06-30
16577,25,150,259,26,2024-12-10
16578,6,383,278,49,2024-10-11
16579,22,126,80,10,2025-02-20
16580,9,316,457,26,2025-02-19
16581,6,18,422,21,2022-07-25
16582,14,132,175,51,2024-04-17
16583,23,439,57,29,2024-10-28
16584,29,352,440,12,2024-08-05
16585,4,252,268,45,2022-06-02
16586,13,95,307,45,2022-06-27
16587,8,240,26,47,2023-06-26
16588,25,237,462,16,2025-07-12
16589,7,222,306,40,2022-09-05
16590,24,103,39,45,2022-03-28
16591,25,104,277,43,2025-02-26
16592,21,323,293,51,2023-01-06
16593,20,161,264,58,2024-06-27
16594,27,230,242,28,2025-06-07
16595,28,219,306,40,2023-04-22
16596,8,58,427,57,2025-10-03
16597,11,363,399,31,2024-03-11
16598,14,138,385,54,2023-10-17
16599,20,1,254,28,2022-07-25
16600,13,140,190,20,2023-02-27
16601,29,8,267,15,2024-12-05
16602,4,239,93,25,2023-08-24
16603,15,150,368,54,2022-03-28
16604,29,6,496,11,2025-08-11
16605,28,106,272,47,2024-08-08
16606,6,11,91,55,2025-05-21
16607,15,450,289,42,2023-08-31
16608,23,443,174,33,2025-12-28
16609,14,326,110,32,2023-04-20
16610,2,264,314,60,2024-09-17
16611,17,202,442,56,2025-04-13
16612,9,179,62,46,2022-07-15
16613,4,314,455,36,2023-12-16
16614,27,65,95,12,2023-11-10
16615,5,252,67,22,2024-09-24
16616,18,440,326,20,2023-05-16
16617,16,39,482,14,2023-09-08
16618,30,309,90,10,2023-06-01
16619,3,319,126,10,2024-06-22
16620,9,412,476,15,2024-08-12
16621,2,352,91,40,2023-11-04
16622,28,105,52,52,2022-06-12
16623,16,186,26,60,2023-09-04
16624,25,232,350,46,2025-01-12
16625,15,2,273,52,2025-02-11
16626,4,167,417,46,2025-03-22
16627,10,68,75,33,2023-05-26
16628,13,420,165,29,2024-12-23
16629,15,411,290,17,2023-08-25
16630,1,356,341,16,2025-02-12
16631,24,345,183,46,2025-02-26
16632,29,251,210,16,2024-05-04
16633,19,82,238,14,2022-11-17
16634,4,444,316,30,2024-09-01
16635,19,400,56,17,2024-06-16
16636,1,406,492,36,2025-05-29
16637,18,10,108,28,2023-04-30
16638,4,260,236,48,2024-09-08
16639,20,119,136,31,2025-08-05
16640,16,68,337,34,2023-05-02
16641,7,389,308,52,2022-02-10
16642,17,178,281,56,2025-05-21
16643,27,419,419,34,2024-01-15
16644,4,255,95,47,2024-02-16
16645,29,28,312,58,2024-03-24
16646,30,179,345,28,2025-10-07
16647,26,208,233,21,2025-04-26
16648,7,135,119,58,2024-02-04
16649,17,291,308,11,2022-10-31
16650,16,144,444,54,2023-11-03
16651,7,387,320,43,2024-02-08
16652,19,191,262,45,2023-06-28
16653,12,84,140,11,2024-03-28
16654,9,127,180,40,2023-07-04
16655,9,86,396,21,2023-12-14
16656,29,138,5,35,2022-12-16
16657,17,38,203,27,2022-04-01
16658,14,184,23,56,2022-10-06
16659,17,232,160,42,2022-07-20
16660,13,338,493,48,2022-04-06
16661,16,223,494,16,2024-12-27
16662,14,199,457,47,2022-03-27
16663,6,421,443,32,2022-10-04
16664,29,159,409,13,2025-09-28
16665,6,176,49,10,2024-02-28
16666,4,358,426,25,2023-05-07
16667,2,220,2,16,2024-07-31
16668,22,52,229,60,2022-02-25
16669,20,386,484,56,2025-01-14
16670,24,445,81,18,2022-05-24
16671,6,95,349,33,2024-08-06
16672,17,291,257,22,2022-10-29
16673,4,54,493,27,2023-11-30
16674,7,32,456,40,2023-03-12
16675,19,344,490,33,2025-05-04
16676,12,49,15,13,2023-07-03
16677,14,112,285,35,2024-12-06
16678,29,259,200,39,2024-11-07
16679,21,132,64,19,2022-02-28
16680,10,109,175,40,2022-05-15
16681,25,130,478,10,2023-02-10
16682,15,157,433,45,2025-12-12
16683,24,198,452,52,2024-01-22
16684,29,10,479,47,2024-10-30
16685,25,85,95,58,2023-06-12
16686,4,160,158,33,2024-04-29
16687,15,72,263,50,2022-01-14
16688,10,155,455,24,2024-08-27
16689,12,374,187,24,2023-08-12
16690,20,50,354,51,2022-12-06
16691,28,379,54,23,2025-03-27
16692,11,20,127,19,2024-11-08
16693,18,119,187,26,2025-08-03
16694,5,317,296,14,2023-10-30
16695,7,182,379,23,2022-04-08
16696,3,286,488,21,2023-08-02
16697,6,180,431,21,2025-04-16
16698,5,360,196,56,2024-12-13
16699,18,24,258,12,2024-04-14
16700,29,203,116,24,2025-03-01
16701,15,177,425,11,2023-09-08
16702,14,34,496,45,2024-01-28
16703,17,110,117,36,2025-04-01
16704,18,324,476,23,2025-12-22
16705,17,54,34,36,2022-10-08
16706,22,269,34,24,2022-07-27
16707,13,191,451,20,2024-12-19
16708,2,423,42,22,2023-04-07
16709,6,420,52,42,2022-08-22
16710,14,62,37,54,2023-10-30
16711,6,87,438,50,2024-12-30
16712,3,375,405,27,2024-10-06
16713,21,433,407,39,2024-10-31
16714,25,319,248,48,2025-08-02
16715,27,230,78,53,2023-07-08
16716,7,227,75,25,2024-01-06
16717,14,164,26,20,2023-04-04
16718,13,276,-422,46,2025-09-11
16719,30,176,-415,24,2025-07-10
16720,25,106,202,42,2025-12-15
16721,21,368,273,53,2025-06-29
16722,21,15,354,44,2023-05-17
16723,8,16,464,45,2024-11-23
16724,11,138,21,16,2022-10-21
16725,15,139,336,37,2025-06-25
16726,15,252,453,44,2022-05-25
16727,29,52,3,23,2023-03-23
16728,10,79,304,21,2023-05-28
16729,12,117,78,35,2023-10-25
16730,3,449,367,22,2023-01-05
16731,13,167,107,35,2025-09-20
16732,13,223,32,50,2022-05-02
16733,29,214,128,11,2022-04-04
16734,20,356,333,29,2022-05-08
16735,2,128,425,44,2024-07-06
16736,18,232,13,39,2022-03-04
16737,4,155,315,16,2024-07-14
16738,2,296,89,27,2022-12-11
16739,30,444,21,53,2022-05-05
16740,12,436,402,37,2025-03-06
16741,11,351,125,14,2023-03-31
16742,16,65,450,38,2023-06-19
16743,23,3,35,19,2023-09-09
16744,30,47,298,51,2023-05-15
16745,22,415,391,33,2022-02-03
16746,28,126,224,52,2023-08-14
16747,25,38,288,53,2025-07-07
16748,9,443,145,29,2022-11-26
16749,18,108,446,39,2025-11-06
16750,5,249,418,29,2023-02-07
16751,26,185,490,54,2022-08-26
16752,18,240,69,17,2023-01-27
16753,3,223,57,41,2025-10-06
16754,10,188,86,37,2023-03-14
16755,25,181,269,54,2025-04-26
16756,11,208,401,14,2022-04-29
16757,8,5,298,26,2022-08-17
16758,12,169,125,12,2024-01-06
16759,8,193,409,23,2025-03-08
16760,1,155,65,46,2023-12-30
16761,29,37,376,51,2025-11-27
16762,8,440,162,21,2023-03-24
16763,3,325,91,41,2024-06-22
16764,11,118,494,53,2022-08-21
16765,23,96,160,53,2024-07-13
16766,11,65,247,39,2025-01-15
16767,21,234,310,21,2022-11-04
16768,5,131,274,18,2022-08-29
16769,22,356,117,15,2023-10-03
16770,8,185,67,48,2023-09-01
16771,10,369,207,27,2023-05-11
16772,21,256,295,35,2023-10-31
16773,29,394,181,40,2023-04-20
16774,26,360,393,18,2023-06-15
16775,26,49,394,57,2024-05-24
16776,19,277,482,20,2025-08-05
16777,12,350,26,49,2023-05-08
16778,17,213,420,29,2024-04-03
16779,16,89,468,30,2022-02-08
16780,26,202,59,28,2022-08-02
16781,1,379,64,18,2024-01-28
16782,10,95,320,27,2024-12-30
16783,8,259,440,29,2022-02-03
16784,23,309,231,48,2022-01-19
16785,5,279,388,44,2024-07-28
16786,5,333,310,53,2023-02-26
16787,27,164,451,16,2023-12-13
16788,23,28,0,38,2025-09-16
16789,8,446,137,13,2022-09-16
16790,25,157,134,15,2024-04-20
16791,3,338,295,17,2024-09-18
16792,5,113,313,45,2024-11-23
16793,6,18,160,46,2022-10-28
16794,13,65,397,52,2024-01-16
16795,28,299,172,35,2022-08-09
16796,28,121,211,27,2024-12-15
16797,14,245,179,51,2024-02-16
16798,18,316,378,48,2022-12-04
16799,13,243,134,17,2022-10-30
16800,9,211,-308,25,2024-07-21
16801,20,36,70,14,2022-10-06
16802,17,40,293,22,2022-02-22
16803,27,344,61,20,2023-02-13
16804,11,33,1,24,2023-07-28
16805,11,43,143,41,2022-01-22
16806,19,396,75,53,2024-06-05
16807,25,258,454,49,2022-02-17
16808,2,148,70,15,2025-01-30
16809,4,420,57,19,2023-10-23
16810,20,440,245,58,2025-04-04
16811,26,69,418,29,2024-01-30
16812,27,334,109,48,2023-03-05
16813,1,66666,500,48,2022-11-15
16814,5,221,178,41,2024-09-22
16815,27,160,52,48,2023-04-15
16816,17,283,15,43,2022-08-03
16817,13,167,69,45,2024-03-22
16818,11,438,157,46,2022-07-11
16819,26,175,478,38,2025-06-22
16820,13,264,283,54,2024-11-14
16821,3,106,245,46,2022-11-30
16822,27,389,402,26,2022-03-10
16823,8,69,171,40,2024-09-01
16824,4,414,107,55,2025-10-09
16825,1,172,462,54,2023-05-31
16826,6,283,345,22,2023-02-26
16827,10,410,484,29,2024-05-20
16828,6,268,56,58,2022-10-16
16829,17,59,120,17,2025-08-27
16830,15,83,243,13,2025-03-31
16831,21,197,228,54,2025-08-28
16832,14,288,35,17,2022-05-30
16833,20,223,283,13,2022-02-10
16834,30,288,322,39,2025-07-05
16835,28,359,87,30,2022-08-29
16836,18,178,93,50,2025-12-30
16837,14,112,276,26,2024-12-30
16838,18,8,128,42,2022-01-01
16839,29,384,31,15,2023-11-17
16840,9,49,43,55,2025-03-21
16841,30,386,313,21,2025-07-09
16842,30,49,81,43,2024-04-09
16843,22,53,474,38,2024-11-10
16844,20,126,170,49,2022-12-16
16845,4,340,95,49,2025-10-27
16846,11,310,167,19,2022-02-23
16847,10,416,482,16,2023-03-27
16848,16,423,239,38,2024-07-01
16849,9,11,443,30,2023-12-20
16850,13,134,280,23,2023-02-12
16851,30,6,310,10,2022-06-03
16852,2,383,48,46,2024-10-25
16853,8,93,380,48,2023-10-27
16854,5,271,93,34,2024-03-06
16855,11,42,463,60,2024-03-01
16856,8,370,247,10,2025-04-11
16857,20,181,96,55,2023-05-31
16858,4,402,101,11,2022-06-15
16859,12,304,24,51,2023-09-02
16860,18,35,215,13,2025-11-03
16861,23,430,399,47,2022-01-02
16862,24,190,476,56,2025-01-17
16863,10,242,88,23,2022-04-23
16864,22,278,195,59,2024-02-19
16865,9,439,180,53,2023-06-03
16866,19,86,484,32,2025-01-23
16867,15,118,251,19,2025-01-01
16868,10,72,472,21,2025-10-20
16869,1,170,340,26,2022-05-04
16870,14,17,25,57,2022-06-17
16871,21,401,309,55,2023-11-25
16872,8,140,366,39,2023-04-25
16873,30,277,51,55,2024-02-09
16874,19,59,498,31,2022-02-14
16875,5,185,42,23,2025-05-29
16876,19,66666,353,41,2022-11-07
16877,18,164,293,45,2025-07-09
16878,16,399,1,57,2024-12-13
16879,6,119,424,47,2025-03-11
16880,25,420,254,57,2023-07-13
16881,24,168,103,36,2023-02-12
16882,10,206,396,26,2022-09-30
16883,13,231,59,47,2024-08-22
16884,26,240,448,30,2024-07-28
16885,6,392,1,53,2022-01-16
16886,24,146,493,52,2025-10-23
16887,25,430,354,16,2024-02-02
16888,6,313,344,33,2025-06-30
16889,5,319,404,39,2025-05-01
16890,24,169,27,42,2022-05-13
16891,8,205,157,50,2022-01-28
16892,5,279,370,52,2025-04-24
16893,15,265,390,42,2024-09-10
16894,10,135,170,39,2024-05-15
16895,22,147,280,60,2025-04-14
16896,25,15,197,37,2022-02-23
16897,15,82,20,37,2022-09-08
16898,7,395,42,24,2025-10-10
16899,13,305,72,42,2023-04-04
16900,2,8,125,40,2022-05-16
16901,27,25,260,23,2025-03-19
16902,3,308,95,35,2023-08-06
16903,25,44,328,48,2025-05-17
16904,19,367,194,34,2022-07-21
16905,28,76,273,17,2023-04-27
16906,29,66666,428,44,2024-08-23
16907,9,353,342,42,2024-09-29
16908,25,48,283,48,2022-09-28
16909,7,185,28,30,2024-07-24
16910,29,413,281,42,2022-06-07
16911,6,4,428,28,2025-02-14
16912,26,27,489,58,2024-07-09
16913,22,133,218,35,2023-12-01
16914,26,249,129,34,2024-12-03
16915,2,33,2,39,2022-08-08
16916,5,241,309,39,2024-01-20
16917,18,311,176,23,2025-08-08
16918,1,361,77,52,2024-11-05
16919,25,260,204,33,2024-11-28
16920,15,9,103,45,2022-02-04
16921,27,231,333,43,2022-04-16
16922,22,368,395,44,2025-05-09
16923,5,365,372,24,2023-11-23
16924,7,292,-17,28,2023-11-22
16925,20,332,131,58,2023-03-05
16926,17,356,302,51,2022-07-01
16927,20,169,137,11,2023-11-12
16928,1,30,410,29,2025-12-24
16929,28,32,40,26,2025-02-03
16930,5,294,260,10,2023-08-23
16931,24,261,27,60,2022-11-09
16932,14,254,410,32,2023-10-17
16933,28,46,400,29,2025-12-05
16934,29,189,207,10,2024-11-22
16935,4,359,500,17,2023-11-09
16936,11,354,49,41,2022-11-10
16937,19,287,46,27,2024-08-08
16938,25,30,237,39,2022-06-23
16939,20,57,134,15,2025-06-04
16940,7,39,180,36,2023-07-19
16941,21,252,193,38,2022-04-13
16942,22,64,59,24,2025-12-24
16943,17,181,213,49,2024-01-26
16944,15,349,148,30,2025-10-06
16945,1,98,128,23,2022-08-07
16946,16,370,53,34,2025-12-02
16947,6,161,188,11,2025-12-04
16948,1,160,389,51,2024-11-27
16949,27,293,488,54,2023-12-19
16950,19,211,10,51,2022-11-02
16951,2,428,405,20,2023-04-25
16952,17,66666,481,42,2022-03-23
16953,6,194,5,16,2025-11-16
16954,18,67,158,19,2024-06-01
16955,30,421,277,59,2024-09-25
16956,14,226,210,21,2023-03-10
16957,21,120,416,12,2025-03-07
16958,29,380,101,21,2024-08-28
16959,14,423,299,44,2023-07-14
16960,9,213,152,25,2023-08-28
16961,27,399,386,55,2022-10-02
16962,23,57,253,10,2025-11-10
16963,20,416,156,45,2023-02-05
16964,24,88,217,13,2022-01-01
16965,18,6,181,31,2023-11-07
16966,14,98,55,18,2024-06-03
16967,4,67,327,16,2022-12-24
16968,3,22,352,28,2025-10-15
16969,21,36,427,56,2024-04-20
16970,22,6,259,45,2022-05-07
16971,4,362,60,20,2023-11-22
16972,17,219,154,21,2024-05-18
16973,14,424,319,41,2023-09-03
16974,8,186,380,45,2024-07-20
16975,15,153,423,10,2025-12-29
16976,17,358,190,25,2022-01-29
16977,19,101,159,33,2025-12-17
16978,26,374,75,57,2025-02-10
16979,21,221,228,49,2025-03-12
16980,4,300,366,44,2024-07-08
16981,26,160,339,49,2025-02-22
16982,4,288,159,43,2025-10-28
16983,18,426,211,41,2023-06-10
16984,30,55,76,41,2022-03-09
16985,11,432,145,56,2025-09-12
16986,16,123,113,40,2022-01-06
16987,11,299,386,59,2022-06-03
16988,17,182,16,25,2025-06-08
16989,13,278,163,16,2025-07-04
16990,8,351,359,44,2025-07-23
16991,9,268,482,50,2025-01-11
16992,22,193,230,56,2023-03-09
16993,17,390,104,10,2024-12-12
16994,28,260,439,13,2023-12-13
16995,6,340,322,18,2022-02-15
16996,4,118,212,13,2022-07-13
16997,18,359,218,24,2025-03-20
16998,19,204,152,55,2022-05-30
16999,2,147,79,43,2023-05-15
17000,23,38,32,55,2022-04-15
17001,16,77,390,16,2023-08-11
17002,23,121,48,33,2025-01-23
17003,29,106,62,58,2025-09-27
17004,16,20,327,10,2022-01-24
17005,2,146,369,53,2023-01-16
17006,17,268,287,16,2022-11-27
17007,21,202,489,29,2023-04-05
17008,4,194,33,47,2023-01-14
17009,5,399,397,41,2023-07-05
17010,18,291,423,14,2023-05-08
17011,7,314,13,60,2023-03-31
17012,21,46,240,55,2022-02-20
17013,6,20,190,16,2024-11-21
17014,28,343,56,31,2025-12-19
17015,26,284,118,23,2024-01-11
17016,15,70,13,44,2022-07-10
17017,8,309,151,31,2023-03-09
17018,21,101,474,23,2025-01-21
17019,23,433,443,50,2025-08-24
17020,22,192,12,50,2025-04-14
17021,13,223,175,56,2022-04-12
17022,8,382,99,27,2023-05-13
17023,23,34,386,23,2022-09-10
17024,5,212,407,20,2023-03-27
17025,26,278,236,22,2024-06-25
17026,30,196,7,56,2024-05-31
17027,30,213,70,34,2024-02-17
17028,19,259,398,31,2025-01-12
17029,30,292,181,38,2022-08-11
17030,2,319,274,29,2023-01-12
17031,29,14,289,51,2022-04-12
17032,28,376,386,58,2025-09-10
17033,30,396,88,60,2023-04-25
17034,30,302,26,37,2022-04-25
17035,20,382,312,60,2025-10-29
17036,19,253,287,60,2024-07-07
17037,7,272,350,24,2025-12-01
17038,16,220,280,46,2023-10-14
17039,8,158,135,20,2022-11-19
17040,5,282,303,10,2022-03-17
17041,26,435,346,44,2024-03-22
17042,22,217,364,51,2025-02-13
17043,29,293,-482,19,2025-10-27
17044,9,347,225,10,2024-08-23
17045,19,224,331,35,2025-07-16
17046,18,79,311,41,2023-07-27
17047,4,9,423,49,2023-06-14
17048,8,425,396,36,2024-06-02
17049,28,367,57,15,2025-02-13
17050,17,244,384,30,2024-01-09
17051,30,150,200,32,2022-02-03
17052,2,359,294,58,2022-11-14
17053,21,384,26,10,2024-02-08
17054,14,55,319,10,2023-09-21
17055,20,84,347,17,2022-11-01
17056,11,23,100,56,2025-07-16
17057,27,121,361,38,2023-11-13
17058,2,302,157,34,2025-08-31
17059,8,201,377,57,2025-05-24
17060,17,66666,456,35,2024-12-01
17061,13,192,178,57,2025-01-20
17062,26,324,381,39,2024-08-21
17063,17,182,224,56,2025-08-22
17064,21,123,158,38,2022-11-26
17065,11,117,198,43,2024-04-20
17066,10,125,297,51,2022-12-14
17067,23,11,365,10,2022-11-10
17068,29,64,236,37,2022-07-12
17069,25,140,451,30,2022-01-28
17070,25,86,204,38,2022-06-07
17071,10,307,156,21,2024-05-18
17072,17,355,241,49,2024-12-10
17073,8,316,140,33,2024-09-26
17074,12,138,112,34,2023-06-26
17075,27,350,256,25,2024-05-04
17076,15,440,279,19,2022-02-15
17077,29,154,347,59,2025-01-31
17078,26,6,188,10,2024-09-20
17079,7,437,1,43,2023-01-14
17080,13,46,263,40,2023-04-15
17081,14,171,433,27,2022-10-11
17082,24,220,400,53,2024-11-09
17083,5,42,39,20,2023-04-21
17084,6,387,492,33,2024-05-12
17085,1,278,497,22,2024-09-03
17086,21,341,394,31,2022-02-21
17087,19,109,433,26,2025-01-30
17088,27,223,94,20,2023-09-24
17089,16,20,247,55,2023-08-15
17090,14,338,255,49,2023-06-11
17091,1,199,397,32,2025-01-25
17092,3,144,458,19,2022-08-25
17093,4,44,204,36,2025-02-28
17094,8,163,135,13,2024-03-19
17095,20,219,223,55,2024-07-11
17096,27,398,64,42,2024-05-13
17097,10,205,200,52,2025-03-17
17098,11,280,424,26,2023-09-01
17099,3,220,82,14,2022-03-12
17100,30,21,363,57,2025-08-18
17101,21,299,411,58,2022-04-01
17102,2,141,311,32,2024-11-04
17103,18,378,4,30,2025-09-20
17104,8,417,378,60,2025-07-07
17105,12,399,67,15,2022-11-01
17106,27,147,232,20,2022-06-22
17107,6,33,359,47,2023-10-12
17108,11,50,188,23,2024-05-07
17109,15,390,175,25,2024-01-16
17110,22,202,68,25,2022-05-26
17111,24,95,291,50,2022-09-10
17112,4,265,268,18,2025-08-10
17113,11,146,197,44,2024-10-01
17114,25,297,325,27,2024-07-04
17115,27,165,36,53,2024-04-20
17116,18,398,181,39,2025-10-04
17117,11,89,198,56,2023-11-06
17118,22,2,427,40,2022-08-03
17119,22,173,72,60,2023-05-08
17120,24,298,345,58,2022-03-14
17121,23,255,481,15,2024-07-15
17122,4,331,242,50,2024-02-16
17123,2,26,289,23,2023-11-23
17124,24,384,220,38,2023-08-01
17125,27,40,233,46,2024-06-27
17126,10,234,409,32,2022-08-01
17127,29,238,364,43,2023-08-13
17128,18,248,396,47,2023-12-13
17129,7,403,494,57,2024-10-30
17130,30,180,460,24,2024-02-04
17131,13,119,239,27,2025-07-17
17132,3,301,58,36,2025-10-30
17133,16,306,123,60,2024-03-11
17134,18,154,99,52,2022-05-22
17135,16,95,310,32,2022-09-28
17136,28,411,354,40,2022-08-27
17137,15,69,206,31,2025-10-17
17138,17,199,344,20,2024-09-17
17139,29,332,220,17,2025-06-15
17140,6,204,86,43,2022-09-30
17141,7,383,226,36,2025-07-20
17142,19,390,326,59,2022-09-29
17143,18,444,68,26,2025-09-10
17144,9,100,129,34,2024-09-19
17145,2,251,32,40,2022-09-10
17146,14,173,205,30,2022-06-21
17147,22,287,28,23,2022-10-02
17148,25,292,162,50,2024-09-28
17149,29,27,428,47,2023-12-13
17150,16,218,212,46,2022-11-28
17151,9,50,417,60,2023-05-16
17152,12,441,223,50,2023-01-04
17153,22,152,282,60,2024-03-21
17154,20,70,44,50,2025-11-10
17155,14,264,135,58,2025-12-29
17156,4,166,498,12,2025-06-21
17157,13,56,112,30,2023-02-24
17158,19,117,430,41,2023-04-02
17159,7,121,316,60,2024-12-07
17160,19,339,268,58,2023-08-03
17161,1,79,264,60,2023-09-15
17162,27,7,161,25,2023-01-31
17163,23,111,410,41,2024-02-14
17164,1,138,125,25,2025-12-09
17165,6,369,493,17,2023-02-26
17166,16,151,166,31,2025-10-31
17167,23,17,454,26,2024-03-17
17168,12,122,465,17,2023-08-19
17169,3,46,88,53,2022-12-21
17170,10,247,473,28,2025-07-10
17171,6,2,263,35,2022-08-30
17172,19,236,321,43,2022-03-05
17173,3,297,358,33,2025-05-28
17174,21,30,461,38,2022-08-06
17175,9,384,17,58,2025-11-29
17176,3,136,189,38,2022-09-10
17177,26,334,290,50,2022-03-18
17178,25,430,227,18,2024-12-06
17179,9,376,376,40,2023-01-25
17180,30,66666,195,11,2025-12-29
17181,13,94,107,19,2024-06-06
17182,18,435,248,22,2024-01-30
17183,26,176,124,12,2024-08-31
17184,24,192,476,35,2025-09-15
17185,18,302,103,50,2022-04-15
17186,8,114,292,44,2025-11-12
17187,3,270,245,15,2023-10-22
17188,2,334,367,41,2025-11-12
17189,17,65,461,54,2023-03-23
17190,25,319,405,52,2024-07-22
17191,26,411,247,49,2022-02-17
17192,29,258,129,48,2025-11-08
17193,28,118,415,48,2023-11-04
17194,5,131,356,27,2024-02-18
17195,25,391,396,18,2022-02-12
17196,26,324,247,39,2022-10-18
17197,30,39,213,33,2025-10-30
17198,27,136,127,13,2022-08-27
17199,16,195,138,36,2025-09-13
17200,30,255,257,12,2025-10-05
17201,21,198,262,54,2022-11-15
17202,3,219,148,37,2024-06-12
17203,8,20,269,11,2024-01-07
17204,18,35,340,51,2024-11-07
17205,29,290,403,18,2023-02-16
17206,4,376,295,27,2025-12-12
17207,27,278,274,55,2025-04-14
17208,14,305,457,37,2022-08-26
17209,28,93,368,19,2022-09-12
17210,26,39,473,29,2022-09-28
17211,13,287,293,16,2025-08-16
17212,14,230,239,16,2022-04-19
17213,25,362,156,60,2024-02-02
17214,10,116,227,22,2024-04-13
17215,2,202,234,42,2023-08-19
17216,7,444,146,27,2022-06-14
17217,20,107,114,59,2022-02-07
17218,21,144,207,32,2022-02-12
17219,15,400,373,52,2025-12-20
17220,22,182,265,42,2024-04-05
17221,12,346,56,57,2023-02-17
17222,22,232,235,31,2023-12-01
17223,24,28,387,37,2025-09-03
17224,12,49,47,34,2024-05-29
17225,27,42,159,36,2023-08-31
17226,28,179,-215,31,2025-10-02
17227,6,312,413,54,2023-07-31
17228,25,400,321,28,2024-11-03
17229,1,263,450,53,2023-05-13
17230,15,148,10,19,2022-06-17
17231,24,58,113,54,2024-03-16
17232,23,80,423,46,2023-07-31
17233,16,282,315,22,2022-10-16
17234,14,316,99,22,2022-09-17
17235,25,103,172,43,2022-03-24
17236,29,80,494,35,2024-05-20
17237,14,10,123,40,2022-01-13
17238,1,233,451,19,2025-11-18
17239,11,352,126,14,2022-12-15
17240,4,337,203,34,2025-06-06
17241,16,229,138,29,2024-12-15
17242,27,7,448,55,2025-02-10
17243,5,224,428,10,2024-07-30
17244,18,162,263,27,2025-02-23
17245,7,380,148,37,2024-09-21
17246,23,355,145,30,2024-01-09
17247,17,305,479,46,2025-03-01
17248,4,346,205,16,2024-11-02
17249,14,367,332,15,2025-11-21
17250,18,298,123,38,2022-05-16
17251,12,171,144,58,2025-09-25
17252,25,247,98,38,2023-09-27
17253,27,369,335,10,2024-09-20
17254,28,378,497,42,2025-06-20
17255,6,134,235,14,2022-06-18
17256,7,391,434,18,2025-05-30
17257,7,380,499,54,2022-07-01
17258,12,287,289,23,2024-10-09
17259,2,122,26,36,2023-12-26
17260,10,328,64,27,2022-08-03
17261,7,258,186,55,2022-11-08
17262,10,391,388,58,2022-06-10
17263,30,393,304,25,2022-06-16
17264,17,88,7,25,2023-10-06
17265,20,55,403,23,2024-10-12
17266,20,99,174,28,2025-06-29
17267,16,117,145,60,2024-11-04
17268,23,86,425,17,2023-12-26
17269,27,359,267,34,2024-07-01
17270,1,223,259,12,2024-05-07
17271,5,202,141,30,2024-02-02
17272,13,27,160,28,2025-04-15
17273,22,315,359,44,2022-01-02
17274,14,270,349,31,2024-07-07
17275,16,200,474,58,2022-01-29
17276,1,390,162,29,2023-11-04
17277,16,60,417,38,2023-08-11
17278,18,203,19,18,2025-08-09
17279,6,21,432,45,2022-06-22
17280,27,129,462,21,2024-10-15
17281,21,121,472,60,2024-01-23
17282,21,337,377,27,2023-04-16
17283,18,149,156,30,2024-12-24
17284,1,306,170,13,2022-02-01
17285,3,161,93,30,2023-03-19
17286,12,289,469,30,2022-03-14
17287,17,109,18,51,2023-01-29
17288,12,67,209,29,2025-03-05
17289,24,146,339,31,2023-09-09
17290,25,217,449,15,2023-11-22
17291,28,241,121,29,2022-09-30
17292,30,443,176,51,2025-01-08
17293,18,372,263,29,2025-10-04
17294,23,438,235,17,2025-02-03
17295,8,12,475,45,2025-02-13
17296,23,450,321,20,2024-10-15
17297,18,3,9,47,2022-04-15
17298,30,358,442,51,2023-04-28
17299,24,132,76,23,2024-12-26
17300,10,237,69,58,2022-12-16
17301,20,326,417,17,2024-05-02
17302,26,291,243,47,2024-09-12
17303,13,375,116,43,2024-12-06
17304,4,354,126,20,2022-03-15
17305,7,410,358,32,2022-06-15
17306,4,262,100,33,2023-03-28
17307,15,66666,478,27,2024-02-26
17308,1,224,57,45,2024-01-04
17309,21,114,325,18,2025-03-29
17310,5,181,315,38,2023-01-09
17311,20,438,326,29,2022-01-25
17312,22,153,397,50,2022-01-11
17313,13,303,447,22,2022-06-04
17314,7,233,268,23,2023-05-02
17315,9,70,381,29,2022-03-25
17316,11,337,56,50,2023-01-03
17317,27,362,269,41,2023-09-29
17318,15,405,64,58,2023-08-25
17319,9,366,125,18,2022-10-16
17320,6,122,16,60,2022-11-12
17321,21,60,44,22,2023-04-09
17322,8,377,64,56,2025-12-15
17323,5,238,214,17,2022-04-25
17324,15,66666,36,24,2023-07-08
17325,16,49,328,42,2022-10-11
17326,4,191,22,16,2025-05-16
17327,17,427,296,37,2025-11-02
17328,20,55,264,15,2023-03-20
17329,14,249,293,35,2022-06-27
17330,16,12,290,29,2022-07-26
17331,25,340,55,53,2025-09-05
17332,11,361,153,58,2024-11-15
17333,6,252,420,46,2025-02-28
17334,23,8,183,49,2022-08-25
17335,16,129,312,52,2022-08-08
17336,23,223,6,34,2024-01-29
17337,18,1,107,17,2025-09-03
17338,6,122,88,60,2025-02-01
17339,12,241,442,49,2025-02-24
17340,8,86,343,50,2025-05-21
17341,8,49,227,52,2024-09-11
17342,12,241,128,41,2025-05-26
17343,1,90,381,60,2022-12-16
17344,5,138,470,43,2024-10-05
17345,17,396,319,48,2023-09-17
17346,2,120,108,28,2025-04-10
17347,7,44,485,34,2022-10-04
17348,13,111,113,32,2025-09-11
17349,23,284,233,28,2024-10-24
17350,27,7,381,39,2024-05-11
17351,26,150,245,17,2025-04-28
17352,20,203,364,24,2024-01-12
17353,18,258,164,48,2022-09-20
17354,2,277,302,19,2024-07-11
17355,13,438,408,55,2022-11-08
17356,19,149,7,27,2023-05-25
17357,4,165,223,46,2024-12-30
17358,12,86,261,36,2022-02-04
17359,22,369,333,45,2023-10-24
17360,21,337,329,27,2022-10-29
17361,28,174,497,46,2023-12-14
17362,22,416,140,13,2024-11-25
17363,6,3,175,16,2024-02-24
17364,7,315,98,25,2025-05-04
17365,24,391,429,38,2023-09-10
17366,7,221,418,10,2022-10-07
17367,7,43,48,55,2025-02-22
17368,17,235,272,36,2022-05-31
17369,27,209,311,21,2023-10-26
17370,4,65,259,57,2022-07-10
17371,12,402,454,47,2025-08-22
17372,3,208,182,16,2024-07-11
17373,21,120,315,53,2025-04-03
17374,14,284,217,33,2025-06-08
17375,20,141,500,51,2024-05-07
17376,4,190,491,13,2024-03-18
17377,5,410,442,22,2025-04-12
17378,25,372,181,53,2022-02-03
17379,11,15,141,23,2024-01-26
17380,5,74,120,38,2022-12-20
17381,26,216,110,13,2022-11-11
17382,2,144,472,21,2022-06-09
17383,18,285,399,25,2024-01-05
17384,4,312,476,41,2024-06-30
17385,13,323,26,16,2025-05-30
17386,30,141,377,56,2025-06-26
17387,17,40,76,38,2023-11-09
17388,28,158,28,55,2023-10-21
17389,20,73,76,60,2023-02-11
17390,28,150,195,58,2025-10-04
17391,7,12,312,18,2022-07-21
17392,18,15,43,14,2022-10-10
17393,5,269,16,40,2023-09-20
17394,24,257,406,32,2025-05-03
17395,30,144,343,40,2022-07-16
17396,18,51,351,16,2022-11-23
17397,14,44,367,30,2025-02-17
17398,3,430,229,16,2024-05-12
17399,8,292,59,32,2024-05-15
17400,26,23,228,21,2023-11-22
17401,29,86,324,11,2024-06-30
17402,17,216,279,53,2025-12-22
17403,16,6,293,28,2025-07-16
17404,10,67,310,59,2023-03-31
17405,8,355,475,47,2023-11-15
17406,8,160,67,11,2022-09-12
17407,17,162,181,16,2022-06-23
17408,26,34,85,50,2025-04-12
17409,22,325,371,13,2023-05-13
17410,2,50,249,35,2022-05-17
17411,9,149,245,45,2025-11-07
17412,18,168,214,15,2024-03-23
17413,8,252,101,36,2024-08-19
17414,28,399,493,18,2023-06-10
17415,12,231,380,26,2024-02-08
17416,10,160,157,24,2024-12-22
17417,5,56,192,52,2023-08-21
17418,3,364,30,28,2022-04-01
17419,6,250,303,16,2023-01-06
17420,29,400,314,54,2024-03-10
17421,6,222,435,47,2024-05-30
17422,13,219,385,50,2022-02-27
17423,29,403,440,10,2024-05-06
17424,16,2,376,35,2022-12-14
17425,21,306,220,48,2023-03-08
17426,9,94,424,48,2022-04-06
17427,12,344,81,59,2024-10-09
17428,6,223,93,59,2024-11-08
17429,5,288,433,57,2024-11-14
17430,12,402,313,41,2024-03-06
17431,23,123,335,32,2024-02-08
17432,4,46,256,13,2022-09-16
17433,12,100,363,14,2022-12-09
17434,14,387,364,57,2025-06-14
17435,6,375,411,42,2022-05-06
17436,3,250,87,15,2023-03-21
17437,30,396,400,49,2025-05-05
17438,5,259,273,11,2025-12-09
17439,24,428,425,27,2024-01-07
17440,28,338,88,59,2022-05-27
17441,23,123,290,12,2022-06-05
17442,30,213,11,18,2023-12-11
17443,19,100,177,43,2023-04-19
17444,19,230,388,27,2024-01-06
17445,23,236,79,17,2023-01-03
17446,1,427,412,11,2024-11-28
17447,30,296,438,56,2022-05-09
17448,9,46,193,50,2022-08-29
17449,15,431,137,24,2022-05-07
17450,3,117,242,30,2025-10-12
17451,4,358,9,46,2024-12-01
17452,13,196,348,31,2022-05-28
17453,26,134,451,40,2023-07-11
17454,13,422,42,11,2023-09-30
17455,11,28,11,18,2023-03-30
17456,12,344,313,35,2023-09-10
17457,11,86,500,33,2022-01-17
17458,11,37,217,22,2023-06-21
17459,19,140,193,17,2022-07-31
17460,15,39,436,30,2023-05-24
17461,18,386,434,47,2024-08-14
17462,2,369,466,21,2024-04-20
17463,2,116,314,42,2025-09-01
17464,8,9,-472,35,2025-12-11
17465,25,245,312,24,2025-11-22
17466,6,94,254,57,2025-11-27
17467,13,76,414,11,2025-03-16
17468,7,428,431,50,2023-06-18
17469,15,178,470,50,2024-02-22
17470,20,401,170,24,2024-09-29
17471,15,406,246,25,2022-03-04
17472,14,277,486,44,2023-12-12
17473,28,250,202,17,2024-03-13
17474,5,34,251,39,2022-08-24
17475,3,98,122,19,2025-08-18
17476,11,24,351,10,2023-01-19
17477,25,84,406,19,2024-12-10
17478,4,17,360,59,2025-08-09
17479,15,322,293,54,2023-06-03
17480,13,219,481,12,2024-08-16
17481,15,200,369,57,2025-05-21
17482,10,168,304,18,2023-10-04
17483,10,147,449,40,2024-06-21
17484,19,128,131,33,2022-01-17
17485,28,146,117,29,2024-11-22
17486,10,185,493,50,2024-06-27
17487,22,39,105,36,2025-05-31
17488,17,110,63,23,2025-03-25
17489,16,401,455,25,2024-11-08
17490,3,25,18,35,2025-02-27
17491,24,125,19,33,2023-02-11
17492,1,240,344,15,2025-07-24
17493,17,306,382,27,2025-04-26
17494,16,56,108,37,2025-10-15
17495,21,197,427,26,2023-11-02
17496,18,177,35,24,2023-01-18
17497,9,273,465,19,2024-08-26
17498,29,284,207,53,2023-06-23
17499,15,266,362,58,2022-06-10
17500,29,297,362,21,2022-10-26
17501,19,339,92,57,2025-12-02
17502,28,303,35,57,2023-03-23
17503,26,348,497,17,2024-02-17
17504,3,161,267,29,2023-04-26
17505,6,236,120,17,2022-04-03
17506,8,66666,192,47,2022-01-21
17507,27,384,2,40,2022-12-02
17508,20,216,8,60,2023-01-09
17509,26,130,248,37,2024-09-09
17510,3,50,290,27,2024-04-10
17511,19,372,342,21,2022-06-03
17512,12,55,48,28,2022-09-01
17513,8,306,404,17,2022-05-28
17514,2,220,487,55,2022-11-08
17515,11,297,197,22,2023-09-10
17516,16,2,232,30,2022-06-04
17517,10,312,129,60,2024-11-06
17518,1,52,28,38,2022-01-30
17519,26,435,53,55,2025-08-31
17520,18,259,488,35,2023-12-06
17521,25,47,21,15,2022-04-29
17522,28,366,298,10,2022-06-27
17523,19,38,361,11,2024-10-09
17524,28,427,326,15,2022-08-09
17525,3,234,43,47,2023-05-08
17526,5,237,207,11,2023-01-25
17527,12,56,199,19,2023-02-08
17528,24,413,177,27,2022-02-26
17529,5,284,440,51,2023-10-16
17530,30,87,192,53,2024-04-23
17531,17,419,151,35,2022-08-04
17532,3,181,333,53,2023-07-06
17533,10,173,484,10,2023-12-29
17534,26,66666,438,37,2025-03-25
17535,10,100,481,50,2024-05-05
17536,15,216,260,17,2024-09-15
17537,24,353,339,42,2022-11-18
17538,6,368,217,30,2022-03-18
17539,4,175,434,19,2024-10-27
17540,26,365,273,13,2025-09-30
17541,12,448,393,31,2023-03-20
17542,28,248,212,23,2022-04-15
17543,6,377,500,41,2024-08-10
17544,14,75,496,29,2024-12-13
17545,8,108,29,33,2025-01-06
17546,5,54,193,18,2023-07-04
17547,28,142,415,41,2022-08-31
17548,22,269,321,11,2024-07-01
17549,7,208,48,16,2022-11-29
17550,22,409,154,15,2024-12-01
17551,22,450,113,48,2024-12-16
17552,27,109,4,29,2025-01-21
17553,29,174,145,21,2023-12-15
17554,26,261,481,20,2022-12-13
17555,8,17,217,35,2024-04-27
17556,29,230,165,39,2022-11-26
17557,25,141,309,31,2022-08-13
17558,6,359,379,51,2022-11-24
17559,5,85,233,59,2022-07-23
17560,4,203,265,43,2023-10-07
17561,5,298,102,18,2022-11-17
17562,5,201,197,12,2024-12-05
17563,14,192,283,31,2025-08-01
17564,27,396,93,59,2025-01-01
17565,8,93,108,27,2025-07-09
17566,2,155,186,33,2023-05-17
17567,2,37,140,13,2023-08-11
17568,21,253,49,52,2023-12-29
17569,5,375,165,55,2022-06-11
17570,6,333,409,11,2024-07-09
17571,29,228,500,12,2024-09-30
17572,25,23,281,26,2025-10-20
17573,1,158,335,59,2025-07-21
17574,8,387,298,39,2024-07-24
17575,14,2,350,22,2024-03-13
17576,30,267,76,41,2023-06-17
17577,30,316,55,26,2022-08-26
17578,5,27,377,17,2023-10-28
17579,22,138,478,43,2024-09-24
17580,28,305,341,27,2024-02-19
17581,8,201,437,56,2024-07-05
17582,24,244,493,47,2023-03-13
17583,2,86,110,30,2025-01-26
17584,17,245,85,40,2022-09-24
17585,19,192,136,57,2023-04-01
17586,10,153,316,30,2025-08-06
17587,19,146,201,59,2025-01-14
17588,24,217,111,57,2024-09-18
17589,20,213,28,59,2025-10-27
17590,10,25,461,29,2024-04-02
17591,4,130,164,46,2025-12-09
17592,6,306,395,36,2025-03-27
17593,21,117,226,37,2024-06-09
17594,15,254,43,58,2024-09-07
17595,24,441,313,13,2023-12-22
17596,25,158,161,23,2023-04-14
17597,27,157,400,51,2023-10-04
17598,21,81,47,48,2023-07-04
17599,23,42,72,17,2023-09-28
17600,5,346,472,19,2025-07-24
17601,24,431,95,34,2022-08-23
17602,16,197,45,12,2025-06-01
17603,26,135,490,42,2023-09-01
17604,25,128,93,33,2024-02-13
17605,7,280,386,48,2025-07-02
17606,23,431,114,58,2023-03-18
17607,16,229,234,31,2024-05-26
17608,19,327,410,19,2025-08-31
17609,20,54,212,38,2022-08-24
17610,27,230,267,21,2023-05-25
17611,17,40,-356,27,2022-11-09
17612,17,182,72,30,2023-05-18
17613,10,140,329,52,2024-07-18
17614,5,341,-406,37,2023-06-29
17615,2,430,269,33,2023-11-17
17616,12,184,299,57,2025-10-16
17617,14,70,482,41,2025-11-12
17618,20,210,396,26,2025-05-08
17619,3,33,94,45,2022-10-31
17620,23,412,454,36,2023-04-19
17621,2,429,105,27,2023-11-01
17622,27,433,139,19,2023-07-18
17623,19,419,59,18,2025-08-27
17624,13,80,415,24,2023-11-07
17625,9,83,366,15,2025-09-02
17626,29,246,77,59,2023-11-07
17627,15,436,117,58,2023-11-24
17628,16,206,137,42,2025-01-08
17629,1,305,214,32,2022-11-19
17630,7,32,203,38,2025-11-03
17631,9,215,236,13,2023-07-26
17632,15,189,26,14,2025-06-16
17633,14,283,264,12,2023-11-04
17634,19,209,114,27,2025-09-25
17635,3,141,59,59,2025-10-22
17636,13,348,69,34,2023-07-05
17637,6,386,494,44,2023-05-27
17638,11,317,311,56,2022-11-14
17639,9,34,250,35,2023-07-30
17640,5,191,462,34,2024-02-01
17641,8,262,445,23,2022-03-01
17642,25,383,207,47,2023-10-20
17643,5,407,234,29,2025-06-10
17644,1,294,238,44,2025-07-17
17645,7,384,485,35,2022-05-19
17646,20,144,-217,59,2022-12-15
17647,17,133,119,53,2025-06-07
17648,29,302,342,58,2023-12-04
17649,1,69,231,47,2023-05-23
17650,20,35,319,10,2025-07-31
17651,26,227,272,44,2025-05-31
17652,17,115,60,31,2025-07-27
17653,24,231,53,33,2025-06-25
17654,23,93,434,48,2024-01-09
17655,20,169,216,60,2022-09-11
17656,20,348,391,48,2023-01-26
17657,9,134,7,24,2025-08-09
17658,1,297,378,40,2022-01-23
17659,14,373,276,31,2023-03-28
17660,22,380,79,55,2023-03-09
17661,25,160,430,51,2023-03-22
17662,14,191,22,39,2022-11-30
17663,15,217,247,13,2025-03-20
17664,20,124,80,27,2025-04-18
17665,17,375,118,41,2024-04-19
17666,13,275,431,39,2025-10-31
17667,11,189,158,35,2025-03-24
17668,11,49,422,41,2024-06-27
17669,12,371,120,45,2024-09-15
17670,27,180,388,51,2022-08-22
17671,11,110,423,49,2023-04-20
17672,16,203,39,34,2024-12-19
17673,19,283,426,23,2025-05-10
17674,19,448,145,21,2024-10-11
17675,10,72,444,46,2024-09-27
17676,15,363,118,11,2024-01-10
17677,11,448,152,19,2025-04-19
17678,15,426,7,30,2025-07-18
17679,5,17,488,30,2023-01-03
17680,14,293,304,30,2023-01-21
17681,14,311,150,45,2022-01-10
17682,10,321,3,21,2022-12-04
17683,17,134,249,20,2023-08-17
17684,12,384,155,24,2025-06-21
17685,7,131,97,52,2023-07-12
17686,28,211,163,60,2022-07-10
17687,20,91,249,19,2025-06-18
17688,24,141,192,24,2024-12-03
17689,18,334,84,50,2022-02-28
17690,20,394,348,34,2025-07-19
17691,23,327,296,38,2024-03-08
17692,1,66666,447,34,2022-05-26
17693,5,66666,137,31,2022-06-19
17694,27,215,182,17,2024-01-08
17695,30,197,398,46,2024-06-07
17696,12,151,402,45,2024-05-29
17697,13,343,486,58,2024-10-16
17698,30,297,323,47,2024-05-25
17699,16,22,195,15,2022-01-26
17700,26,227,421,59,2024-10-05
17701,27,105,93,46,2022-08-15
17702,8,128,261,16,2022-02-06
17703,16,9,16,44,2023-09-16
17704,29,13,379,28,2022-08-30
17705,17,324,374,37,2023-03-28
17706,2,79,143,34,2022-07-08
17707,29,31,14,51,2022-01-10
17708,10,117,480,49,2022-12-03
17709,21,203,56,29,2025-09-29
17710,6,77,111,53,2024-10-24
17711,29,98,366,48,2022-04-04
17712,26,435,412,22,2024-05-28
17713,16,425,166,25,2024-10-18
17714,27,313,348,32,2024-02-27
17715,9,102,403,56,2022-04-15
17716,4,436,211,14,2024-12-25
17717,3,357,487,13,2025-03-15
17718,21,202,169,31,2024-04-10
17719,21,201,135,17,2022-07-14
17720,28,355,-458,23,2022-04-26
17721,4,134,69,12,2025-04-03
17722,10,388,381,34,2022-05-01
17723,15,61,70,16,2025-01-21
17724,28,405,120,41,2022-04-21
17725,29,66666,197,55,2023-12-26
17726,26,213,237,28,2023-11-11
17727,24,120,132,13,2024-07-01
17728,8,253,173,18,2024-12-15
17729,27,390,204,11,2022-06-27
17730,3,259,268,55,2022-10-26
17731,10,425,291,45,2024-11-05
17732,20,58,460,28,2025-10-11
17733,14,262,363,19,2023-09-06
17734,19,385,219,23,2024-02-25
17735,26,66666,346,56,2024-01-04
17736,25,213,67,14,2024-01-16
17737,28,307,315,56,2025-04-10
17738,19,397,428,51,2025-06-22
17739,10,286,96,14,2023-06-27
17740,19,382,434,34,2023-10-30
17741,6,416,168,35,2023-06-09
17742,21,370,69,21,2022-09-17
17743,4,251,366,17,2022-04-14
17744,3,415,374,55,2024-09-01
17745,1,244,352,32,2022-06-18
17746,16,422,376,54,2022-04-26
17747,28,301,367,40,2024-07-21
17748,1,83,21,46,2025-07-25
17749,24,448,255,57,2022-03-31
17750,10,304,498,58,2025-04-15
17751,1,301,138,15,2022-04-01
17752,19,30,314,11,2023-08-20
17753,16,57,470,22,2025-09-01
17754,27,70,443,14,2025-04-01
17755,24,66,140,26,2022-09-13
17756,13,133,42,31,2023-07-31
17757,8,387,297,44,2025-02-04
17758,3,261,373,34,2025-03-22
17759,11,88,158,29,2024-07-11
17760,12,374,135,41,2022-07-23
17761,17,411,390,12,2023-05-05
17762,27,234,285,22,2024-11-27
17763,25,185,181,16,2025-02-09
17764,1,367,315,33,2024-04-20
17765,21,320,401,55,2025-10-13
17766,2,166,488,44,2022-05-11
17767,27,147,292,59,2024-11-13
17768,19,145,0,57,2023-05-10
17769,19,197,60,52,2022-10-22
17770,9,183,27,46,2023-06-22
17771,29,91,220,46,2022-03-04
17772,21,79,286,31,2024-03-19
17773,1,153,197,49,2024-04-20
17774,4,62,39,53,2022-02-23
17775,30,345,397,42,2023-03-24
17776,10,322,477,35,2022-07-22
17777,30,401,232,33,2022-02-27
17778,19,53,146,33,2022-04-16
17779,14,209,286,11,2024-11-30
17780,21,94,22,38,2024-12-03
17781,6,159,74,57,2025-07-19
17782,29,450,73,38,2025-10-27
17783,1,400,322,50,2024-10-13
17784,25,422,178,20,2023-11-16
17785,2,240,457,21,2023-05-10
17786,11,107,116,12,2022-09-04
17787,13,358,323,11,2023-06-21
17788,10,349,208,41,2022-01-23
17789,3,66666,231,13,2023-06-10
17790,2,199,195,15,2023-06-22
17791,7,38,77,13,2023-02-15
17792,5,26,184,25,2024-11-17
17793,11,300,40,53,2024-04-14
17794,27,148,150,39,2022-01-15
17795,3,226,467,19,2022-11-12
17796,15,425,191,38,2024-01-31
17797,22,145,499,54,2022-10-19
17798,2,181,491,33,2023-10-03
17799,12,324,361,44,2024-06-27
17800,10,184,392,57,2022-01-03
17801,8,350,489,38,2025-06-06
17802,21,281,316,30,2024-10-20
17803,3,311,338,32,2022-08-17
17804,19,60,150,37,2022-12-09
17805,25,140,10,21,2022-03-11
17806,29,325,428,24,2025-09-24
17807,25,261,91,27,2022-12-30
17808,11,142,137,20,2025-12-01
17809,7,63,79,31,2024-02-13
17810,19,364,499,48,2022-08-30
17811,15,447,482,31,2024-11-27
17812,19,264,233,40,2022-08-07
17813,14,32,485,39,2025-04-09
17814,26,300,-375,17,2023-01-07
17815,28,325,207,42,2022-01-26
17816,4,104,409,48,2022-01-11
17817,3,12,228,21,2023-11-06
17818,7,386,219,57,2025-02-23
17819,8,324,92,12,2024-02-21
17820,7,267,10,56,2024-04-23
17821,3,285,434,22,2025-05-26
17822,11,69,237,14,2022-07-20
17823,2,35,200,14,2025-03-28
17824,6,257,496,56,2025-11-27
17825,5,198,273,52,2022-04-09
17826,17,176,269,13,2024-06-10
17827,24,413,134,39,2022-12-02
17828,15,132,409,47,2022-04-12
17829,27,103,185,13,2024-08-13
17830,1,327,29,45,2024-05-09
17831,16,118,65,58,2024-12-20
17832,23,432,367,22,2025-01-22
17833,28,125,77,26,2023-06-08
17834,28,91,41,49,2024-11-15
17835,22,238,58,33,2024-02-29
17836,15,399,144,52,2025-07-25
17837,21,368,56,32,2025-04-01
17838,14,47,375,22,2022-12-26
17839,30,132,107,45,2022-02-21
17840,7,265,412,24,2022-10-27
17841,19,248,101,12,2024-08-16
17842,24,23,330,33,2024-10-06
17843,7,388,442,31,2022-09-15
17844,22,426,373,29,2022-12-27
17845,12,170,92,13,2024-05-14
17846,22,71,298,46,2024-01-04
17847,16,324,492,52,2023-11-21
17848,13,113,213,36,2024-01-15
17849,20,401,316,40,2025-07-25
17850,26,346,385,54,2023-06-18
17851,6,243,300,29,2023-02-02
17852,28,352,112,50,2023-05-01
17853,29,381,246,19,2025-12-08
17854,20,441,63,36,2024-09-09
17855,21,151,127,46,2025-06-27
17856,21,250,66,55,2023-06-18
17857,25,242,385,45,2023-05-06
17858,25,85,294,25,2023-07-25
17859,12,66666,428,34,2025-01-12
17860,7,309,80,48,2025-09-21
17861,18,28,232,10,2023-10-14
17862,26,370,25,31,2022-03-09
17863,27,35,429,27,2024-03-20
17864,25,428,454,10,2023-12-27
17865,9,93,390,21,2024-02-17
17866,23,365,474,40,2023-03-31
17867,16,206,482,10,2022-07-07
17868,9,267,375,57,2024-07-11
17869,10,51,255,27,2023-07-07
17870,28,376,155,40,2023-07-21
17871,13,423,485,14,2025-07-14
17872,5,414,229,13,2025-09-15
17873,27,81,332,41,2025-10-27
17874,26,115,388,31,2022-06-19
17875,8,403,123,50,2023-02-09
17876,1,86,34,30,2023-02-24
17877,4,150,220,21,2025-10-29
17878,22,398,256,47,2023-03-26
17879,5,109,177,57,2024-05-17
17880,29,249,109,17,2024-08-19
17881,5,101,121,24,2024-12-15
17882,22,73,326,33,2025-07-18
17883,17,434,347,11,2025-09-13
17884,19,410,444,13,2025-05-15
17885,2,152,146,58,2024-09-10
17886,4,390,336,32,2022-08-23
17887,24,300,129,24,2025-01-27
17888,3,248,356,31,2024-02-02
17889,25,285,114,33,2023-04-03
17890,26,165,125,46,2022-03-26
17891,16,95,224,60,2024-10-10
17892,23,378,329,44,2023-12-17
17893,16,246,269,33,2022-03-10
17894,25,349,425,19,2024-12-23
17895,12,292,410,57,2023-07-03
17896,18,13,205,15,2023-04-09
17897,25,34,241,36,2023-08-18
17898,23,81,411,52,2022-06-06
17899,14,54,121,44,2023-12-23
17900,30,175,14,44,2023-04-24
17901,6,324,444,42,2022-03-21
17902,10,221,68,29,2022-04-06
17903,18,176,0,51,2023-03-16
17904,7,421,215,35,2022-04-14
17905,6,418,266,50,2022-12-14
17906,27,441,77,54,2025-01-06
17907,11,253,141,53,2022-04-16
17908,9,292,476,60,2022-11-12
17909,20,249,50,34,2023-09-01
17910,18,386,264,13,2024-09-09
17911,13,208,212,57,2023-07-28
17912,16,65,2,37,2022-09-02
17913,23,91,458,40,2022-12-15
17914,5,356,250,52,2025-05-20
17915,19,245,277,32,2024-02-16
17916,18,133,479,26,2025-08-21
17917,2,358,370,19,2025-09-24
17918,23,318,362,48,2023-12-19
17919,30,338,492,27,2022-07-04
17920,11,293,335,29,2024-03-19
17921,28,16,192,18,2023-06-30
17922,25,275,74,17,2024-06-17
17923,16,136,249,10,2022-12-23
17924,18,316,348,25,2022-08-30
17925,28,304,153,17,2024-01-08
17926,5,195,308,14,2023-03-20
17927,13,429,158,21,2023-06-06
17928,18,399,239,51,2025-06-27
17929,6,408,151,35,2024-01-29
17930,1,253,-305,27,2023-09-16
17931,26,165,-36,54,2022-08-13
17932,30,255,409,59,2023-06-09
17933,24,215,106,29,2022-04-18
17934,27,404,127,14,2024-02-21
17935,30,238,367,26,2022-04-25
17936,29,149,331,40,2024-04-24
17937,22,443,394,51,2025-09-04
17938,5,420,126,45,2023-07-06
17939,23,314,336,34,2025-04-26
17940,20,324,386,12,2024-07-26
17941,17,209,336,53,2024-08-12
17942,14,376,268,38,2024-04-01
17943,12,132,61,41,2022-08-06
17944,25,125,75,14,2022-11-06
17945,22,127,60,25,2025-01-10
17946,5,180,50,25,2024-09-12
17947,21,226,446,37,2023-09-10
17948,30,421,140,24,2024-07-12
17949,8,175,195,42,2024-01-01
17950,21,309,380,26,2025-06-24
17951,4,6,146,12,2023-04-28
17952,4,22,115,44,2025-06-24
17953,1,65,52,29,2024-01-30
17954,30,114,233,40,2024-09-14
17955,7,47,328,51,2024-10-20
17956,23,409,3,26,2025-12-26
17957,4,212,474,47,2022-02-13
17958,16,54,238,34,2023-11-03
17959,12,179,322,51,2025-01-17
17960,3,80,161,38,2022-01-15
17961,13,222,446,32,2025-07-25
17962,27,47,467,11,2023-10-04
17963,23,230,116,17,2022-04-06
17964,26,12,343,11,2024-06-29
17965,10,297,476,45,2023-11-21
17966,29,140,164,49,2024-04-23
17967,10,224,52,29,2024-11-30
17968,28,236,348,34,2025-09-17
17969,17,171,113,30,2023-08-01
17970,5,349,346,25,2025-07-12
17971,26,311,221,25,2023-10-29
17972,23,359,120,15,2025-03-30
17973,20,426,22,55,2024-02-20
17974,23,306,16,31,2022-07-12
17975,19,101,95,46,2025-07-16
17976,4,398,39,54,2022-06-13
17977,22,17,26,32,2025-12-17
17978,30,293,441,52,2022-06-01
17979,8,361,97,11,2025-06-21
17980,9,176,92,24,2022-12-15
17981,6,6,190,59,2023-07-03
17982,14,112,149,60,2022-02-11
17983,27,347,153,28,2024-10-18
17984,9,80,365,55,2022-10-12
17985,26,239,303,54,2024-08-18
17986,5,163,210,58,2025-12-08
17987,16,436,125,51,2024-01-11
17988,7,340,164,51,2022-01-02
17989,7,357,363,60,2022-11-22
17990,12,135,267,53,2024-05-24
17991,25,317,89,34,2023-03-31
17992,13,169,151,40,2022-10-07
17993,7,192,361,21,2023-03-15
17994,17,311,303,51,2022-10-12
17995,1,420,22,51,2025-04-03
17996,13,400,466,43,2022-07-19
17997,22,446,89,55,2025-08-11
17998,7,17,457,25,2023-07-27
17999,1,75,462,42,2025-04-14
18000,8,382,280,13,2023-01-10
